date,room,device,total_kwh,avg_power,max_power,avg_temperature,avg_humidity,active_readings,total_readings,usage_rate
2025-04-30,Bathroom,Heater,1.1582999999999999,193.04166666666666,2299.0,26.920833333333334,60.833333333333336,2,24,0.083
2025-04-30,Bathroom,Lights,0.0506,8.458333333333334,37.0,26.920833333333334,60.833333333333336,7,24,0.292
2025-04-30,Bedroom,AC,0.5948,99.125,1229.0,26.920833333333334,60.833333333333336,1,24,0.042
2025-04-30,Bedroom,Fan,0.0865,14.583333333333334,95.0,26.920833333333334,60.833333333333336,3,24,0.125
2025-04-30,Bedroom,Lights,0.0552,9.208333333333334,38.0,26.920833333333334,60.833333333333336,6,24,0.25
2025-04-30,Kitchen,Heater,0.5515,91.91666666666667,1976.0,26.920833333333334,60.833333333333336,1,24,0.042
2025-04-30,Kitchen,Lights,0.043500000000000004,7.25,33.0,26.920833333333334,60.833333333333336,5,24,0.208
2025-04-30,Living Room,AC,1.2786,213.08333333333334,1472.0,26.920833333333334,60.833333333333336,3,24,0.125
2025-04-30,Living Room,Fan,0.06359999999999999,10.791666666666666,77.0,26.920833333333334,60.833333333333336,2,24,0.083
2025-04-30,Living Room,Lights,0.034999999999999996,5.833333333333333,30.0,26.920833333333334,60.833333333333336,4,24,0.167
2025-04-30,Office,AC,1.3695,228.25,1654.0,26.920833333333334,60.833333333333336,3,24,0.125
2025-04-30,Office,Fan,0.0963,16.208333333333332,90.0,26.920833333333334,60.833333333333336,4,24,0.167
2025-04-30,Office,Lights,0.0332,5.541666666666667,36.0,26.920833333333334,60.833333333333336,5,24,0.208
2025-05-01,Bathroom,Heater,2.6627,110.94791666666667,2245.0,35.50833333333333,55.50729166666667,5,96,0.052
2025-05-01,Bathroom,Lights,0.0864,3.6041666666666665,36.0,35.50833333333333,55.50729166666667,9,96,0.094
2025-05-01,Bedroom,AC,7.0361,293.1666666666667,1799.0,35.50833333333333,55.50729166666667,17,96,0.177
2025-05-01,Bedroom,Fan,0.34709999999999996,14.645833333333334,98.0,35.50833333333333,55.50729166666667,13,96,0.135
2025-05-01,Bedroom,Lights,0.0975,4.0625,39.0,35.50833333333333,55.50729166666667,9,96,0.094
2025-05-01,Kitchen,Heater,1.7738,73.90625,2428.0,35.50833333333333,55.50729166666667,3,96,0.031
2025-05-01,Kitchen,Lights,0.084,3.5,40.0,35.50833333333333,55.50729166666667,6,96,0.062
2025-05-01,Living Room,AC,4.5836,190.97916666666666,1731.0,35.50833333333333,55.50729166666667,11,96,0.115
2025-05-01,Living Room,Fan,0.287,12.145833333333334,97.0,35.50833333333333,55.50729166666667,10,96,0.104
2025-05-01,Living Room,Lights,0.0697,2.90625,36.0,35.50833333333333,55.50729166666667,4,96,0.042
2025-05-01,Office,AC,4.2403,176.67708333333334,1794.0,35.50833333333333,55.50729166666667,9,96,0.094
2025-05-01,Office,Fan,0.2228,9.46875,95.0,35.50833333333333,55.50729166666667,6,96,0.062
2025-05-01,Office,Lights,0.1145,4.770833333333333,39.0,35.50833333333333,55.50729166666667,10,96,0.104
2025-05-02,Bathroom,Heater,1.1394,47.479166666666664,2053.0,35.62916666666667,55.137499999999996,2,96,0.021
2025-05-02,Bathroom,Lights,0.09659999999999999,4.020833333333333,39.0,35.62916666666667,55.137499999999996,8,96,0.083
2025-05-02,Bedroom,AC,5.1104,212.9375,1773.0,35.62916666666667,55.137499999999996,12,96,0.125
2025-05-02,Bedroom,Fan,0.3714,15.645833333333334,99.0,35.62916666666667,55.137499999999996,14,96,0.146
2025-05-02,Bedroom,Lights,0.0697,2.90625,30.0,35.62916666666667,55.137499999999996,5,96,0.052
2025-05-02,Kitchen,Heater,1.7407000000000001,72.53125,2133.0,35.62916666666667,55.137499999999996,3,96,0.031
2025-05-02,Kitchen,Lights,0.0698,2.90625,32.0,35.62916666666667,55.137499999999996,5,96,0.052
2025-05-02,Living Room,AC,4.2412,176.71875,1732.0,35.62916666666667,55.137499999999996,9,96,0.094
2025-05-02,Living Room,Fan,0.3326,14.041666666666666,97.0,35.62916666666667,55.137499999999996,11,96,0.115
2025-05-02,Living Room,Lights,0.105,4.385416666666667,36.0,35.62916666666667,55.137499999999996,11,96,0.115
2025-05-02,Office,AC,4.485,186.875,1667.0,35.62916666666667,55.137499999999996,10,96,0.104
2025-05-02,Office,Fan,0.2907,12.291666666666666,99.0,35.62916666666667,55.137499999999996,10,96,0.104
2025-05-02,Office,Lights,0.0864,3.6041666666666665,40.0,35.62916666666667,55.137499999999996,6,96,0.062
2025-05-03,Bathroom,Heater,1.6075000000000002,66.97916666666667,2117.0,35.49270833333333,55.79479166666667,3,96,0.031
2025-05-03,Bathroom,Lights,0.1118,4.65625,35.0,35.49270833333333,55.79479166666667,11,96,0.115
2025-05-03,Bedroom,AC,4.9041,204.34375,1781.0,35.49270833333333,55.79479166666667,11,96,0.115
2025-05-03,Bedroom,Fan,0.3219,13.583333333333334,98.0,35.49270833333333,55.79479166666667,12,96,0.125
2025-05-03,Bedroom,Lights,0.1286,5.354166666666667,40.0,35.49270833333333,55.79479166666667,13,96,0.135
2025-05-03,Kitchen,Heater,1.2845,53.520833333333336,2256.0,35.49270833333333,55.79479166666667,2,96,0.021
2025-05-03,Kitchen,Lights,0.0944,3.9375,39.0,35.49270833333333,55.79479166666667,7,96,0.073
2025-05-03,Living Room,AC,6.2975,262.3958333333333,1770.0,35.49270833333333,55.79479166666667,16,96,0.167
2025-05-03,Living Room,Fan,0.3121,13.1875,97.0,35.49270833333333,55.79479166666667,11,96,0.115
2025-05-03,Living Room,Lights,0.1244,5.1875,40.0,35.49270833333333,55.79479166666667,12,96,0.125
2025-05-03,Office,AC,5.7159,238.16666666666666,1753.0,35.49270833333333,55.79479166666667,13,96,0.135
2025-05-03,Office,Fan,0.4148,17.447916666666668,100.0,35.49270833333333,55.79479166666667,16,96,0.167
2025-05-03,Office,Lights,0.0943,3.9270833333333335,40.0,35.49270833333333,55.79479166666667,8,96,0.083
2025-05-04,Bathroom,Heater,1.0825,45.104166666666664,1868.0,35.686458333333334,55.362500000000004,2,96,0.021
2025-05-04,Bathroom,Lights,0.08,3.3333333333333335,35.0,35.686458333333334,55.362500000000004,6,96,0.062
2025-05-04,Bedroom,AC,3.8439,160.16666666666666,1519.0,35.686458333333334,55.362500000000004,9,96,0.094
2025-05-04,Bedroom,Fan,0.39289999999999997,16.541666666666668,99.0,35.686458333333334,55.362500000000004,14,96,0.146
2025-05-04,Bedroom,Lights,0.0905,3.7708333333333335,39.0,35.686458333333334,55.362500000000004,7,96,0.073
2025-05-04,Kitchen,Heater,2.3402,97.51041666666667,2401.0,35.686458333333334,55.362500000000004,4,96,0.042
2025-05-04,Kitchen,Lights,0.0835,3.4791666666666665,37.0,35.686458333333334,55.362500000000004,7,96,0.073
2025-05-04,Living Room,AC,5.1959,216.48958333333334,1773.0,35.686458333333334,55.362500000000004,11,96,0.115
2025-05-04,Living Room,Fan,0.3722,15.677083333333334,100.0,35.686458333333334,55.362500000000004,14,96,0.146
2025-05-04,Living Room,Lights,0.1054,4.385416666666667,40.0,35.686458333333334,55.362500000000004,8,96,0.083
2025-05-04,Office,AC,8.3052,346.0520833333333,1757.0,35.686458333333334,55.362500000000004,21,96,0.219
2025-05-04,Office,Fan,0.3016,12.75,95.0,35.686458333333334,55.362500000000004,10,96,0.104
2025-05-04,Office,Lights,0.1161,4.833333333333333,40.0,35.686458333333334,55.362500000000004,10,96,0.104
2025-05-05,Bathroom,Heater,1.975,82.29166666666667,2410.0,35.55416666666667,55.46666666666667,3,96,0.031
2025-05-05,Bathroom,Lights,0.089,3.7083333333333335,35.0,35.55416666666667,55.46666666666667,8,96,0.083
2025-05-05,Bedroom,AC,4.2148,175.61458333333334,1780.0,35.55416666666667,55.46666666666667,9,96,0.094
2025-05-05,Bedroom,Fan,0.3063,12.9375,96.0,35.55416666666667,55.46666666666667,10,96,0.104
2025-05-05,Bedroom,Lights,0.0795,3.3125,37.0,35.55416666666667,55.46666666666667,6,96,0.062
2025-05-05,Kitchen,Heater,1.6915,70.47916666666667,2209.0,35.55416666666667,55.46666666666667,3,96,0.031
2025-05-05,Kitchen,Lights,0.0617,2.5729166666666665,21.0,35.55416666666667,55.46666666666667,4,96,0.042
2025-05-05,Living Room,AC,4.6235,192.64583333333334,1788.0,35.55416666666667,55.46666666666667,10,96,0.104
2025-05-05,Living Room,Fan,0.3674,15.479166666666666,98.0,35.55416666666667,55.46666666666667,13,96,0.135
2025-05-05,Living Room,Lights,0.0838,3.4895833333333335,38.0,35.55416666666667,55.46666666666667,6,96,0.062
2025-05-05,Office,AC,4.9107,204.61458333333334,1741.0,35.55416666666667,55.46666666666667,11,96,0.115
2025-05-05,Office,Fan,0.23409999999999997,9.9375,99.0,35.55416666666667,55.46666666666667,7,96,0.073
2025-05-05,Office,Lights,0.079,3.2916666666666665,32.0,35.55416666666667,55.46666666666667,6,96,0.062
2025-05-06,Bathroom,Heater,2.7942,116.42708333333333,2368.0,35.48020833333333,56.00833333333333,5,96,0.052
2025-05-06,Bathroom,Lights,0.0788,3.28125,37.0,35.48020833333333,56.00833333333333,6,96,0.062
2025-05-06,Bedroom,AC,6.1545,256.4375,1711.0,35.48020833333333,56.00833333333333,15,96,0.156
2025-05-06,Bedroom,Fan,0.2625,11.114583333333334,91.0,35.48020833333333,56.00833333333333,8,96,0.083
2025-05-06,Bedroom,Lights,0.09759999999999999,4.0625,29.0,35.48020833333333,56.00833333333333,9,96,0.094
2025-05-06,Kitchen,Heater,2.4917,103.82291666666667,2491.0,35.48020833333333,56.00833333333333,4,96,0.042
2025-05-06,Kitchen,Lights,0.11610000000000001,4.833333333333333,40.0,35.48020833333333,56.00833333333333,9,96,0.094
2025-05-06,Living Room,AC,5.1708,215.44791666666666,1799.0,35.48020833333333,56.00833333333333,12,96,0.125
2025-05-06,Living Room,Fan,0.3538,14.90625,97.0,35.48020833333333,56.00833333333333,12,96,0.125
2025-05-06,Living Room,Lights,0.0716,2.9791666666666665,31.0,35.48020833333333,56.00833333333333,5,96,0.052
2025-05-06,Office,AC,6.7525,281.3541666666667,1783.0,35.48020833333333,56.00833333333333,16,96,0.167
2025-05-06,Office,Fan,0.3359,14.166666666666666,96.0,35.48020833333333,56.00833333333333,11,96,0.115
2025-05-06,Office,Lights,0.0747,3.1145833333333335,38.0,35.48020833333333,56.00833333333333,6,96,0.062
2025-05-07,Bathroom,Heater,1.2105,50.4375,2276.0,35.59583333333333,55.525,2,96,0.021
2025-05-07,Bathroom,Lights,0.0919,3.8333333333333335,37.0,35.59583333333333,55.525,8,96,0.083
2025-05-07,Bedroom,AC,5.4292,226.21875,1731.0,35.59583333333333,55.525,13,96,0.135
2025-05-07,Bedroom,Fan,0.3583,15.09375,96.0,35.59583333333333,55.525,13,96,0.135
2025-05-07,Bedroom,Lights,0.0829,3.4479166666666665,36.0,35.59583333333333,55.525,8,96,0.083
2025-05-07,Kitchen,Heater,1.7862,74.42708333333333,2434.0,35.59583333333333,55.525,3,96,0.031
2025-05-07,Kitchen,Lights,0.0809,3.375,36.0,35.59583333333333,55.525,5,96,0.052
2025-05-07,Living Room,AC,4.0876,170.3125,1769.0,35.59583333333333,55.525,8,96,0.083
2025-05-07,Living Room,Fan,0.39949999999999997,16.822916666666668,98.0,35.59583333333333,55.525,16,96,0.167
2025-05-07,Living Room,Lights,0.083,3.4583333333333335,40.0,35.59583333333333,55.525,6,96,0.062
2025-05-07,Office,AC,6.5865,274.4479166666667,1714.0,35.59583333333333,55.525,17,96,0.177
2025-05-07,Office,Fan,0.3474,14.65625,99.0,35.59583333333333,55.525,12,96,0.125
2025-05-07,Office,Lights,0.0868,3.6145833333333335,40.0,35.59583333333333,55.525,6,96,0.062
2025-05-08,Bathroom,Heater,2.007,83.625,1935.0,35.577083333333334,55.38645833333334,4,96,0.042
2025-05-08,Bathroom,Lights,0.0865,3.6041666666666665,37.0,35.577083333333334,55.38645833333334,7,96,0.073
2025-05-08,Bedroom,AC,4.3471,181.125,1783.0,35.577083333333334,55.38645833333334,9,96,0.094
2025-05-08,Bedroom,Fan,0.1788,7.645833333333333,100.0,35.577083333333334,55.38645833333334,3,96,0.031
2025-05-08,Bedroom,Lights,0.1091,4.541666666666667,40.0,35.577083333333334,55.38645833333334,9,96,0.094
2025-05-08,Kitchen,Heater,1.3477,56.15625,2401.0,35.577083333333334,55.38645833333334,2,96,0.021
2025-05-08,Kitchen,Lights,0.0683,2.84375,37.0,35.577083333333334,55.38645833333334,3,96,0.031
2025-05-08,Living Room,AC,6.1958,258.15625,1700.0,35.577083333333334,55.38645833333334,15,96,0.156
2025-05-08,Living Room,Fan,0.3475,14.65625,100.0,35.577083333333334,55.38645833333334,12,96,0.125
2025-05-08,Living Room,Lights,0.07970000000000001,3.3229166666666665,32.0,35.577083333333334,55.38645833333334,8,96,0.083
2025-05-08,Office,AC,6.1252,255.21875,1746.0,35.577083333333334,55.38645833333334,15,96,0.156
2025-05-08,Office,Fan,0.3405,14.364583333333334,100.0,35.577083333333334,55.38645833333334,11,96,0.115
2025-05-08,Office,Lights,0.0738,3.0729166666666665,39.0,35.577083333333334,55.38645833333334,4,96,0.042
2025-05-09,Bathroom,Heater,1.6698,69.57291666666667,2067.0,35.61354166666667,55.682291666666664,3,96,0.031
2025-05-09,Bathroom,Lights,0.0908,3.78125,38.0,35.61354166666667,55.682291666666664,7,96,0.073
2025-05-09,Bedroom,AC,6.3098,262.90625,1665.0,35.61354166666667,55.682291666666664,16,96,0.167
2025-05-09,Bedroom,Fan,0.33299999999999996,14.052083333333334,100.0,35.61354166666667,55.682291666666664,11,96,0.115
2025-05-09,Bedroom,Lights,0.0774,3.2291666666666665,38.0,35.61354166666667,55.682291666666664,6,96,0.062
2025-05-09,Kitchen,Heater,2.5456,106.0625,2499.0,35.61354166666667,55.682291666666664,4,96,0.042
2025-05-09,Kitchen,Lights,0.1164,4.84375,40.0,35.61354166666667,55.682291666666664,10,96,0.104
2025-05-09,Living Room,AC,5.5271,230.29166666666666,1709.0,35.61354166666667,55.682291666666664,13,96,0.135
2025-05-09,Living Room,Fan,0.2838,12.0,85.0,35.61354166666667,55.682291666666664,10,96,0.104
2025-05-09,Living Room,Lights,0.0777,3.2395833333333335,33.0,35.61354166666667,55.682291666666664,6,96,0.062
2025-05-09,Office,AC,5.6961,237.34375,1761.0,35.61354166666667,55.682291666666664,13,96,0.135
2025-05-09,Office,Fan,0.40349999999999997,16.989583333333332,98.0,35.61354166666667,55.682291666666664,15,96,0.156
2025-05-09,Office,Lights,0.0936,3.8958333333333335,36.0,35.61354166666667,55.682291666666664,8,96,0.083
2025-05-10,Bathroom,Heater,1.1985000000000001,49.9375,2196.0,35.717708333333334,55.01354166666667,2,96,0.021
2025-05-10,Bathroom,Lights,0.0747,3.1145833333333335,33.0,35.717708333333334,55.01354166666667,5,96,0.052
2025-05-10,Bedroom,AC,8.9392,372.4583333333333,1769.0,35.717708333333334,55.01354166666667,23,96,0.24
2025-05-10,Bedroom,Fan,0.316,13.333333333333334,99.0,35.717708333333334,55.01354166666667,10,96,0.104
2025-05-10,Bedroom,Lights,0.086,3.5833333333333335,37.0,35.717708333333334,55.01354166666667,8,96,0.083
2025-05-10,Kitchen,Heater,2.1778,90.73958333333333,2300.0,35.717708333333334,55.01354166666667,4,96,0.042
2025-05-10,Kitchen,Lights,0.074,3.0833333333333335,40.0,35.717708333333334,55.01354166666667,4,96,0.042
2025-05-10,Living Room,AC,5.9601999999999995,248.34375,1791.0,35.717708333333334,55.01354166666667,14,96,0.146
2025-05-10,Living Room,Fan,0.3287,13.875,98.0,35.717708333333334,55.01354166666667,12,96,0.125
2025-05-10,Living Room,Lights,0.0863,3.59375,37.0,35.717708333333334,55.01354166666667,6,96,0.062
2025-05-10,Office,AC,6.8466,285.28125,1733.0,35.717708333333334,55.01354166666667,18,96,0.188
2025-05-10,Office,Fan,0.4021,16.916666666666668,100.0,35.717708333333334,55.01354166666667,15,96,0.156
2025-05-10,Office,Lights,0.0919,3.8229166666666665,31.0,35.717708333333334,55.01354166666667,10,96,0.104
2025-05-11,Bathroom,Heater,1.3542,56.427083333333336,2425.0,35.442708333333336,55.92916666666667,2,96,0.021
2025-05-11,Bathroom,Lights,0.0713,2.96875,33.0,35.442708333333336,55.92916666666667,5,96,0.052
2025-05-11,Bedroom,AC,6.91,287.9166666666667,1741.0,35.442708333333336,55.92916666666667,17,96,0.177
2025-05-11,Bedroom,Fan,0.3925,16.520833333333332,100.0,35.442708333333336,55.92916666666667,14,96,0.146
2025-05-11,Bedroom,Lights,0.0927,3.8645833333333335,36.0,35.442708333333336,55.92916666666667,8,96,0.083
2025-05-11,Kitchen,Heater,1.3982999999999999,58.260416666666664,2451.0,35.442708333333336,55.92916666666667,2,96,0.021
2025-05-11,Kitchen,Lights,0.0702,2.9270833333333335,28.0,35.442708333333336,55.92916666666667,5,96,0.052
2025-05-11,Living Room,AC,7.4371,309.8854166666667,1795.0,35.442708333333336,55.92916666666667,20,96,0.208
2025-05-11,Living Room,Fan,0.3036,12.833333333333334,100.0,35.442708333333336,55.92916666666667,10,96,0.104
2025-05-11,Living Room,Lights,0.1239,5.15625,38.0,35.442708333333336,55.92916666666667,12,96,0.125
2025-05-11,Office,AC,7.3728,307.1979166666667,1715.0,35.442708333333336,55.92916666666667,19,96,0.198
2025-05-11,Office,Fan,0.4037,16.989583333333332,97.0,35.442708333333336,55.92916666666667,15,96,0.156
2025-05-11,Office,Lights,0.0818,3.4166666666666665,30.0,35.442708333333336,55.92916666666667,8,96,0.083
2025-05-12,Bathroom,Heater,1.5964,66.52083333333333,2102.0,35.581250000000004,55.11145833333333,3,96,0.031
2025-05-12,Bathroom,Lights,0.06760000000000001,2.8125,35.0,35.581250000000004,55.11145833333333,4,96,0.042
2025-05-12,Bedroom,AC,5.2289,217.875,1699.0,35.581250000000004,55.11145833333333,12,96,0.125
2025-05-12,Bedroom,Fan,0.3804,16.020833333333332,95.0,35.581250000000004,55.11145833333333,15,96,0.156
2025-05-12,Bedroom,Lights,0.1196,4.979166666666667,40.0,35.581250000000004,55.11145833333333,12,96,0.125
2025-05-12,Kitchen,Heater,2.488,103.66666666666667,2500.0,35.581250000000004,55.11145833333333,4,96,0.042
2025-05-12,Kitchen,Lights,0.0617,2.5729166666666665,22.0,35.581250000000004,55.11145833333333,3,96,0.031
2025-05-12,Living Room,AC,4.0008,166.69791666666666,1771.0,35.581250000000004,55.11145833333333,8,96,0.083
2025-05-12,Living Room,Fan,0.296,12.510416666666666,100.0,35.581250000000004,55.11145833333333,9,96,0.094
2025-05-12,Living Room,Lights,0.0896,3.7291666666666665,39.0,35.581250000000004,55.11145833333333,8,96,0.083
2025-05-12,Office,AC,6.3159,263.1666666666667,1791.0,35.581250000000004,55.11145833333333,15,96,0.156
2025-05-12,Office,Fan,0.4936,20.71875,99.0,35.581250000000004,55.11145833333333,20,96,0.208
2025-05-12,Office,Lights,0.065,2.7083333333333335,39.0,35.581250000000004,55.11145833333333,3,96,0.031
2025-05-13,Bathroom,Heater,1.1767,49.03125,1981.0,35.583333333333336,55.78333333333333,2,96,0.021
2025-05-13,Bathroom,Lights,0.0696,2.8958333333333335,38.0,35.583333333333336,55.78333333333333,4,96,0.042
2025-05-13,Bedroom,AC,4.2686,177.86458333333334,1781.0,35.583333333333336,55.78333333333333,9,96,0.094
2025-05-13,Bedroom,Fan,0.3445,14.53125,94.0,35.583333333333336,55.78333333333333,12,96,0.125
2025-05-13,Bedroom,Lights,0.08020000000000001,3.34375,37.0,35.583333333333336,55.78333333333333,5,96,0.052
2025-05-13,Kitchen,Heater,2.9476999999999998,122.82291666666667,1912.0,35.583333333333336,55.78333333333333,6,96,0.062
2025-05-13,Kitchen,Lights,0.107,4.458333333333333,39.0,35.583333333333336,55.78333333333333,11,96,0.115
2025-05-13,Living Room,AC,4.7618,198.41666666666666,1738.0,35.583333333333336,55.78333333333333,11,96,0.115
2025-05-13,Living Room,Fan,0.3323,14.020833333333334,100.0,35.583333333333336,55.78333333333333,11,96,0.115
2025-05-13,Living Room,Lights,0.0831,3.4583333333333335,31.0,35.583333333333336,55.78333333333333,6,96,0.062
2025-05-13,Office,AC,5.6462,235.26041666666666,1701.0,35.583333333333336,55.78333333333333,14,96,0.146
2025-05-13,Office,Fan,0.28709999999999997,12.145833333333334,92.0,35.583333333333336,55.78333333333333,9,96,0.094
2025-05-13,Office,Lights,0.1038,4.322916666666667,40.0,35.583333333333336,55.78333333333333,9,96,0.094
2025-05-14,Bathroom,Heater,0.24,10.0,10.0,35.534375000000004,55.665625,0,96,0.0
2025-05-14,Bathroom,Lights,0.0616,2.5625,39.0,35.534375000000004,55.665625,2,96,0.021
2025-05-14,Bedroom,AC,5.2617,219.23958333333334,1771.0,35.534375000000004,55.665625,12,96,0.125
2025-05-14,Bedroom,Fan,0.25689999999999996,10.885416666666666,91.0,35.534375000000004,55.665625,8,96,0.083
2025-05-14,Bedroom,Lights,0.0908,3.78125,40.0,35.534375000000004,55.665625,6,96,0.062
2025-05-14,Kitchen,Heater,1.3878,57.822916666666664,2331.0,35.534375000000004,55.665625,2,96,0.021
2025-05-14,Kitchen,Lights,0.1032,4.302083333333333,40.0,35.534375000000004,55.665625,8,96,0.083
2025-05-14,Living Room,AC,5.5411,230.875,1787.0,35.534375000000004,55.665625,12,96,0.125
2025-05-14,Living Room,Fan,0.34299999999999997,14.458333333333334,99.0,35.534375000000004,55.665625,12,96,0.125
2025-05-14,Living Room,Lights,0.1042,4.34375,37.0,35.534375000000004,55.665625,9,96,0.094
2025-05-14,Office,AC,5.4036,225.15625,1780.0,35.534375000000004,55.665625,12,96,0.125
2025-05-14,Office,Fan,0.39399999999999996,16.572916666666668,99.0,35.534375000000004,55.665625,14,96,0.146
2025-05-14,Office,Lights,0.0693,2.8854166666666665,30.0,35.534375000000004,55.665625,4,96,0.042
2025-05-15,Bathroom,Heater,1.299,54.125,2194.0,35.71666666666667,55.588541666666664,2,96,0.021
2025-05-15,Bathroom,Lights,0.1026,4.28125,40.0,35.71666666666667,55.588541666666664,7,96,0.073
2025-05-15,Bedroom,AC,4.0831,170.13541666666666,1750.0,35.71666666666667,55.588541666666664,9,96,0.094
2025-05-15,Bedroom,Fan,0.2369,10.052083333333334,95.0,35.71666666666667,55.588541666666664,7,96,0.073
2025-05-15,Bedroom,Lights,0.1082,4.510416666666667,40.0,35.71666666666667,55.588541666666664,11,96,0.115
2025-05-15,Kitchen,Heater,2.6735,111.39583333333333,2394.0,35.71666666666667,55.588541666666664,5,96,0.052
2025-05-15,Kitchen,Lights,0.0703,2.9270833333333335,39.0,35.71666666666667,55.588541666666664,3,96,0.031
2025-05-15,Living Room,AC,5.4277,226.15625,1800.0,35.71666666666667,55.588541666666664,12,96,0.125
2025-05-15,Living Room,Fan,0.2645,11.208333333333334,89.0,35.71666666666667,55.588541666666664,8,96,0.083
2025-05-15,Living Room,Lights,0.11309999999999999,4.708333333333333,40.0,35.71666666666667,55.588541666666664,11,96,0.115
2025-05-15,Office,AC,5.2421,218.41666666666666,1669.0,35.71666666666667,55.588541666666664,12,96,0.125
2025-05-15,Office,Fan,0.3031,12.8125,98.0,35.71666666666667,55.588541666666664,9,96,0.094
2025-05-15,Office,Lights,0.1049,4.375,36.0,35.71666666666667,55.588541666666664,11,96,0.115
2025-05-16,Bathroom,Heater,2.6812,111.71875,2341.0,35.514583333333334,55.109375,5,96,0.052
2025-05-16,Bathroom,Lights,0.0805,3.3645833333333335,33.0,35.514583333333334,55.109375,6,96,0.062
2025-05-16,Bedroom,AC,5.8379,243.25,1798.0,35.514583333333334,55.109375,14,96,0.146
2025-05-16,Bedroom,Fan,0.4024,16.9375,100.0,35.514583333333334,55.109375,15,96,0.156
2025-05-16,Bedroom,Lights,0.093,3.875,40.0,35.514583333333334,55.109375,8,96,0.083
2025-05-16,Kitchen,Heater,0.8115,33.8125,2296.0,35.514583333333334,55.109375,1,96,0.01
2025-05-16,Kitchen,Lights,0.0674,2.8125,37.0,35.514583333333334,55.109375,3,96,0.031
2025-05-16,Living Room,AC,5.7898,241.25,1768.0,35.514583333333334,55.109375,13,96,0.135
2025-05-16,Living Room,Fan,0.352,14.84375,99.0,35.514583333333334,55.109375,12,96,0.125
2025-05-16,Living Room,Lights,0.098,4.083333333333333,32.0,35.514583333333334,55.109375,10,96,0.104
2025-05-16,Office,AC,5.7458,239.40625,1788.0,35.514583333333334,55.109375,14,96,0.146
2025-05-16,Office,Fan,0.2458,10.427083333333334,99.0,35.514583333333334,55.109375,7,96,0.073
2025-05-16,Office,Lights,0.0767,3.1875,32.0,35.514583333333334,55.109375,6,96,0.062
2025-05-17,Bathroom,Heater,0.7885000000000001,32.854166666666664,2204.0,35.704166666666666,55.72604166666667,1,96,0.01
2025-05-17,Bathroom,Lights,0.0874,3.6458333333333335,36.0,35.704166666666666,55.72604166666667,6,96,0.062
2025-05-17,Bedroom,AC,6.8454,285.21875,1760.0,35.704166666666666,55.72604166666667,18,96,0.188
2025-05-17,Bedroom,Fan,0.3974,16.729166666666668,98.0,35.704166666666666,55.72604166666667,15,96,0.156
2025-05-17,Bedroom,Lights,0.1092,4.552083333333333,39.0,35.704166666666666,55.72604166666667,8,96,0.083
2025-05-17,Kitchen,Heater,2.5292,105.38541666666667,2146.0,35.704166666666666,55.72604166666667,5,96,0.052
2025-05-17,Kitchen,Lights,0.1149,4.791666666666667,38.0,35.704166666666666,55.72604166666667,10,96,0.104
2025-05-17,Living Room,AC,8.259500000000001,344.1458333333333,1744.0,35.704166666666666,55.72604166666667,21,96,0.219
2025-05-17,Living Room,Fan,0.3777,15.90625,100.0,35.704166666666666,55.72604166666667,14,96,0.146
2025-05-17,Living Room,Lights,0.1065,4.427083333333333,35.0,35.704166666666666,55.72604166666667,10,96,0.104
2025-05-17,Office,AC,6.936,289.0,1781.0,35.704166666666666,55.72604166666667,18,96,0.188
2025-05-17,Office,Fan,0.3132,13.229166666666666,97.0,35.704166666666666,55.72604166666667,11,96,0.115
2025-05-17,Office,Lights,0.0808,3.3645833333333335,39.0,35.704166666666666,55.72604166666667,5,96,0.052
2025-05-18,Bathroom,Heater,0.24,10.0,10.0,35.57083333333333,55.536458333333336,0,96,0.0
2025-05-18,Bathroom,Lights,0.0956,3.9791666666666665,36.0,35.57083333333333,55.536458333333336,9,96,0.094
2025-05-18,Bedroom,AC,8.5805,357.5104166666667,1788.0,35.57083333333333,55.536458333333336,22,96,0.229
2025-05-18,Bedroom,Fan,0.39289999999999997,16.541666666666668,100.0,35.57083333333333,55.536458333333336,15,96,0.156
2025-05-18,Bedroom,Lights,0.1017,4.239583333333333,40.0,35.57083333333333,55.536458333333336,9,96,0.094
2025-05-18,Kitchen,Heater,0.24,10.0,10.0,35.57083333333333,55.536458333333336,0,96,0.0
2025-05-18,Kitchen,Lights,0.1239,5.15625,40.0,35.57083333333333,55.536458333333336,13,96,0.135
2025-05-18,Living Room,AC,6.6808,278.375,1755.0,35.57083333333333,55.536458333333336,17,96,0.177
2025-05-18,Living Room,Fan,0.348,14.677083333333334,99.0,35.57083333333333,55.536458333333336,13,96,0.135
2025-05-18,Living Room,Lights,0.0855,3.5625,34.0,35.57083333333333,55.536458333333336,7,96,0.073
2025-05-18,Office,AC,7.5121,313.0104166666667,1782.0,35.57083333333333,55.536458333333336,19,96,0.198
2025-05-18,Office,Fan,0.4283,18.010416666666668,100.0,35.57083333333333,55.536458333333336,17,96,0.177
2025-05-18,Office,Lights,0.0713,2.96875,28.0,35.57083333333333,55.536458333333336,5,96,0.052
2025-05-19,Bathroom,Heater,2.2767,94.86458333333333,2324.0,35.356249999999996,55.86666666666667,4,96,0.042
2025-05-19,Bathroom,Lights,0.0834,3.46875,31.0,35.356249999999996,55.86666666666667,7,96,0.073
2025-05-19,Bedroom,AC,6.7539,281.40625,1735.0,35.356249999999996,55.86666666666667,17,96,0.177
2025-05-19,Bedroom,Fan,0.27749999999999997,11.739583333333334,99.0,35.356249999999996,55.86666666666667,9,96,0.094
2025-05-19,Bedroom,Lights,0.081,3.375,35.0,35.356249999999996,55.86666666666667,5,96,0.052
2025-05-19,Kitchen,Heater,1.1382999999999999,47.427083333333336,2046.0,35.356249999999996,55.86666666666667,2,96,0.021
2025-05-19,Kitchen,Lights,0.1131,4.708333333333333,40.0,35.356249999999996,55.86666666666667,9,96,0.094
2025-05-19,Living Room,AC,5.5443,231.01041666666666,1785.0,35.356249999999996,55.86666666666667,12,96,0.125
2025-05-19,Living Room,Fan,0.2632,11.145833333333334,99.0,35.356249999999996,55.86666666666667,8,96,0.083
2025-05-19,Living Room,Lights,0.0885,3.6875,28.0,35.356249999999996,55.86666666666667,10,96,0.104
2025-05-19,Office,AC,6.7868,282.7916666666667,1682.0,35.356249999999996,55.86666666666667,17,96,0.177
2025-05-19,Office,Fan,0.3193,13.489583333333334,100.0,35.356249999999996,55.86666666666667,11,96,0.115
2025-05-19,Office,Lights,0.0989,4.114583333333333,35.0,35.356249999999996,55.86666666666667,8,96,0.083
2025-05-20,Bathroom,Heater,1.8947,78.94791666666667,2476.0,35.540625,55.37291666666667,3,96,0.031
2025-05-20,Bathroom,Lights,0.0834,3.4791666666666665,37.0,35.540625,55.37291666666667,5,96,0.052
2025-05-20,Bedroom,AC,5.0442,210.17708333333334,1796.0,35.540625,55.37291666666667,12,96,0.125
2025-05-20,Bedroom,Fan,0.2602,11.03125,100.0,35.540625,55.37291666666667,8,96,0.083
2025-05-20,Bedroom,Lights,0.0678,2.8229166666666665,35.0,35.540625,55.37291666666667,5,96,0.052
2025-05-20,Kitchen,Heater,2.852,118.83333333333333,2405.0,35.540625,55.37291666666667,5,96,0.052
2025-05-20,Kitchen,Lights,0.0817,3.40625,39.0,35.540625,55.37291666666667,6,96,0.062
2025-05-20,Living Room,AC,5.5008,229.19791666666666,1783.0,35.540625,55.37291666666667,12,96,0.125
2025-05-20,Living Room,Fan,0.3343,14.104166666666666,98.0,35.540625,55.37291666666667,12,96,0.125
2025-05-20,Living Room,Lights,0.09759999999999999,4.0625,29.0,35.540625,55.37291666666667,11,96,0.115
2025-05-20,Office,AC,6.3295,263.7395833333333,1792.0,35.540625,55.37291666666667,15,96,0.156
2025-05-20,Office,Fan,0.417,17.541666666666668,100.0,35.540625,55.37291666666667,15,96,0.156
2025-05-20,Office,Lights,0.0915,3.8125,37.0,35.540625,55.37291666666667,9,96,0.094
2025-05-21,Bathroom,Heater,2.2364,93.1875,2181.0,35.62916666666667,55.709375,4,96,0.042
2025-05-21,Bathroom,Lights,0.1047,4.364583333333333,40.0,35.62916666666667,55.709375,10,96,0.104
2025-05-21,Bedroom,AC,5.7197000000000005,238.32291666666666,1750.0,35.62916666666667,55.709375,13,96,0.135
2025-05-21,Bedroom,Fan,0.2601,11.020833333333334,98.0,35.62916666666667,55.709375,8,96,0.083
2025-05-21,Bedroom,Lights,0.0945,3.9375,40.0,35.62916666666667,55.709375,9,96,0.094
2025-05-21,Kitchen,Heater,0.6493,27.052083333333332,1647.0,35.62916666666667,55.709375,1,96,0.01
2025-05-21,Kitchen,Lights,0.12090000000000001,5.041666666666667,40.0,35.62916666666667,55.709375,11,96,0.115
2025-05-21,Living Room,AC,5.9181,246.59375,1759.0,35.62916666666667,55.709375,14,96,0.146
2025-05-21,Living Room,Fan,0.3746,15.78125,97.0,35.62916666666667,55.709375,13,96,0.135
2025-05-21,Living Room,Lights,0.0905,3.7708333333333335,38.0,35.62916666666667,55.709375,8,96,0.083
2025-05-21,Office,AC,6.6817,278.3958333333333,1772.0,35.62916666666667,55.709375,16,96,0.167
2025-05-21,Office,Fan,0.3065,12.958333333333334,99.0,35.62916666666667,55.709375,10,96,0.104
2025-05-21,Office,Lights,0.1197,4.989583333333333,37.0,35.62916666666667,55.709375,12,96,0.125
2025-05-22,Bathroom,Heater,1.8992,79.13541666666667,2358.0,35.41041666666667,55.16458333333333,3,96,0.031
2025-05-22,Bathroom,Lights,0.07730000000000001,3.21875,38.0,35.41041666666667,55.16458333333333,5,96,0.052
2025-05-22,Bedroom,AC,3.8647,161.03125,1742.0,35.41041666666667,55.16458333333333,8,96,0.083
2025-05-22,Bedroom,Fan,0.26389999999999997,11.177083333333334,94.0,35.41041666666667,55.16458333333333,8,96,0.083
2025-05-22,Bedroom,Lights,0.0677,2.8229166666666665,25.0,35.41041666666667,55.16458333333333,4,96,0.042
2025-05-22,Kitchen,Heater,0.24,10.0,10.0,35.41041666666667,55.16458333333333,0,96,0.0
2025-05-22,Kitchen,Lights,0.1073,4.46875,36.0,35.41041666666667,55.16458333333333,9,96,0.094
2025-05-22,Living Room,AC,4.0875,170.3125,1593.0,35.41041666666667,55.16458333333333,9,96,0.094
2025-05-22,Living Room,Fan,0.2565,10.875,100.0,35.41041666666667,55.16458333333333,8,96,0.083
2025-05-22,Living Room,Lights,0.0903,3.7604166666666665,35.0,35.41041666666667,55.16458333333333,7,96,0.073
2025-05-22,Office,AC,7.2703,302.9375,1725.0,35.41041666666667,55.16458333333333,19,96,0.198
2025-05-22,Office,Fan,0.305,12.895833333333334,97.0,35.41041666666667,55.16458333333333,10,96,0.104
2025-05-22,Office,Lights,0.0748,3.1145833333333335,36.0,35.41041666666667,55.16458333333333,6,96,0.062
2025-05-23,Bathroom,Heater,2.1141,88.08333333333333,2333.0,35.415625,55.10104166666667,4,96,0.042
2025-05-23,Bathroom,Lights,0.096,4.0,37.0,35.415625,55.10104166666667,7,96,0.073
2025-05-23,Bedroom,AC,4.1471,172.80208333333334,1609.0,35.415625,55.10104166666667,9,96,0.094
2025-05-23,Bedroom,Fan,0.2834,12.0,100.0,35.415625,55.10104166666667,9,96,0.094
2025-05-23,Bedroom,Lights,0.0929,3.8645833333333335,35.0,35.415625,55.10104166666667,6,96,0.062
2025-05-23,Kitchen,Heater,0.24,10.0,10.0,35.415625,55.10104166666667,0,96,0.0
2025-05-23,Kitchen,Lights,0.0899,3.7395833333333335,39.0,35.415625,55.10104166666667,6,96,0.062
2025-05-23,Living Room,AC,5.9396,247.47916666666666,1739.0,35.415625,55.10104166666667,14,96,0.146
2025-05-23,Living Room,Fan,0.2677,11.333333333333334,92.0,35.415625,55.10104166666667,9,96,0.094
2025-05-23,Living Room,Lights,0.0765,3.1875,38.0,35.415625,55.10104166666667,6,96,0.062
2025-05-23,Office,AC,4.6901,195.42708333333334,1799.0,35.415625,55.10104166666667,10,96,0.104
2025-05-23,Office,Fan,0.366,15.427083333333334,97.0,35.415625,55.10104166666667,13,96,0.135
2025-05-23,Office,Lights,0.0625,2.6041666666666665,20.0,35.415625,55.10104166666667,4,96,0.042
2025-05-24,Bathroom,Heater,1.5211999999999999,63.385416666666664,2033.0,35.521875,55.48854166666666,3,96,0.031
2025-05-24,Bathroom,Lights,0.1068,4.447916666666667,33.0,35.521875,55.48854166666666,11,96,0.115
2025-05-24,Bedroom,AC,6.0197,250.82291666666666,1744.0,35.521875,55.48854166666666,14,96,0.146
2025-05-24,Bedroom,Fan,0.46849999999999997,19.677083333333332,100.0,35.521875,55.48854166666666,19,96,0.198
2025-05-24,Bedroom,Lights,0.1074,4.479166666666667,38.0,35.521875,55.48854166666666,10,96,0.104
2025-05-24,Kitchen,Heater,0.752,31.333333333333332,2058.0,35.521875,55.48854166666666,1,96,0.01
2025-05-24,Kitchen,Lights,0.08120000000000001,3.3854166666666665,34.0,35.521875,55.48854166666666,6,96,0.062
2025-05-24,Living Room,AC,6.6405,276.6875,1740.0,35.521875,55.48854166666666,15,96,0.156
2025-05-24,Living Room,Fan,0.4475,18.8125,100.0,35.521875,55.48854166666666,18,96,0.188
2025-05-24,Living Room,Lights,0.1362,5.677083333333333,40.0,35.521875,55.48854166666666,12,96,0.125
2025-05-24,Office,AC,6.5933,274.71875,1659.0,35.521875,55.48854166666666,17,96,0.177
2025-05-24,Office,Fan,0.3272,13.802083333333334,94.0,35.521875,55.48854166666666,12,96,0.125
2025-05-24,Office,Lights,0.0922,3.84375,33.0,35.521875,55.48854166666666,8,96,0.083
2025-05-25,Bathroom,Heater,2.2228,92.61458333333333,2166.0,35.57083333333333,55.63645833333334,4,96,0.042
2025-05-25,Bathroom,Lights,0.0999,4.166666666666667,38.0,35.57083333333333,55.63645833333334,10,96,0.104
2025-05-25,Bedroom,AC,6.2232,259.3125,1686.0,35.57083333333333,55.63645833333334,16,96,0.167
2025-05-25,Bedroom,Fan,0.3258,13.75,99.0,35.57083333333333,55.63645833333334,12,96,0.125
2025-05-25,Bedroom,Lights,0.1089,4.541666666666667,40.0,35.57083333333333,55.63645833333334,12,96,0.125
2025-05-25,Kitchen,Heater,4.1290000000000004,172.04166666666666,2463.0,35.57083333333333,55.63645833333334,8,96,0.083
2025-05-25,Kitchen,Lights,0.092,3.8333333333333335,40.0,35.57083333333333,55.63645833333334,8,96,0.083
2025-05-25,Living Room,AC,7.9315,330.4791666666667,1798.0,35.57083333333333,55.63645833333334,19,96,0.198
2025-05-25,Living Room,Fan,0.3557,14.989583333333334,100.0,35.57083333333333,55.63645833333334,13,96,0.135
2025-05-25,Living Room,Lights,0.0765,3.1875,40.0,35.57083333333333,55.63645833333334,5,96,0.052
2025-05-25,Office,AC,6.2494,260.3854166666667,1794.0,35.57083333333333,55.63645833333334,14,96,0.146
2025-05-25,Office,Fan,0.3786,15.947916666666666,98.0,35.57083333333333,55.63645833333334,14,96,0.146
2025-05-25,Office,Lights,0.09570000000000001,3.9895833333333335,40.0,35.57083333333333,55.63645833333334,8,96,0.083
2025-05-26,Bathroom,Heater,1.8441,76.83333333333333,2484.0,35.41458333333333,55.4375,3,96,0.031
2025-05-26,Bathroom,Lights,0.0925,3.8541666666666665,39.0,35.41458333333333,55.4375,7,96,0.073
2025-05-26,Bedroom,AC,4.6536,193.89583333333334,1770.0,35.41458333333333,55.4375,11,96,0.115
2025-05-26,Bedroom,Fan,0.4324,18.177083333333332,98.0,35.41458333333333,55.4375,18,96,0.188
2025-05-26,Bedroom,Lights,0.11030000000000001,4.59375,40.0,35.41458333333333,55.4375,10,96,0.104
2025-05-26,Kitchen,Heater,2.325,96.875,2339.0,35.41458333333333,55.4375,4,96,0.042
2025-05-26,Kitchen,Lights,0.08600000000000001,3.5833333333333335,38.0,35.41458333333333,55.4375,5,96,0.052
2025-05-26,Living Room,AC,6.2688,261.1979166666667,1596.0,35.41458333333333,55.4375,16,96,0.167
2025-05-26,Living Room,Fan,0.40659999999999996,17.114583333333332,95.0,35.41458333333333,55.4375,16,96,0.167
2025-05-26,Living Room,Lights,0.0895,3.7291666666666665,36.0,35.41458333333333,55.4375,8,96,0.083
2025-05-26,Office,AC,4.0863000000000005,170.26041666666666,1576.0,35.41458333333333,55.4375,9,96,0.094
2025-05-26,Office,Fan,0.344,14.510416666666666,94.0,35.41458333333333,55.4375,12,96,0.125
2025-05-26,Office,Lights,0.0772,3.21875,33.0,35.41458333333333,55.4375,6,96,0.062
2025-05-27,Bathroom,Heater,1.769,73.70833333333333,2383.0,35.459375,55.565625000000004,3,96,0.031
2025-05-27,Bathroom,Lights,0.0694,2.8854166666666665,35.0,35.459375,55.565625000000004,5,96,0.052
2025-05-27,Bedroom,AC,6.9583,289.9270833333333,1743.0,35.459375,55.565625000000004,16,96,0.167
2025-05-27,Bedroom,Fan,0.36429999999999996,15.354166666666666,99.0,35.459375,55.565625000000004,13,96,0.135
2025-05-27,Bedroom,Lights,0.0915,3.8125,34.0,35.459375,55.565625000000004,8,96,0.083
2025-05-27,Kitchen,Heater,2.2489,93.70833333333333,2392.0,35.459375,55.565625000000004,4,96,0.042
2025-05-27,Kitchen,Lights,0.1026,4.270833333333333,40.0,35.459375,55.565625000000004,10,96,0.104
2025-05-27,Living Room,AC,6.3751,265.6354166666667,1780.0,35.459375,55.565625000000004,16,96,0.167
2025-05-27,Living Room,Fan,0.44139999999999996,18.5625,99.0,35.459375,55.565625000000004,17,96,0.177
2025-05-27,Living Room,Lights,0.0857,3.5625,39.0,35.459375,55.565625000000004,6,96,0.062
2025-05-27,Office,AC,3.7533,156.38541666666666,1790.0,35.459375,55.565625000000004,8,96,0.083
2025-05-27,Office,Fan,0.3986,16.78125,100.0,35.459375,55.565625000000004,15,96,0.156
2025-05-27,Office,Lights,0.0877,3.65625,40.0,35.459375,55.565625000000004,7,96,0.073
2025-05-28,Bathroom,Heater,1.7107,71.28125,2285.0,35.484375,55.61770833333333,3,96,0.031
2025-05-28,Bathroom,Lights,0.0829,3.4479166666666665,27.0,35.484375,55.61770833333333,8,96,0.083
2025-05-28,Bedroom,AC,5.0586,210.77083333333334,1772.0,35.484375,55.61770833333333,12,96,0.125
2025-05-28,Bedroom,Fan,0.2481,10.520833333333334,99.0,35.484375,55.61770833333333,7,96,0.073
2025-05-28,Bedroom,Lights,0.09090000000000001,3.7916666666666665,38.0,35.484375,55.61770833333333,6,96,0.062
2025-05-28,Kitchen,Heater,1.8272,76.13541666666667,2449.0,35.484375,55.61770833333333,3,96,0.031
2025-05-28,Kitchen,Lights,0.0826,3.4375,40.0,35.484375,55.61770833333333,6,96,0.062
2025-05-28,Living Room,AC,3.9537,164.73958333333334,1675.0,35.484375,55.61770833333333,8,96,0.083
2025-05-28,Living Room,Fan,0.2933,12.395833333333334,96.0,35.484375,55.61770833333333,10,96,0.104
2025-05-28,Living Room,Lights,0.0633,2.6354166666666665,35.0,35.484375,55.61770833333333,3,96,0.031
2025-05-28,Office,AC,5.0308,209.61458333333334,1791.0,35.484375,55.61770833333333,11,96,0.115
2025-05-28,Office,Fan,0.352,14.84375,100.0,35.484375,55.61770833333333,12,96,0.125
2025-05-28,Office,Lights,0.0905,3.7708333333333335,39.0,35.484375,55.61770833333333,7,96,0.073
2025-05-29,Bathroom,Heater,2.9904,124.59375,2158.0,35.440625000000004,55.11770833333333,6,96,0.062
2025-05-29,Bathroom,Lights,0.0711,2.9583333333333335,36.0,35.440625000000004,55.11770833333333,5,96,0.052
2025-05-29,Bedroom,AC,3.1416,130.89583333333334,1504.0,35.440625000000004,55.11770833333333,6,96,0.062
2025-05-29,Bedroom,Fan,0.3082,13.020833333333334,95.0,35.440625000000004,55.11770833333333,10,96,0.104
2025-05-29,Bedroom,Lights,0.0994,4.135416666666667,39.0,35.440625000000004,55.11770833333333,8,96,0.083
2025-05-29,Kitchen,Heater,2.3844000000000003,99.35416666666667,2307.0,35.440625000000004,55.11770833333333,4,96,0.042
2025-05-29,Kitchen,Lights,0.0961,4.0,40.0,35.440625000000004,55.11770833333333,8,96,0.083
2025-05-29,Living Room,AC,6.7981,283.2708333333333,1749.0,35.440625000000004,55.11770833333333,17,96,0.177
2025-05-29,Living Room,Fan,0.4184,17.59375,99.0,35.440625000000004,55.11770833333333,16,96,0.167
2025-05-29,Living Room,Lights,0.0745,3.1041666666666665,40.0,35.440625000000004,55.11770833333333,5,96,0.052
2025-05-29,Office,AC,4.5039,187.65625,1743.0,35.440625000000004,55.11770833333333,11,96,0.115
2025-05-29,Office,Fan,0.3097,13.083333333333334,99.0,35.440625000000004,55.11770833333333,10,96,0.104
2025-05-29,Office,Lights,0.077,3.2083333333333335,39.0,35.440625000000004,55.11770833333333,4,96,0.042
2025-05-30,Bathroom,Heater,3.1802,132.51041666666666,2361.0,35.60104166666667,54.9625,6,96,0.062
2025-05-30,Bathroom,Lights,0.0701,2.9166666666666665,32.0,35.60104166666667,54.9625,3,96,0.031
2025-05-30,Bedroom,AC,6.247,260.2916666666667,1761.0,35.60104166666667,54.9625,14,96,0.146
2025-05-30,Bedroom,Fan,0.4522,19.010416666666668,97.0,35.60104166666667,54.9625,17,96,0.177
2025-05-30,Bedroom,Lights,0.0743,3.09375,39.0,35.60104166666667,54.9625,5,96,0.052
2025-05-30,Kitchen,Heater,0.24,10.0,10.0,35.60104166666667,54.9625,0,96,0.0
2025-05-30,Kitchen,Lights,0.0998,4.15625,39.0,35.60104166666667,54.9625,9,96,0.094
2025-05-30,Living Room,AC,4.2715,177.98958333333334,1786.0,35.60104166666667,54.9625,10,96,0.104
2025-05-30,Living Room,Fan,0.3055,12.90625,100.0,35.60104166666667,54.9625,10,96,0.104
2025-05-30,Living Room,Lights,0.0813,3.3854166666666665,38.0,35.60104166666667,54.9625,6,96,0.062
2025-05-30,Office,AC,5.7329,238.875,1679.0,35.60104166666667,54.9625,14,96,0.146
2025-05-30,Office,Fan,0.37879999999999997,15.947916666666666,100.0,35.60104166666667,54.9625,14,96,0.146
2025-05-30,Office,Lights,0.0659,2.75,40.0,35.60104166666667,54.9625,4,96,0.042
2025-05-31,Bathroom,Heater,2.2463,93.59375,2341.0,35.48645833333333,55.66770833333334,4,96,0.042
2025-05-31,Bathroom,Lights,0.0978,4.072916666666667,37.0,35.48645833333333,55.66770833333334,10,96,0.104
2025-05-31,Bedroom,AC,8.1812,340.8958333333333,1797.0,35.48645833333333,55.66770833333334,21,96,0.219
2025-05-31,Bedroom,Fan,0.3962,16.677083333333332,97.0,35.48645833333333,55.66770833333334,15,96,0.156
2025-05-31,Bedroom,Lights,0.0903,3.7604166666666665,40.0,35.48645833333333,55.66770833333334,6,96,0.062
2025-05-31,Kitchen,Heater,2.9183,121.59375,2404.0,35.48645833333333,55.66770833333334,5,96,0.052
2025-05-31,Kitchen,Lights,0.1185,4.9375,40.0,35.48645833333333,55.66770833333334,11,96,0.115
2025-05-31,Living Room,AC,5.3286,222.03125,1665.0,35.48645833333333,55.66770833333334,12,96,0.125
2025-05-31,Living Room,Fan,0.3972,16.71875,99.0,35.48645833333333,55.66770833333334,15,96,0.156
2025-05-31,Living Room,Lights,0.0592,2.46875,29.0,35.48645833333333,55.66770833333334,2,96,0.021
2025-05-31,Office,AC,5.752,239.65625,1766.0,35.48645833333333,55.66770833333334,14,96,0.146
2025-05-31,Office,Fan,0.28209999999999996,11.9375,100.0,35.48645833333333,55.66770833333334,9,96,0.094
2025-05-31,Office,Lights,0.076,3.1666666666666665,40.0,35.48645833333333,55.66770833333334,4,96,0.042
2025-06-01,Bathroom,Heater,1.2396,51.645833333333336,2275.0,34.50208333333333,75.25833333333334,2,96,0.021
2025-06-01,Bathroom,Lights,0.0913,3.8020833333333335,36.0,34.50208333333333,75.25833333333334,10,96,0.104
2025-06-01,Bedroom,AC,7.2616000000000005,302.5625,1752.0,34.50208333333333,75.25833333333334,19,96,0.198
2025-06-01,Bedroom,Fan,0.3765,15.864583333333334,100.0,34.50208333333333,75.25833333333334,14,96,0.146
2025-06-01,Bedroom,Lights,0.0684,2.84375,32.0,34.50208333333333,75.25833333333334,5,96,0.052
2025-06-01,Kitchen,Heater,0.708,29.5,1882.0,34.50208333333333,75.25833333333334,1,96,0.01
2025-06-01,Kitchen,Lights,0.114,4.75,38.0,34.50208333333333,75.25833333333334,10,96,0.104
2025-06-01,Living Room,AC,4.7705,198.77083333333334,1780.0,34.50208333333333,75.25833333333334,11,96,0.115
2025-06-01,Living Room,Fan,0.4099,17.25,100.0,34.50208333333333,75.25833333333334,16,96,0.167
2025-06-01,Living Room,Lights,0.1201,5.010416666666667,38.0,34.50208333333333,75.25833333333334,13,96,0.135
2025-06-01,Office,AC,6.3433,264.3020833333333,1739.0,34.50208333333333,75.25833333333334,15,96,0.156
2025-06-01,Office,Fan,0.3444,14.520833333333334,96.0,34.50208333333333,75.25833333333334,13,96,0.135
2025-06-01,Office,Lights,0.0915,3.8125,38.0,34.50208333333333,75.25833333333334,9,96,0.094
2025-06-02,Bathroom,Heater,1.3135000000000001,54.729166666666664,2250.0,34.64791666666667,75.42916666666666,2,96,0.021
2025-06-02,Bathroom,Lights,0.0868,3.6145833333333335,34.0,34.64791666666667,75.42916666666666,6,96,0.062
2025-06-02,Bedroom,AC,7.2551,302.3020833333333,1765.0,34.64791666666667,75.42916666666666,16,96,0.167
2025-06-02,Bedroom,Fan,0.254,10.770833333333334,100.0,34.64791666666667,75.42916666666666,8,96,0.083
2025-06-02,Bedroom,Lights,0.0867,3.6145833333333335,30.0,34.64791666666667,75.42916666666666,7,96,0.073
2025-06-02,Kitchen,Heater,1.2836,53.479166666666664,2363.0,34.64791666666667,75.42916666666666,2,96,0.021
2025-06-02,Kitchen,Lights,0.1017,4.239583333333333,40.0,34.64791666666667,75.42916666666666,8,96,0.083
2025-06-02,Living Room,AC,5.6428,235.11458333333334,1732.0,34.64791666666667,75.42916666666666,12,96,0.125
2025-06-02,Living Room,Fan,0.2893,12.239583333333334,93.0,34.64791666666667,75.42916666666666,9,96,0.094
2025-06-02,Living Room,Lights,0.09860000000000001,4.114583333333333,34.0,34.64791666666667,75.42916666666666,9,96,0.094
2025-06-02,Office,AC,3.8624,160.92708333333334,1769.0,34.64791666666667,75.42916666666666,7,96,0.073
2025-06-02,Office,Fan,0.21339999999999998,9.083333333333334,97.0,34.64791666666667,75.42916666666666,5,96,0.052
2025-06-02,Office,Lights,0.0816,3.40625,37.0,34.64791666666667,75.42916666666666,7,96,0.073
2025-06-03,Bathroom,Heater,1.2205,50.854166666666664,2042.0,34.55416666666667,75.09791666666666,2,96,0.021
2025-06-03,Bathroom,Lights,0.084,3.5,36.0,34.55416666666667,75.09791666666666,7,96,0.073
2025-06-03,Bedroom,AC,6.0632,252.63541666666666,1796.0,34.55416666666667,75.09791666666666,14,96,0.146
2025-06-03,Bedroom,Fan,0.28959999999999997,12.239583333333334,95.0,34.55416666666667,75.09791666666666,9,96,0.094
2025-06-03,Bedroom,Lights,0.0769,3.1979166666666665,39.0,34.55416666666667,75.09791666666666,5,96,0.052
2025-06-03,Kitchen,Heater,1.1897,49.572916666666664,2025.0,34.55416666666667,75.09791666666666,2,96,0.021
2025-06-03,Kitchen,Lights,0.0717,2.9895833333333335,30.0,34.55416666666667,75.09791666666666,5,96,0.052
2025-06-03,Living Room,AC,5.719,238.29166666666666,1795.0,34.55416666666667,75.09791666666666,13,96,0.135
2025-06-03,Living Room,Fan,0.314,13.260416666666666,96.0,34.55416666666667,75.09791666666666,11,96,0.115
2025-06-03,Living Room,Lights,0.0893,3.71875,40.0,34.55416666666667,75.09791666666666,7,96,0.073
2025-06-03,Office,AC,5.7926,241.35416666666666,1773.0,34.55416666666667,75.09791666666666,14,96,0.146
2025-06-03,Office,Fan,0.31629999999999997,13.354166666666666,100.0,34.55416666666667,75.09791666666666,10,96,0.104
2025-06-03,Office,Lights,0.0757,3.15625,33.0,34.55416666666667,75.09791666666666,5,96,0.052
2025-06-04,Bathroom,Heater,0.24,10.0,10.0,34.65833333333333,75.35208333333334,0,96,0.0
2025-06-04,Bathroom,Lights,0.0962,4.010416666666667,40.0,34.65833333333333,75.35208333333334,7,96,0.073
2025-06-04,Bedroom,AC,5.3870000000000005,224.46875,1750.0,34.65833333333333,75.35208333333334,12,96,0.125
2025-06-04,Bedroom,Fan,0.2976,12.583333333333334,93.0,34.65833333333333,75.35208333333334,10,96,0.104
2025-06-04,Bedroom,Lights,0.08600000000000001,3.5833333333333335,37.0,34.65833333333333,75.35208333333334,6,96,0.062
2025-06-04,Kitchen,Heater,2.2874000000000003,95.3125,2334.0,34.65833333333333,75.35208333333334,4,96,0.042
2025-06-04,Kitchen,Lights,0.0976,4.0625,35.0,34.65833333333333,75.35208333333334,9,96,0.094
2025-06-04,Living Room,AC,5.9993,249.96875,1684.0,34.65833333333333,75.35208333333334,14,96,0.146
2025-06-04,Living Room,Fan,0.30569999999999997,12.916666666666666,97.0,34.65833333333333,75.35208333333334,10,96,0.104
2025-06-04,Living Room,Lights,0.0931,3.875,40.0,34.65833333333333,75.35208333333334,7,96,0.073
2025-06-04,Office,AC,3.5547,148.11458333333334,1773.0,34.65833333333333,75.35208333333334,7,96,0.073
2025-06-04,Office,Fan,0.3638,15.322916666666666,95.0,34.65833333333333,75.35208333333334,14,96,0.146
2025-06-04,Office,Lights,0.067,2.7916666666666665,33.0,34.65833333333333,75.35208333333334,5,96,0.052
2025-06-05,Bathroom,Heater,0.6317,26.322916666666668,1577.0,34.67604166666667,75.19791666666667,1,96,0.01
2025-06-05,Bathroom,Lights,0.0729,3.0416666666666665,30.0,34.67604166666667,75.19791666666667,5,96,0.052
2025-06-05,Bedroom,AC,6.1581,256.5833333333333,1755.0,34.67604166666667,75.19791666666667,16,96,0.167
2025-06-05,Bedroom,Fan,0.364,15.34375,98.0,34.67604166666667,75.19791666666667,13,96,0.135
2025-06-05,Bedroom,Lights,0.076,3.1666666666666665,32.0,34.67604166666667,75.19791666666667,6,96,0.062
2025-06-05,Kitchen,Heater,1.2596999999999998,52.489583333333336,2053.0,34.67604166666667,75.19791666666667,2,96,0.021
2025-06-05,Kitchen,Lights,0.0685,2.8541666666666665,40.0,34.67604166666667,75.19791666666667,3,96,0.031
2025-06-05,Living Room,AC,5.4049,225.20833333333334,1770.0,34.67604166666667,75.19791666666667,12,96,0.125
2025-06-05,Living Room,Fan,0.29,12.260416666666666,94.0,34.67604166666667,75.19791666666667,10,96,0.104
2025-06-05,Living Room,Lights,0.0804,3.34375,35.0,34.67604166666667,75.19791666666667,7,96,0.073
2025-06-05,Office,AC,4.9289,205.375,1736.0,34.67604166666667,75.19791666666667,12,96,0.125
2025-06-05,Office,Fan,0.2832,11.979166666666666,95.0,34.67604166666667,75.19791666666667,9,96,0.094
2025-06-05,Office,Lights,0.0891,3.7083333333333335,37.0,34.67604166666667,75.19791666666667,9,96,0.094
2025-06-06,Bathroom,Heater,1.6437,68.48958333333333,1993.0,34.68333333333333,75.76458333333333,3,96,0.031
2025-06-06,Bathroom,Lights,0.115,4.791666666666667,38.0,34.68333333333333,75.76458333333333,11,96,0.115
2025-06-06,Bedroom,AC,5.1116,212.97916666666666,1742.0,34.68333333333333,75.76458333333333,11,96,0.115
2025-06-06,Bedroom,Fan,0.2989,12.635416666666666,94.0,34.68333333333333,75.76458333333333,10,96,0.104
2025-06-06,Bedroom,Lights,0.08360000000000001,3.4791666666666665,35.0,34.68333333333333,75.76458333333333,6,96,0.062
2025-06-06,Kitchen,Heater,1.0935000000000001,45.5625,1822.0,34.68333333333333,75.76458333333333,2,96,0.021
2025-06-06,Kitchen,Lights,0.09280000000000001,3.8645833333333335,38.0,34.68333333333333,75.76458333333333,6,96,0.062
2025-06-06,Living Room,AC,6.5638000000000005,273.4895833333333,1570.0,34.68333333333333,75.76458333333333,16,96,0.167
2025-06-06,Living Room,Fan,0.4089,17.208333333333332,100.0,34.68333333333333,75.76458333333333,15,96,0.156
2025-06-06,Living Room,Lights,0.0802,3.34375,40.0,34.68333333333333,75.76458333333333,5,96,0.052
2025-06-06,Office,AC,3.024,126.0,1522.0,34.68333333333333,75.76458333333333,6,96,0.062
2025-06-06,Office,Fan,0.318,13.427083333333334,99.0,34.68333333333333,75.76458333333333,11,96,0.115
2025-06-06,Office,Lights,0.0853,3.5520833333333335,40.0,34.68333333333333,75.76458333333333,8,96,0.083
2025-06-07,Bathroom,Heater,2.1568,89.86458333333333,2121.0,34.438541666666666,75.0125,4,96,0.042
2025-06-07,Bathroom,Lights,0.0858,3.5729166666666665,40.0,34.438541666666666,75.0125,6,96,0.062
2025-06-07,Bedroom,AC,6.0414,251.72916666666666,1672.0,34.438541666666666,75.0125,15,96,0.156
2025-06-07,Bedroom,Fan,0.3393,14.3125,100.0,34.438541666666666,75.0125,12,96,0.125
2025-06-07,Bedroom,Lights,0.1197,4.989583333333333,40.0,34.438541666666666,75.0125,13,96,0.135
2025-06-07,Kitchen,Heater,1.6047,66.86458333333333,2238.0,34.438541666666666,75.0125,3,96,0.031
2025-06-07,Kitchen,Lights,0.1126,4.697916666666667,40.0,34.438541666666666,75.0125,10,96,0.104
2025-06-07,Living Room,AC,6.1743,257.2604166666667,1772.0,34.438541666666666,75.0125,15,96,0.156
2025-06-07,Living Room,Fan,0.3981,16.75,100.0,34.438541666666666,75.0125,15,96,0.156
2025-06-07,Living Room,Lights,0.089,3.7083333333333335,38.0,34.438541666666666,75.0125,7,96,0.073
2025-06-07,Office,AC,8.1908,341.28125,1739.0,34.438541666666666,75.0125,21,96,0.219
2025-06-07,Office,Fan,0.25229999999999997,10.697916666666666,88.0,34.438541666666666,75.0125,8,96,0.083
2025-06-07,Office,Lights,0.0777,3.2395833333333335,34.0,34.438541666666666,75.0125,6,96,0.062
2025-06-08,Bathroom,Heater,0.7115,29.645833333333332,1896.0,34.42916666666667,75.72708333333334,1,96,0.01
2025-06-08,Bathroom,Lights,0.09910000000000001,4.135416666666667,33.0,34.42916666666667,75.72708333333334,10,96,0.104
2025-06-08,Bedroom,AC,7.0571,294.0520833333333,1793.0,34.42916666666667,75.72708333333334,17,96,0.177
2025-06-08,Bedroom,Fan,0.292,12.34375,100.0,34.42916666666667,75.72708333333334,10,96,0.104
2025-06-08,Bedroom,Lights,0.0803,3.34375,37.0,34.42916666666667,75.72708333333334,5,96,0.052
2025-06-08,Kitchen,Heater,3.0467,126.94791666666667,2098.0,34.42916666666667,75.72708333333334,6,96,0.062
2025-06-08,Kitchen,Lights,0.0903,3.7604166666666665,40.0,34.42916666666667,75.72708333333334,7,96,0.073
2025-06-08,Living Room,AC,8.0235,334.3125,1783.0,34.42916666666667,75.72708333333334,19,96,0.198
2025-06-08,Living Room,Fan,0.2733,11.572916666666666,96.0,34.42916666666667,75.72708333333334,9,96,0.094
2025-06-08,Living Room,Lights,0.0953,3.96875,40.0,34.42916666666667,75.72708333333334,7,96,0.073
2025-06-08,Office,AC,6.9984,291.6041666666667,1797.0,34.42916666666667,75.72708333333334,15,96,0.156
2025-06-08,Office,Fan,0.2678,11.34375,99.0,34.42916666666667,75.72708333333334,8,96,0.083
2025-06-08,Office,Lights,0.11359999999999999,4.71875,39.0,34.42916666666667,75.72708333333334,11,96,0.115
2025-06-09,Bathroom,Heater,3.2218,134.23958333333334,2434.0,34.475,75.38229166666666,6,96,0.062
2025-06-09,Bathroom,Lights,0.1042,4.34375,37.0,34.475,75.38229166666666,10,96,0.104
2025-06-09,Bedroom,AC,4.9057,204.40625,1728.0,34.475,75.38229166666666,12,96,0.125
2025-06-09,Bedroom,Fan,0.2681,11.354166666666666,100.0,34.475,75.38229166666666,8,96,0.083
2025-06-09,Bedroom,Lights,0.0765,3.1875,40.0,34.475,75.38229166666666,4,96,0.042
2025-06-09,Kitchen,Heater,1.7456,72.72916666666667,2411.0,34.475,75.38229166666666,3,96,0.031
2025-06-09,Kitchen,Lights,0.0859,3.5729166666666665,35.0,34.475,75.38229166666666,7,96,0.073
2025-06-09,Living Room,AC,6.6734,278.0520833333333,1757.0,34.475,75.38229166666666,17,96,0.177
2025-06-09,Living Room,Fan,0.3227,13.625,96.0,34.475,75.38229166666666,11,96,0.115
2025-06-09,Living Room,Lights,0.0691,2.875,34.0,34.475,75.38229166666666,5,96,0.052
2025-06-09,Office,AC,6.9096,287.8958333333333,1780.0,34.475,75.38229166666666,17,96,0.177
2025-06-09,Office,Fan,0.3379,14.260416666666666,97.0,34.475,75.38229166666666,12,96,0.125
2025-06-09,Office,Lights,0.085,3.5416666666666665,36.0,34.475,75.38229166666666,6,96,0.062
2025-06-10,Bathroom,Heater,1.7125,71.35416666666667,2450.0,34.628125,75.534375,3,96,0.031
2025-06-10,Bathroom,Lights,0.1028,4.28125,38.0,34.628125,75.534375,10,96,0.104
2025-06-10,Bedroom,AC,4.146,172.75,1501.0,34.628125,75.534375,9,96,0.094
2025-06-10,Bedroom,Fan,0.3935,16.572916666666668,98.0,34.628125,75.534375,15,96,0.156
2025-06-10,Bedroom,Lights,0.0916,3.8125,40.0,34.628125,75.534375,6,96,0.062
2025-06-10,Kitchen,Heater,0.7483000000000001,31.177083333333332,2043.0,34.628125,75.534375,1,96,0.01
2025-06-10,Kitchen,Lights,0.0975,4.0625,37.0,34.628125,75.534375,12,96,0.125
2025-06-10,Living Room,AC,4.2468,176.95833333333334,1768.0,34.628125,75.534375,9,96,0.094
2025-06-10,Living Room,Fan,0.2793,11.822916666666666,96.0,34.628125,75.534375,9,96,0.094
2025-06-10,Living Room,Lights,0.0973,4.052083333333333,40.0,34.628125,75.534375,7,96,0.073
2025-06-10,Office,AC,6.6109,275.4479166666667,1795.0,34.628125,75.534375,16,96,0.167
2025-06-10,Office,Fan,0.26539999999999997,11.239583333333334,92.0,34.628125,75.534375,9,96,0.094
2025-06-10,Office,Lights,0.1095,4.5625,34.0,34.628125,75.534375,12,96,0.125
2025-06-11,Bathroom,Heater,0.6283,26.177083333333332,1563.0,34.485416666666666,75.80312500000001,1,96,0.01
2025-06-11,Bathroom,Lights,0.1142,4.760416666666667,38.0,34.485416666666666,75.80312500000001,12,96,0.125
2025-06-11,Bedroom,AC,3.9675,165.3125,1721.0,34.485416666666666,75.80312500000001,9,96,0.094
2025-06-11,Bedroom,Fan,0.3318,14.0,98.0,34.485416666666666,75.80312500000001,11,96,0.115
2025-06-11,Bedroom,Lights,0.08940000000000001,3.7291666666666665,38.0,34.485416666666666,75.80312500000001,8,96,0.083
2025-06-11,Kitchen,Heater,2.5131,104.70833333333333,2458.0,34.485416666666666,75.80312500000001,4,96,0.042
2025-06-11,Kitchen,Lights,0.078,3.25,30.0,34.485416666666666,75.80312500000001,6,96,0.062
2025-06-11,Living Room,AC,3.9142,163.09375,1635.0,34.485416666666666,75.80312500000001,8,96,0.083
2025-06-11,Living Room,Fan,0.362,15.260416666666666,100.0,34.485416666666666,75.80312500000001,13,96,0.135
2025-06-11,Living Room,Lights,0.1142,4.760416666666667,39.0,34.485416666666666,75.80312500000001,10,96,0.104
2025-06-11,Office,AC,4.9103,204.59375,1794.0,34.485416666666666,75.80312500000001,11,96,0.115
2025-06-11,Office,Fan,0.3236,13.65625,93.0,34.485416666666666,75.80312500000001,12,96,0.125
2025-06-11,Office,Lights,0.0918,3.8229166666666665,39.0,34.485416666666666,75.80312500000001,8,96,0.083
2025-06-12,Bathroom,Heater,2.7377000000000002,114.07291666666667,2445.0,34.440625000000004,75.465625,5,96,0.052
2025-06-12,Bathroom,Lights,0.084,3.5,40.0,34.440625000000004,75.465625,7,96,0.073
2025-06-12,Bedroom,AC,3.4917000000000002,145.48958333333334,1712.0,34.440625000000004,75.465625,7,96,0.073
2025-06-12,Bedroom,Fan,0.32439999999999997,13.697916666666666,94.0,34.440625000000004,75.465625,11,96,0.115
2025-06-12,Bedroom,Lights,0.0847,3.53125,39.0,34.440625000000004,75.465625,6,96,0.062
2025-06-12,Kitchen,Heater,2.1787,90.78125,2212.0,34.440625000000004,75.465625,4,96,0.042
2025-06-12,Kitchen,Lights,0.0842,3.5104166666666665,33.0,34.440625000000004,75.465625,7,96,0.073
2025-06-12,Living Room,AC,5.7306,238.78125,1718.0,34.440625000000004,75.465625,14,96,0.146
2025-06-12,Living Room,Fan,0.3227,13.614583333333334,96.0,34.440625000000004,75.465625,11,96,0.115
2025-06-12,Living Room,Lights,0.1054,4.385416666666667,40.0,34.440625000000004,75.465625,9,96,0.094
2025-06-12,Office,AC,4.6103000000000005,192.09375,1526.0,34.440625000000004,75.465625,11,96,0.115
2025-06-12,Office,Fan,0.266,11.260416666666666,99.0,34.440625000000004,75.465625,8,96,0.083
2025-06-12,Office,Lights,0.0732,3.0520833333333335,32.0,34.440625000000004,75.465625,4,96,0.042
2025-06-13,Bathroom,Heater,1.5883,66.17708333333333,2032.0,34.609375,75.89687500000001,3,96,0.031
2025-06-13,Bathroom,Lights,0.0901,3.7604166666666665,39.0,34.609375,75.89687500000001,8,96,0.083
2025-06-13,Bedroom,AC,5.554,231.41666666666666,1713.0,34.609375,75.89687500000001,13,96,0.135
2025-06-13,Bedroom,Fan,0.3074,12.989583333333334,100.0,34.609375,75.89687500000001,10,96,0.104
2025-06-13,Bedroom,Lights,0.0786,3.2708333333333335,35.0,34.609375,75.89687500000001,5,96,0.052
2025-06-13,Kitchen,Heater,1.2372,51.552083333333336,2185.0,34.609375,75.89687500000001,2,96,0.021
2025-06-13,Kitchen,Lights,0.112,4.677083333333333,40.0,34.609375,75.89687500000001,11,96,0.115
2025-06-13,Living Room,AC,7.6385000000000005,318.2708333333333,1787.0,34.609375,75.89687500000001,19,96,0.198
2025-06-13,Living Room,Fan,0.22219999999999998,9.447916666666666,100.0,34.609375,75.89687500000001,5,96,0.052
2025-06-13,Living Room,Lights,0.0968,4.03125,32.0,34.609375,75.89687500000001,9,96,0.094
2025-06-13,Office,AC,4.3689,182.04166666666666,1784.0,34.609375,75.89687500000001,9,96,0.094
2025-06-13,Office,Fan,0.3156,13.333333333333334,98.0,34.609375,75.89687500000001,11,96,0.115
2025-06-13,Office,Lights,0.10490000000000001,4.385416666666667,37.0,34.609375,75.89687500000001,10,96,0.104
2025-06-14,Bathroom,Heater,2.9053,121.05208333333333,2337.0,34.525,75.41458333333334,5,96,0.052
2025-06-14,Bathroom,Lights,0.0885,3.6875,36.0,34.525,75.41458333333334,8,96,0.083
2025-06-14,Bedroom,AC,6.2835,261.8125,1775.0,34.525,75.41458333333334,14,96,0.146
2025-06-14,Bedroom,Fan,0.3106,13.125,100.0,34.525,75.41458333333334,10,96,0.104
2025-06-14,Bedroom,Lights,0.0903,3.7604166666666665,38.0,34.525,75.41458333333334,7,96,0.073
2025-06-14,Kitchen,Heater,2.2925,95.52083333333333,2423.0,34.525,75.41458333333334,4,96,0.042
2025-06-14,Kitchen,Lights,0.105,4.375,39.0,34.525,75.41458333333334,8,96,0.083
2025-06-14,Living Room,AC,6.5874,274.4791666666667,1764.0,34.525,75.41458333333334,16,96,0.167
2025-06-14,Living Room,Fan,0.40359999999999996,16.989583333333332,100.0,34.525,75.41458333333334,14,96,0.146
2025-06-14,Living Room,Lights,0.0988,4.114583333333333,33.0,34.525,75.41458333333334,12,96,0.125
2025-06-14,Office,AC,6.9838000000000005,290.9895833333333,1745.0,34.525,75.41458333333334,16,96,0.167
2025-06-14,Office,Fan,0.297,12.5625,97.0,34.525,75.41458333333334,10,96,0.104
2025-06-14,Office,Lights,0.0937,3.90625,37.0,34.525,75.41458333333334,7,96,0.073
2025-06-15,Bathroom,Heater,1.891,78.79166666666667,2481.0,34.453125,75.03645833333333,3,96,0.031
2025-06-15,Bathroom,Lights,0.0931,3.875,37.0,34.453125,75.03645833333333,8,96,0.083
2025-06-15,Bedroom,AC,4.679,194.95833333333334,1648.0,34.453125,75.03645833333333,11,96,0.115
2025-06-15,Bedroom,Fan,0.4078,17.15625,99.0,34.453125,75.03645833333333,16,96,0.167
2025-06-15,Bedroom,Lights,0.11549999999999999,4.8125,39.0,34.453125,75.03645833333333,9,96,0.094
2025-06-15,Kitchen,Heater,2.4508,102.11458333333333,2456.0,34.453125,75.03645833333333,4,96,0.042
2025-06-15,Kitchen,Lights,0.0603,2.5104166666666665,35.0,34.453125,75.03645833333333,2,96,0.021
2025-06-15,Living Room,AC,5.87,244.59375,1756.0,34.453125,75.03645833333333,14,96,0.146
2025-06-15,Living Room,Fan,0.41619999999999996,17.520833333333332,94.0,34.453125,75.03645833333333,16,96,0.167
2025-06-15,Living Room,Lights,0.1192,4.96875,40.0,34.453125,75.03645833333333,11,96,0.115
2025-06-15,Office,AC,6.4711,269.625,1775.0,34.453125,75.03645833333333,15,96,0.156
2025-06-15,Office,Fan,0.3782,15.9375,100.0,34.453125,75.03645833333333,14,96,0.146
2025-06-15,Office,Lights,0.073,3.0416666666666665,34.0,34.453125,75.03645833333333,4,96,0.042
2025-06-16,Bathroom,Heater,1.2693,52.885416666666664,2379.0,34.614583333333336,75.35625,2,96,0.021
2025-06-16,Bathroom,Lights,0.0802,3.34375,39.0,34.614583333333336,75.35625,7,96,0.073
2025-06-16,Bedroom,AC,5.5085,229.51041666666666,1675.0,34.614583333333336,75.35625,14,96,0.146
2025-06-16,Bedroom,Fan,0.3381,14.260416666666666,95.0,34.614583333333336,75.35625,12,96,0.125
2025-06-16,Bedroom,Lights,0.10189999999999999,4.25,37.0,34.614583333333336,75.35625,9,96,0.094
2025-06-16,Kitchen,Heater,1.8971,79.04166666666667,2467.0,34.614583333333336,75.35625,3,96,0.031
2025-06-16,Kitchen,Lights,0.0944,3.9270833333333335,35.0,34.614583333333336,75.35625,11,96,0.115
2025-06-16,Living Room,AC,6.3489,264.53125,1634.0,34.614583333333336,75.35625,15,96,0.156
2025-06-16,Living Room,Fan,0.2852,12.0625,88.0,34.614583333333336,75.35625,10,96,0.104
2025-06-16,Living Room,Lights,0.0799,3.3333333333333335,34.0,34.614583333333336,75.35625,6,96,0.062
2025-06-16,Office,AC,5.7879000000000005,241.16666666666666,1756.0,34.614583333333336,75.35625,13,96,0.135
2025-06-16,Office,Fan,0.4697,19.739583333333332,96.0,34.614583333333336,75.35625,19,96,0.198
2025-06-16,Office,Lights,0.1041,4.333333333333333,38.0,34.614583333333336,75.35625,10,96,0.104
2025-06-17,Bathroom,Heater,2.6715,111.3125,2462.0,34.584375,75.23958333333333,5,96,0.052
2025-06-17,Bathroom,Lights,0.0951,3.96875,36.0,34.584375,75.23958333333333,7,96,0.073
2025-06-17,Bedroom,AC,4.4129,183.875,1798.0,34.584375,75.23958333333333,9,96,0.094
2025-06-17,Bedroom,Fan,0.3039,12.833333333333334,99.0,34.584375,75.23958333333333,11,96,0.115
2025-06-17,Bedroom,Lights,0.0985,4.104166666666667,40.0,34.584375,75.23958333333333,8,96,0.083
2025-06-17,Kitchen,Heater,2.6008999999999998,108.36458333333333,2347.0,34.584375,75.23958333333333,5,96,0.052
2025-06-17,Kitchen,Lights,0.08600000000000001,3.5833333333333335,40.0,34.584375,75.23958333333333,7,96,0.073
2025-06-17,Living Room,AC,4.5496,189.5625,1776.0,34.584375,75.23958333333333,10,96,0.104
2025-06-17,Living Room,Fan,0.3775,15.895833333333334,100.0,34.584375,75.23958333333333,14,96,0.146
2025-06-17,Living Room,Lights,0.0883,3.6770833333333335,40.0,34.584375,75.23958333333333,7,96,0.073
2025-06-17,Office,AC,2.3122000000000003,96.34375,1186.0,34.584375,75.23958333333333,4,96,0.042
2025-06-17,Office,Fan,0.3493,14.729166666666666,99.0,34.584375,75.23958333333333,12,96,0.125
2025-06-17,Office,Lights,0.1004,4.177083333333333,39.0,34.584375,75.23958333333333,9,96,0.094
2025-06-18,Bathroom,Heater,1.3659999999999999,56.916666666666664,2263.0,34.43958333333333,75.559375,2,96,0.021
2025-06-18,Bathroom,Lights,0.0896,3.7395833333333335,36.0,34.43958333333333,75.559375,6,96,0.062
2025-06-18,Bedroom,AC,5.0251,209.375,1690.0,34.43958333333333,75.559375,12,96,0.125
2025-06-18,Bedroom,Fan,0.307,12.96875,96.0,34.43958333333333,75.559375,10,96,0.104
2025-06-18,Bedroom,Lights,0.089,3.7083333333333335,30.0,34.43958333333333,75.559375,8,96,0.083
2025-06-18,Kitchen,Heater,1.278,53.25,2097.0,34.43958333333333,75.559375,2,96,0.021
2025-06-18,Kitchen,Lights,0.10149999999999999,4.21875,39.0,34.43958333333333,75.559375,12,96,0.125
2025-06-18,Living Room,AC,6.4369,268.1875,1764.0,34.43958333333333,75.559375,16,96,0.167
2025-06-18,Living Room,Fan,0.2387,10.135416666666666,99.0,34.43958333333333,75.559375,6,96,0.062
2025-06-18,Living Room,Lights,0.064,2.6666666666666665,34.0,34.43958333333333,75.559375,3,96,0.031
2025-06-18,Office,AC,3.2188,134.11458333333334,1633.0,34.43958333333333,75.559375,6,96,0.062
2025-06-18,Office,Fan,0.3626,15.28125,99.0,34.43958333333333,75.559375,13,96,0.135
2025-06-18,Office,Lights,0.0751,3.125,34.0,34.43958333333333,75.559375,6,96,0.062
2025-06-19,Bathroom,Heater,3.7334,155.5625,2374.0,34.6625,75.20208333333333,7,96,0.073
2025-06-19,Bathroom,Lights,0.0704,2.9375,25.0,34.6625,75.20208333333333,5,96,0.052
2025-06-19,Bedroom,AC,7.4962,312.34375,1782.0,34.6625,75.20208333333333,19,96,0.198
2025-06-19,Bedroom,Fan,0.3427,14.458333333333334,95.0,34.6625,75.20208333333333,13,96,0.135
2025-06-19,Bedroom,Lights,0.0786,3.2708333333333335,39.0,34.6625,75.20208333333333,5,96,0.052
2025-06-19,Kitchen,Heater,1.0777,44.90625,1709.0,34.6625,75.20208333333333,2,96,0.021
2025-06-19,Kitchen,Lights,0.1108,4.614583333333333,37.0,34.6625,75.20208333333333,11,96,0.115
2025-06-19,Living Room,AC,5.15,214.58333333333334,1736.0,34.6625,75.20208333333333,12,96,0.125
2025-06-19,Living Room,Fan,0.3471,14.625,99.0,34.6625,75.20208333333333,13,96,0.135
2025-06-19,Living Room,Lights,0.0717,2.9895833333333335,38.0,34.6625,75.20208333333333,4,96,0.042
2025-06-19,Office,AC,3.3435,139.3125,1540.0,34.6625,75.20208333333333,7,96,0.073
2025-06-19,Office,Fan,0.37429999999999997,15.760416666666666,98.0,34.6625,75.20208333333333,14,96,0.146
2025-06-19,Office,Lights,0.0876,3.6458333333333335,33.0,34.6625,75.20208333333333,9,96,0.094
2025-06-20,Bathroom,Heater,3.0237,125.98958333333333,2458.0,34.498958333333334,75.41041666666666,5,96,0.052
2025-06-20,Bathroom,Lights,0.0809,3.375,38.0,34.498958333333334,75.41041666666666,6,96,0.062
2025-06-20,Bedroom,AC,5.6171999999999995,234.05208333333334,1757.0,34.498958333333334,75.41041666666666,13,96,0.135
2025-06-20,Bedroom,Fan,0.2958,12.5,99.0,34.498958333333334,75.41041666666666,9,96,0.094
2025-06-20,Bedroom,Lights,0.1053,4.385416666666667,39.0,34.498958333333334,75.41041666666666,9,96,0.094
2025-06-20,Kitchen,Heater,1.4153,58.96875,2483.0,34.498958333333334,75.41041666666666,2,96,0.021
2025-06-20,Kitchen,Lights,0.0686,2.8541666666666665,39.0,34.498958333333334,75.41041666666666,4,96,0.042
2025-06-20,Living Room,AC,4.2055,175.22916666666666,1543.0,34.498958333333334,75.41041666666666,10,96,0.104
2025-06-20,Living Room,Fan,0.25429999999999997,10.78125,100.0,34.498958333333334,75.41041666666666,7,96,0.073
2025-06-20,Living Room,Lights,0.1128,4.697916666666667,39.0,34.498958333333334,75.41041666666666,10,96,0.104
2025-06-20,Office,AC,5.8675,244.48958333333334,1703.0,34.498958333333334,75.41041666666666,14,96,0.146
2025-06-20,Office,Fan,0.2951,12.46875,89.0,34.498958333333334,75.41041666666666,10,96,0.104
2025-06-20,Office,Lights,0.07440000000000001,3.1041666666666665,40.0,34.498958333333334,75.41041666666666,6,96,0.062
2025-06-21,Bathroom,Heater,0.6910000000000001,28.791666666666668,1814.0,34.71145833333333,75.68958333333333,1,96,0.01
2025-06-21,Bathroom,Lights,0.0944,3.9270833333333335,40.0,34.71145833333333,75.68958333333333,8,96,0.083
2025-06-21,Bedroom,AC,6.814,283.90625,1675.0,34.71145833333333,75.68958333333333,17,96,0.177
2025-06-21,Bedroom,Fan,0.3867,16.28125,100.0,34.71145833333333,75.68958333333333,13,96,0.135
2025-06-21,Bedroom,Lights,0.0726,3.0208333333333335,31.0,34.71145833333333,75.68958333333333,6,96,0.062
2025-06-21,Kitchen,Heater,0.8238000000000001,34.322916666666664,2345.0,34.71145833333333,75.68958333333333,1,96,0.01
2025-06-21,Kitchen,Lights,0.0877,3.6458333333333335,36.0,34.71145833333333,75.68958333333333,7,96,0.073
2025-06-21,Living Room,AC,7.6457,318.5729166666667,1799.0,34.71145833333333,75.68958333333333,19,96,0.198
2025-06-21,Living Room,Fan,0.4326,18.197916666666668,98.0,34.71145833333333,75.68958333333333,16,96,0.167
2025-06-21,Living Room,Lights,0.098,4.083333333333333,39.0,34.71145833333333,75.68958333333333,9,96,0.094
2025-06-21,Office,AC,7.204,300.1666666666667,1789.0,34.71145833333333,75.68958333333333,17,96,0.177
2025-06-21,Office,Fan,0.41759999999999997,17.5625,99.0,34.71145833333333,75.68958333333333,16,96,0.167
2025-06-21,Office,Lights,0.10830000000000001,4.510416666666667,39.0,34.71145833333333,75.68958333333333,9,96,0.094
2025-06-22,Bathroom,Heater,1.1437000000000002,47.65625,2069.0,34.24270833333333,75.38854166666667,2,96,0.021
2025-06-22,Bathroom,Lights,0.1011,4.208333333333333,40.0,34.24270833333333,75.38854166666667,8,96,0.083
2025-06-22,Bedroom,AC,4.8831,203.45833333333334,1767.0,34.24270833333333,75.38854166666667,12,96,0.125
2025-06-22,Bedroom,Fan,0.4094,17.229166666666668,91.0,34.24270833333333,75.38854166666667,16,96,0.167
2025-06-22,Bedroom,Lights,0.0818,3.40625,40.0,34.24270833333333,75.38854166666667,5,96,0.052
2025-06-22,Kitchen,Heater,1.6562,69.01041666666667,2009.0,34.24270833333333,75.38854166666667,3,96,0.031
2025-06-22,Kitchen,Lights,0.0811,3.375,38.0,34.24270833333333,75.38854166666667,5,96,0.052
2025-06-22,Living Room,AC,7.5675,315.3020833333333,1771.0,34.24270833333333,75.38854166666667,19,96,0.198
2025-06-22,Living Room,Fan,0.2908,12.291666666666666,99.0,34.24270833333333,75.38854166666667,9,96,0.094
2025-06-22,Living Room,Lights,0.1009,4.208333333333333,37.0,34.24270833333333,75.38854166666667,8,96,0.083
2025-06-22,Office,AC,7.1629000000000005,298.4583333333333,1783.0,34.24270833333333,75.38854166666667,18,96,0.188
2025-06-22,Office,Fan,0.3205,13.541666666666666,98.0,34.24270833333333,75.38854166666667,10,96,0.104
2025-06-22,Office,Lights,0.0858,3.5729166666666665,39.0,34.24270833333333,75.38854166666667,8,96,0.083
2025-06-23,Bathroom,Heater,1.2403,51.677083333333336,2130.0,34.331250000000004,75.253125,2,96,0.021
2025-06-23,Bathroom,Lights,0.0934,3.8854166666666665,36.0,34.331250000000004,75.253125,8,96,0.083
2025-06-23,Bedroom,AC,6.643800000000001,276.8229166666667,1793.0,34.331250000000004,75.253125,16,96,0.167
2025-06-23,Bedroom,Fan,0.2793,11.822916666666666,93.0,34.331250000000004,75.253125,9,96,0.094
2025-06-23,Bedroom,Lights,0.0814,3.3958333333333335,28.0,34.331250000000004,75.253125,8,96,0.083
2025-06-23,Kitchen,Heater,1.254,52.25,2053.0,34.331250000000004,75.253125,2,96,0.021
2025-06-23,Kitchen,Lights,0.0861,3.5833333333333335,34.0,34.331250000000004,75.253125,9,96,0.094
2025-06-23,Living Room,AC,4.8584000000000005,202.42708333333334,1715.0,34.331250000000004,75.253125,11,96,0.115
2025-06-23,Living Room,Fan,0.31829999999999997,13.4375,100.0,34.331250000000004,75.253125,10,96,0.104
2025-06-23,Living Room,Lights,0.083,3.4583333333333335,32.0,34.331250000000004,75.253125,6,96,0.062
2025-06-23,Office,AC,5.2274,217.8125,1772.0,34.331250000000004,75.253125,13,96,0.135
2025-06-23,Office,Fan,0.2215,9.416666666666666,91.0,34.331250000000004,75.253125,6,96,0.062
2025-06-23,Office,Lights,0.0887,3.6979166666666665,40.0,34.331250000000004,75.253125,7,96,0.073
2025-06-24,Bathroom,Heater,1.3643,56.84375,2322.0,34.44479166666667,74.83749999999999,2,96,0.021
2025-06-24,Bathroom,Lights,0.0726,3.0208333333333335,32.0,34.44479166666667,74.83749999999999,5,96,0.052
2025-06-24,Bedroom,AC,6.3517,264.65625,1722.0,34.44479166666667,74.83749999999999,16,96,0.167
2025-06-24,Bedroom,Fan,0.4271,17.958333333333332,99.0,34.44479166666667,74.83749999999999,17,96,0.177
2025-06-24,Bedroom,Lights,0.1042,4.333333333333333,40.0,34.44479166666667,74.83749999999999,10,96,0.104
2025-06-24,Kitchen,Heater,1.3035,54.3125,2146.0,34.44479166666667,74.83749999999999,2,96,0.021
2025-06-24,Kitchen,Lights,0.092,3.8333333333333335,36.0,34.44479166666667,74.83749999999999,7,96,0.073
2025-06-24,Living Room,AC,4.7158,196.48958333333334,1766.0,34.44479166666667,74.83749999999999,11,96,0.115
2025-06-24,Living Room,Fan,0.3056,12.916666666666666,100.0,34.44479166666667,74.83749999999999,10,96,0.104
2025-06-24,Living Room,Lights,0.0733,3.0520833333333335,35.0,34.44479166666667,74.83749999999999,4,96,0.042
2025-06-24,Office,AC,7.6248000000000005,317.6979166666667,1800.0,34.44479166666667,74.83749999999999,20,96,0.208
2025-06-24,Office,Fan,0.37079999999999996,15.614583333333334,97.0,34.44479166666667,74.83749999999999,14,96,0.146
2025-06-24,Office,Lights,0.0805,3.3541666666666665,35.0,34.44479166666667,74.83749999999999,7,96,0.073
2025-06-25,Bathroom,Heater,1.247,51.958333333333336,2289.0,34.59166666666667,75.27916666666667,2,96,0.021
2025-06-25,Bathroom,Lights,0.1003,4.166666666666667,32.0,34.59166666666667,75.27916666666667,9,96,0.094
2025-06-25,Bedroom,AC,5.1977,216.57291666666666,1702.0,34.59166666666667,75.27916666666667,12,96,0.125
2025-06-25,Bedroom,Fan,0.2859,12.09375,98.0,34.59166666666667,75.27916666666667,9,96,0.094
2025-06-25,Bedroom,Lights,0.0901,3.75,40.0,34.59166666666667,75.27916666666667,8,96,0.083
2025-06-25,Kitchen,Heater,0.7243,30.177083333333332,1947.0,34.59166666666667,75.27916666666667,1,96,0.01
2025-06-25,Kitchen,Lights,0.0847,3.5208333333333335,35.0,34.59166666666667,75.27916666666667,7,96,0.073
2025-06-25,Living Room,AC,4.7823,199.26041666666666,1750.0,34.59166666666667,75.27916666666667,11,96,0.115
2025-06-25,Living Room,Fan,0.3774,15.895833333333334,95.0,34.59166666666667,75.27916666666667,14,96,0.146
2025-06-25,Living Room,Lights,0.1153,4.802083333333333,40.0,34.59166666666667,75.27916666666667,9,96,0.094
2025-06-25,Office,AC,5.8331,243.05208333333334,1756.0,34.59166666666667,75.27916666666667,14,96,0.146
2025-06-25,Office,Fan,0.2509,10.635416666666666,100.0,34.59166666666667,75.27916666666667,7,96,0.073
2025-06-25,Office,Lights,0.08,3.3333333333333335,30.0,34.59166666666667,75.27916666666667,6,96,0.062
2025-06-26,Bathroom,Heater,2.654,110.58333333333333,2462.0,34.3375,75.59270833333333,5,96,0.052
2025-06-26,Bathroom,Lights,0.0973,4.052083333333333,37.0,34.3375,75.59270833333333,8,96,0.083
2025-06-26,Bedroom,AC,4.2762,178.17708333333334,1676.0,34.3375,75.59270833333333,9,96,0.094
2025-06-26,Bedroom,Fan,0.3009,12.71875,100.0,34.3375,75.59270833333333,9,96,0.094
2025-06-26,Bedroom,Lights,0.0936,3.8958333333333335,39.0,34.3375,75.59270833333333,9,96,0.094
2025-06-26,Kitchen,Heater,1.5092999999999999,62.885416666666664,1915.0,34.3375,75.59270833333333,3,96,0.031
2025-06-26,Kitchen,Lights,0.0683,2.84375,33.0,34.3375,75.59270833333333,4,96,0.042
2025-06-26,Living Room,AC,6.2035,258.4791666666667,1681.0,34.3375,75.59270833333333,16,96,0.167
2025-06-26,Living Room,Fan,0.3907,16.447916666666668,98.0,34.3375,75.59270833333333,15,96,0.156
2025-06-26,Living Room,Lights,0.0826,3.4375,35.0,34.3375,75.59270833333333,7,96,0.073
2025-06-26,Office,AC,3.7624,156.77083333333334,1654.0,34.3375,75.59270833333333,8,96,0.083
2025-06-26,Office,Fan,0.3446,14.53125,100.0,34.3375,75.59270833333333,12,96,0.125
2025-06-26,Office,Lights,0.0952,3.96875,40.0,34.3375,75.59270833333333,7,96,0.073
2025-06-27,Bathroom,Heater,3.7394,155.80208333333334,2434.0,34.328125,75.29479166666667,6,96,0.062
2025-06-27,Bathroom,Lights,0.0948,3.9479166666666665,37.0,34.328125,75.29479166666667,8,96,0.083
2025-06-27,Bedroom,AC,5.6702,236.26041666666666,1795.0,34.328125,75.29479166666667,13,96,0.135
2025-06-27,Bedroom,Fan,0.28159999999999996,11.90625,79.0,34.328125,75.29479166666667,10,96,0.104
2025-06-27,Bedroom,Lights,0.1223,5.09375,38.0,34.328125,75.29479166666667,12,96,0.125
2025-06-27,Kitchen,Heater,1.6872,70.30208333333333,2096.0,34.328125,75.29479166666667,3,96,0.031
2025-06-27,Kitchen,Lights,0.1275,5.3125,40.0,34.328125,75.29479166666667,12,96,0.125
2025-06-27,Living Room,AC,4.8599000000000006,202.48958333333334,1705.0,34.328125,75.29479166666667,11,96,0.115
2025-06-27,Living Room,Fan,0.3826,16.114583333333332,98.0,34.328125,75.29479166666667,14,96,0.146
2025-06-27,Living Room,Lights,0.0956,3.9791666666666665,39.0,34.328125,75.29479166666667,8,96,0.083
2025-06-27,Office,AC,6.4508,268.78125,1703.0,34.328125,75.29479166666667,15,96,0.156
2025-06-27,Office,Fan,0.20929999999999999,8.90625,72.0,34.328125,75.29479166666667,6,96,0.062
2025-06-27,Office,Lights,0.0982,4.09375,38.0,34.328125,75.29479166666667,8,96,0.083
2025-06-28,Bathroom,Heater,2.1498,89.57291666666667,2168.0,34.52291666666667,75.63229166666666,4,96,0.042
2025-06-28,Bathroom,Lights,0.096,4.0,40.0,34.52291666666667,75.63229166666666,7,96,0.073
2025-06-28,Bedroom,AC,5.9901,249.58333333333334,1792.0,34.52291666666667,75.63229166666666,13,96,0.135
2025-06-28,Bedroom,Fan,0.4512,18.958333333333332,99.0,34.52291666666667,75.63229166666666,17,96,0.177
2025-06-28,Bedroom,Lights,0.0935,3.8958333333333335,40.0,34.52291666666667,75.63229166666666,8,96,0.083
2025-06-28,Kitchen,Heater,1.1923000000000001,49.677083333333336,2079.0,34.52291666666667,75.63229166666666,2,96,0.021
2025-06-28,Kitchen,Lights,0.0953,3.96875,36.0,34.52291666666667,75.63229166666666,8,96,0.083
2025-06-28,Living Room,AC,6.0791,253.29166666666666,1750.0,34.52291666666667,75.63229166666666,15,96,0.156
2025-06-28,Living Room,Fan,0.27099999999999996,11.479166666666666,97.0,34.52291666666667,75.63229166666666,9,96,0.094
2025-06-28,Living Room,Lights,0.1114,4.635416666666667,39.0,34.52291666666667,75.63229166666666,10,96,0.104
2025-06-28,Office,AC,6.1463,256.1041666666667,1721.0,34.52291666666667,75.63229166666666,15,96,0.156
2025-06-28,Office,Fan,0.2944,12.447916666666666,97.0,34.52291666666667,75.63229166666666,10,96,0.104
2025-06-28,Office,Lights,0.10579999999999999,4.40625,38.0,34.52291666666667,75.63229166666666,9,96,0.094
2025-06-29,Bathroom,Heater,1.7225,71.77083333333333,2407.0,34.668749999999996,75.17395833333333,3,96,0.031
2025-06-29,Bathroom,Lights,0.0858,3.5729166666666665,39.0,34.668749999999996,75.17395833333333,6,96,0.062
2025-06-29,Bedroom,AC,6.6068,275.28125,1791.0,34.668749999999996,75.17395833333333,16,96,0.167
2025-06-29,Bedroom,Fan,0.2945,12.447916666666666,94.0,34.668749999999996,75.17395833333333,10,96,0.104
2025-06-29,Bedroom,Lights,0.1125,4.6875,38.0,34.668749999999996,75.17395833333333,11,96,0.115
2025-06-29,Kitchen,Heater,0.24,10.0,10.0,34.668749999999996,75.17395833333333,0,96,0.0
2025-06-29,Kitchen,Lights,0.1148,4.791666666666667,40.0,34.668749999999996,75.17395833333333,10,96,0.104
2025-06-29,Living Room,AC,7.9758000000000004,332.3229166666667,1798.0,34.668749999999996,75.17395833333333,19,96,0.198
2025-06-29,Living Room,Fan,0.3077,13.0,97.0,34.668749999999996,75.17395833333333,11,96,0.115
2025-06-29,Living Room,Lights,0.11750000000000001,4.895833333333333,40.0,34.668749999999996,75.17395833333333,13,96,0.135
2025-06-29,Office,AC,9.6237,401.0,1769.0,34.668749999999996,75.17395833333333,23,96,0.24
2025-06-29,Office,Fan,0.3442,14.520833333333334,98.0,34.668749999999996,75.17395833333333,12,96,0.125
2025-06-29,Office,Lights,0.0863,3.59375,33.0,34.668749999999996,75.17395833333333,8,96,0.083
2025-06-30,Bathroom,Heater,1.7435,72.64583333333333,2136.0,34.41979166666667,75.87604166666667,3,96,0.031
2025-06-30,Bathroom,Lights,0.0827,3.4479166666666665,33.0,34.41979166666667,75.87604166666667,6,96,0.062
2025-06-30,Bedroom,AC,4.7967,199.86458333333334,1767.0,34.41979166666667,75.87604166666667,11,96,0.115
2025-06-30,Bedroom,Fan,0.3288,13.875,93.0,34.41979166666667,75.87604166666667,12,96,0.125
2025-06-30,Bedroom,Lights,0.0733,3.0520833333333335,36.0,34.41979166666667,75.87604166666667,5,96,0.052
2025-06-30,Kitchen,Heater,0.6995,29.145833333333332,1848.0,34.41979166666667,75.87604166666667,1,96,0.01
2025-06-30,Kitchen,Lights,0.0911,3.7916666666666665,39.0,34.41979166666667,75.87604166666667,7,96,0.073
2025-06-30,Living Room,AC,5.6342,234.76041666666666,1772.0,34.41979166666667,75.87604166666667,13,96,0.135
2025-06-30,Living Room,Fan,0.2885,12.197916666666666,99.0,34.41979166666667,75.87604166666667,8,96,0.083
2025-06-30,Living Room,Lights,0.0711,2.9583333333333335,35.0,34.41979166666667,75.87604166666667,4,96,0.042
2025-06-30,Office,AC,6.0316,251.32291666666666,1800.0,34.41979166666667,75.87604166666667,14,96,0.146
2025-06-30,Office,Fan,0.3756,15.822916666666666,95.0,34.41979166666667,75.87604166666667,14,96,0.146
2025-06-30,Office,Lights,0.0863,3.59375,32.0,34.41979166666667,75.87604166666667,9,96,0.094
2025-07-01,Bathroom,Heater,1.2407,51.697916666666664,2201.0,31.337500000000002,75.53750000000001,2,96,0.021
2025-07-01,Bathroom,Lights,0.0848,3.53125,37.0,31.337500000000002,75.53750000000001,9,96,0.094
2025-07-01,Bedroom,AC,3.7855,157.72916666666666,1764.0,31.337500000000002,75.53750000000001,7,96,0.073
2025-07-01,Bedroom,Fan,0.3253,13.739583333333334,95.0,31.337500000000002,75.53750000000001,11,96,0.115
2025-07-01,Bedroom,Lights,0.0979,4.083333333333333,37.0,31.337500000000002,75.53750000000001,9,96,0.094
2025-07-01,Kitchen,Heater,2.2782,94.92708333333333,2417.0,31.337500000000002,75.53750000000001,4,96,0.042
2025-07-01,Kitchen,Lights,0.0754,3.1458333333333335,30.0,31.337500000000002,75.53750000000001,5,96,0.052
2025-07-01,Living Room,AC,4.275,178.125,1788.0,31.337500000000002,75.53750000000001,9,96,0.094
2025-07-01,Living Room,Fan,0.25479999999999997,10.802083333333334,98.0,31.337500000000002,75.53750000000001,7,96,0.073
2025-07-01,Living Room,Lights,0.0992,4.135416666666667,38.0,31.337500000000002,75.53750000000001,8,96,0.083
2025-07-01,Office,AC,2.1004,87.52083333333333,1460.0,31.337500000000002,75.53750000000001,3,96,0.031
2025-07-01,Office,Fan,0.3278,13.833333333333334,99.0,31.337500000000002,75.53750000000001,11,96,0.115
2025-07-01,Office,Lights,0.0888,3.6979166666666665,35.0,31.337500000000002,75.53750000000001,7,96,0.073
2025-07-02,Bathroom,Heater,1.6032,66.80208333333333,2037.0,31.409375,75.31041666666667,3,96,0.031
2025-07-02,Bathroom,Lights,0.0852,3.5520833333333335,36.0,31.409375,75.31041666666667,8,96,0.083
2025-07-02,Bedroom,AC,5.419,225.79166666666666,1775.0,31.409375,75.31041666666667,12,96,0.125
2025-07-02,Bedroom,Fan,0.2999,12.666666666666666,99.0,31.409375,75.31041666666667,9,96,0.094
2025-07-02,Bedroom,Lights,0.0728,3.03125,38.0,31.409375,75.31041666666667,4,96,0.042
2025-07-02,Kitchen,Heater,0.24,10.0,10.0,31.409375,75.31041666666667,0,96,0.0
2025-07-02,Kitchen,Lights,0.0818,3.40625,39.0,31.409375,75.31041666666667,5,96,0.052
2025-07-02,Living Room,AC,5.1445,214.35416666666666,1788.0,31.409375,75.31041666666667,12,96,0.125
2025-07-02,Living Room,Fan,0.3327,14.041666666666666,97.0,31.409375,75.31041666666667,12,96,0.125
2025-07-02,Living Room,Lights,0.0936,3.8958333333333335,39.0,31.409375,75.31041666666667,7,96,0.073
2025-07-02,Office,AC,3.713,154.70833333333334,1740.0,31.409375,75.31041666666667,7,96,0.073
2025-07-02,Office,Fan,0.2677,11.333333333333334,95.0,31.409375,75.31041666666667,8,96,0.083
2025-07-02,Office,Lights,0.0742,3.09375,38.0,31.409375,75.31041666666667,4,96,0.042
2025-07-03,Bathroom,Heater,2.0856,86.89583333333333,2280.0,31.625,75.22708333333334,4,96,0.042
2025-07-03,Bathroom,Lights,0.0916,3.8125,39.0,31.625,75.22708333333334,7,96,0.073
2025-07-03,Bedroom,AC,4.4236,184.32291666666666,1641.0,31.625,75.22708333333334,10,96,0.104
2025-07-03,Bedroom,Fan,0.419,17.625,100.0,31.625,75.22708333333334,16,96,0.167
2025-07-03,Bedroom,Lights,0.0767,3.1979166666666665,38.0,31.625,75.22708333333334,5,96,0.052
2025-07-03,Kitchen,Heater,0.24,10.0,10.0,31.625,75.22708333333334,0,96,0.0
2025-07-03,Kitchen,Lights,0.0736,3.0625,31.0,31.625,75.22708333333334,5,96,0.052
2025-07-03,Living Room,AC,4.8114,200.46875,1799.0,31.625,75.22708333333334,10,96,0.104
2025-07-03,Living Room,Fan,0.3904,16.427083333333332,98.0,31.625,75.22708333333334,15,96,0.156
2025-07-03,Living Room,Lights,0.0808,3.3645833333333335,37.0,31.625,75.22708333333334,5,96,0.052
2025-07-03,Office,AC,4.4483,185.34375,1660.0,31.625,75.22708333333334,10,96,0.104
2025-07-03,Office,Fan,0.3434,14.489583333333334,98.0,31.625,75.22708333333334,12,96,0.125
2025-07-03,Office,Lights,0.1098,4.572916666666667,40.0,31.625,75.22708333333334,9,96,0.094
2025-07-04,Bathroom,Heater,3.2123,133.84375,2378.0,31.416666666666668,75.33333333333333,6,96,0.062
2025-07-04,Bathroom,Lights,0.0727,3.03125,38.0,31.416666666666668,75.33333333333333,4,96,0.042
2025-07-04,Bedroom,AC,4.9494,206.21875,1761.0,31.416666666666668,75.33333333333333,10,96,0.104
2025-07-04,Bedroom,Fan,0.358,15.09375,97.0,31.416666666666668,75.33333333333333,13,96,0.135
2025-07-04,Bedroom,Lights,0.1016,4.229166666666667,40.0,31.416666666666668,75.33333333333333,8,96,0.083
2025-07-04,Kitchen,Heater,0.7987000000000001,33.28125,2245.0,31.416666666666668,75.33333333333333,1,96,0.01
2025-07-04,Kitchen,Lights,0.0898,3.7395833333333335,38.0,31.416666666666668,75.33333333333333,6,96,0.062
2025-07-04,Living Room,AC,4.5869,191.125,1773.0,31.416666666666668,75.33333333333333,10,96,0.104
2025-07-04,Living Room,Fan,0.30229999999999996,12.78125,93.0,31.416666666666668,75.33333333333333,10,96,0.104
2025-07-04,Living Room,Lights,0.0822,3.4270833333333335,39.0,31.416666666666668,75.33333333333333,5,96,0.052
2025-07-04,Office,AC,5.7185999999999995,238.27083333333334,1791.0,31.416666666666668,75.33333333333333,14,96,0.146
2025-07-04,Office,Fan,0.3182,13.4375,100.0,31.416666666666668,75.33333333333333,11,96,0.115
2025-07-04,Office,Lights,0.09380000000000001,3.9166666666666665,33.0,31.416666666666668,75.33333333333333,7,96,0.073
2025-07-05,Bathroom,Heater,2.7125,113.02083333333333,2350.0,31.610416666666666,74.85729166666667,5,96,0.052
2025-07-05,Bathroom,Lights,0.0783,3.2604166666666665,25.0,31.610416666666666,74.85729166666667,8,96,0.083
2025-07-05,Bedroom,AC,4.7924,199.67708333333334,1760.0,31.610416666666666,74.85729166666667,11,96,0.115
2025-07-05,Bedroom,Fan,0.3125,13.197916666666666,98.0,31.610416666666666,74.85729166666667,10,96,0.104
2025-07-05,Bedroom,Lights,0.0827,3.4479166666666665,40.0,31.610416666666666,74.85729166666667,7,96,0.073
2025-07-05,Kitchen,Heater,1.4303,59.59375,1706.0,31.610416666666666,74.85729166666667,3,96,0.031
2025-07-05,Kitchen,Lights,0.1341,5.583333333333333,40.0,31.610416666666666,74.85729166666667,14,96,0.146
2025-07-05,Living Room,AC,5.2309,217.94791666666666,1774.0,31.610416666666666,74.85729166666667,12,96,0.125
2025-07-05,Living Room,Fan,0.3085,13.041666666666666,99.0,31.610416666666666,74.85729166666667,10,96,0.104
2025-07-05,Living Room,Lights,0.0982,4.09375,37.0,31.610416666666666,74.85729166666667,9,96,0.094
2025-07-05,Office,AC,5.1677,215.32291666666666,1721.0,31.610416666666666,74.85729166666667,12,96,0.125
2025-07-05,Office,Fan,0.4664,19.604166666666668,100.0,31.610416666666666,74.85729166666667,18,96,0.188
2025-07-05,Office,Lights,0.0714,2.96875,27.0,31.610416666666666,74.85729166666667,5,96,0.052
2025-07-06,Bathroom,Heater,2.1405,89.1875,2110.0,31.553124999999998,75.859375,4,96,0.042
2025-07-06,Bathroom,Lights,0.0848,3.53125,38.0,31.553124999999998,75.859375,6,96,0.062
2025-07-06,Bedroom,AC,6.7686,282.03125,1793.0,31.553124999999998,75.859375,15,96,0.156
2025-07-06,Bedroom,Fan,0.3596,15.15625,99.0,31.553124999999998,75.859375,12,96,0.125
2025-07-06,Bedroom,Lights,0.0992,4.135416666666667,40.0,31.553124999999998,75.859375,9,96,0.094
2025-07-06,Kitchen,Heater,1.8587999999999998,77.44791666666667,2420.0,31.553124999999998,75.859375,3,96,0.031
2025-07-06,Kitchen,Lights,0.0853,3.5520833333333335,38.0,31.553124999999998,75.859375,5,96,0.052
2025-07-06,Living Room,AC,7.3335,305.5729166666667,1800.0,31.553124999999998,75.859375,18,96,0.188
2025-07-06,Living Room,Fan,0.3111,13.135416666666666,91.0,31.553124999999998,75.859375,11,96,0.115
2025-07-06,Living Room,Lights,0.0795,3.3125,36.0,31.553124999999998,75.859375,6,96,0.062
2025-07-06,Office,AC,4.2076,175.3125,1594.0,31.553124999999998,75.859375,10,96,0.104
2025-07-06,Office,Fan,0.37129999999999996,15.635416666666666,99.0,31.553124999999998,75.859375,14,96,0.146
2025-07-06,Office,Lights,0.0701,2.9270833333333335,28.0,31.553124999999998,75.859375,5,96,0.052
2025-07-07,Bathroom,Heater,2.2083,92.01041666666667,2367.0,31.541666666666668,76.05520833333334,4,96,0.042
2025-07-07,Bathroom,Lights,0.0937,3.90625,40.0,31.541666666666668,76.05520833333334,7,96,0.073
2025-07-07,Bedroom,AC,4.0854,170.22916666666666,1750.0,31.541666666666668,76.05520833333334,9,96,0.094
2025-07-07,Bedroom,Fan,0.3046,12.875,97.0,31.541666666666668,76.05520833333334,10,96,0.104
2025-07-07,Bedroom,Lights,0.08700000000000001,3.625,40.0,31.541666666666668,76.05520833333334,5,96,0.052
2025-07-07,Kitchen,Heater,2.3038,95.98958333333333,2448.0,31.541666666666668,76.05520833333334,4,96,0.042
2025-07-07,Kitchen,Lights,0.1016,4.239583333333333,40.0,31.541666666666668,76.05520833333334,8,96,0.083
2025-07-07,Living Room,AC,5.0767,211.53125,1781.0,31.541666666666668,76.05520833333334,11,96,0.115
2025-07-07,Living Room,Fan,0.3101,13.09375,100.0,31.541666666666668,76.05520833333334,10,96,0.104
2025-07-07,Living Room,Lights,0.0969,4.041666666666667,40.0,31.541666666666668,76.05520833333334,8,96,0.083
2025-07-07,Office,AC,4.728,196.98958333333334,1758.0,31.541666666666668,76.05520833333334,10,96,0.104
2025-07-07,Office,Fan,0.28859999999999997,12.208333333333334,95.0,31.541666666666668,76.05520833333334,9,96,0.094
2025-07-07,Office,Lights,0.0593,2.46875,22.0,31.541666666666668,76.05520833333334,3,96,0.031
2025-07-08,Bathroom,Heater,1.0762,44.84375,1828.0,31.333333333333332,75.57604166666667,2,96,0.021
2025-07-08,Bathroom,Lights,0.0779,3.2395833333333335,38.0,31.333333333333332,75.57604166666667,7,96,0.073
2025-07-08,Bedroom,AC,3.5674,148.64583333333334,1597.0,31.333333333333332,75.57604166666667,7,96,0.073
2025-07-08,Bedroom,Fan,0.3912,16.46875,91.0,31.333333333333332,75.57604166666667,15,96,0.156
2025-07-08,Bedroom,Lights,0.077,3.2083333333333335,34.0,31.333333333333332,75.57604166666667,6,96,0.062
2025-07-08,Kitchen,Heater,1.6859,70.23958333333333,2003.0,31.333333333333332,75.57604166666667,3,96,0.031
2025-07-08,Kitchen,Lights,0.0742,3.09375,32.0,31.333333333333332,75.57604166666667,5,96,0.052
2025-07-08,Living Room,AC,4.1283,172.01041666666666,1778.0,31.333333333333332,75.57604166666667,8,96,0.083
2025-07-08,Living Room,Fan,0.3058,12.916666666666666,100.0,31.333333333333332,75.57604166666667,10,96,0.104
2025-07-08,Living Room,Lights,0.0754,3.1458333333333335,37.0,31.333333333333332,75.57604166666667,5,96,0.052
2025-07-08,Office,AC,4.7052,196.05208333333334,1794.0,31.333333333333332,75.57604166666667,9,96,0.094
2025-07-08,Office,Fan,0.325,13.708333333333334,99.0,31.333333333333332,75.57604166666667,11,96,0.115
2025-07-08,Office,Lights,0.0919,3.8333333333333335,34.0,31.333333333333332,75.57604166666667,8,96,0.083
2025-07-09,Bathroom,Heater,1.2685,52.854166666666664,2088.0,31.578125,75.41666666666667,2,96,0.021
2025-07-09,Bathroom,Lights,0.0896,3.7291666666666665,39.0,31.578125,75.41666666666667,6,96,0.062
2025-07-09,Bedroom,AC,5.8351,243.125,1767.0,31.578125,75.41666666666667,13,96,0.135
2025-07-09,Bedroom,Fan,0.2817,11.916666666666666,99.0,31.578125,75.41666666666667,9,96,0.094
2025-07-09,Bedroom,Lights,0.1012,4.21875,40.0,31.578125,75.41666666666667,9,96,0.094
2025-07-09,Kitchen,Heater,0.24,10.0,10.0,31.578125,75.41666666666667,0,96,0.0
2025-07-09,Kitchen,Lights,0.1018,4.239583333333333,39.0,31.578125,75.41666666666667,10,96,0.104
2025-07-09,Living Room,AC,3.6415,151.72916666666666,1481.0,31.578125,75.41666666666667,8,96,0.083
2025-07-09,Living Room,Fan,0.3339,14.083333333333334,100.0,31.578125,75.41666666666667,12,96,0.125
2025-07-09,Living Room,Lights,0.1058,4.416666666666667,38.0,31.578125,75.41666666666667,8,96,0.083
2025-07-09,Office,AC,4.6727,194.69791666666666,1787.0,31.578125,75.41666666666667,10,96,0.104
2025-07-09,Office,Fan,0.3434,14.479166666666666,99.0,31.578125,75.41666666666667,12,96,0.125
2025-07-09,Office,Lights,0.1136,4.739583333333333,37.0,31.578125,75.41666666666667,10,96,0.104
2025-07-10,Bathroom,Heater,1.9273,80.30208333333333,2341.0,31.523958333333336,75.85000000000001,3,96,0.031
2025-07-10,Bathroom,Lights,0.1001,4.177083333333333,38.0,31.523958333333336,75.85000000000001,8,96,0.083
2025-07-10,Bedroom,AC,5.9273,246.96875,1711.0,31.523958333333336,75.85000000000001,14,96,0.146
2025-07-10,Bedroom,Fan,0.2904,12.28125,97.0,31.523958333333336,75.85000000000001,9,96,0.094
2025-07-10,Bedroom,Lights,0.0814,3.3958333333333335,39.0,31.523958333333336,75.85000000000001,5,96,0.052
2025-07-10,Kitchen,Heater,1.1768,49.03125,2040.0,31.523958333333336,75.85000000000001,2,96,0.021
2025-07-10,Kitchen,Lights,0.0789,3.28125,39.0,31.523958333333336,75.85000000000001,6,96,0.062
2025-07-10,Living Room,AC,4.9346,205.60416666666666,1799.0,31.523958333333336,75.85000000000001,11,96,0.115
2025-07-10,Living Room,Fan,0.25329999999999997,10.739583333333334,97.0,31.523958333333336,75.85000000000001,8,96,0.083
2025-07-10,Living Room,Lights,0.0792,3.3020833333333335,37.0,31.523958333333336,75.85000000000001,7,96,0.073
2025-07-10,Office,AC,3.9003,162.51041666666666,1692.0,31.523958333333336,75.85000000000001,8,96,0.083
2025-07-10,Office,Fan,0.326,13.760416666666666,99.0,31.523958333333336,75.85000000000001,11,96,0.115
2025-07-10,Office,Lights,0.077,3.2083333333333335,34.0,31.523958333333336,75.85000000000001,5,96,0.052
2025-07-11,Bathroom,Heater,2.498,104.08333333333333,1941.0,31.630208333333332,75.38020833333333,5,96,0.052
2025-07-11,Bathroom,Lights,0.0971,4.052083333333333,33.0,31.630208333333332,75.38020833333333,9,96,0.094
2025-07-11,Bedroom,AC,2.9621,123.42708333333333,1722.0,31.630208333333332,75.38020833333333,5,96,0.052
2025-07-11,Bedroom,Fan,0.3312,13.979166666666666,100.0,31.630208333333332,75.38020833333333,11,96,0.115
2025-07-11,Bedroom,Lights,0.08750000000000001,3.6458333333333335,40.0,31.630208333333332,75.38020833333333,7,96,0.073
2025-07-11,Kitchen,Heater,2.1939,91.41666666666667,2328.0,31.630208333333332,75.38020833333333,4,96,0.042
2025-07-11,Kitchen,Lights,0.12240000000000001,5.104166666666667,40.0,31.630208333333332,75.38020833333333,12,96,0.125
2025-07-11,Living Room,AC,4.9724,207.1875,1702.0,31.630208333333332,75.38020833333333,11,96,0.115
2025-07-11,Living Room,Fan,0.3245,13.697916666666666,98.0,31.630208333333332,75.38020833333333,11,96,0.115
2025-07-11,Living Room,Lights,0.0865,3.6041666666666665,36.0,31.630208333333332,75.38020833333333,7,96,0.073
2025-07-11,Office,AC,4.4473,185.3125,1705.0,31.630208333333332,75.38020833333333,10,96,0.104
2025-07-11,Office,Fan,0.3671,15.479166666666666,100.0,31.630208333333332,75.38020833333333,13,96,0.135
2025-07-11,Office,Lights,0.0934,3.8854166666666665,40.0,31.630208333333332,75.38020833333333,7,96,0.073
2025-07-12,Bathroom,Heater,2.6753,111.46875,2262.0,31.3875,74.72812499999999,5,96,0.052
2025-07-12,Bathroom,Lights,0.09960000000000001,4.15625,40.0,31.3875,74.72812499999999,9,96,0.094
2025-07-12,Bedroom,AC,7.9407,330.8645833333333,1738.0,31.3875,74.72812499999999,19,96,0.198
2025-07-12,Bedroom,Fan,0.23079999999999998,9.802083333333334,99.0,31.3875,74.72812499999999,6,96,0.062
2025-07-12,Bedroom,Lights,0.0985,4.104166666666667,40.0,31.3875,74.72812499999999,9,96,0.094
2025-07-12,Kitchen,Heater,2.5614,106.72916666666667,2415.0,31.3875,74.72812499999999,5,96,0.052
2025-07-12,Kitchen,Lights,0.0877,3.65625,36.0,31.3875,74.72812499999999,7,96,0.073
2025-07-12,Living Room,AC,5.5011,229.20833333333334,1618.0,31.3875,74.72812499999999,13,96,0.135
2025-07-12,Living Room,Fan,0.3563,15.020833333333334,100.0,31.3875,74.72812499999999,13,96,0.135
2025-07-12,Living Room,Lights,0.0688,2.8645833333333335,31.0,31.3875,74.72812499999999,5,96,0.052
2025-07-12,Office,AC,5.9612,248.38541666666666,1739.0,31.3875,74.72812499999999,14,96,0.146
2025-07-12,Office,Fan,0.3408,14.375,99.0,31.3875,74.72812499999999,12,96,0.125
2025-07-12,Office,Lights,0.0693,2.8854166666666665,28.0,31.3875,74.72812499999999,5,96,0.052
2025-07-13,Bathroom,Heater,1.7313,72.13541666666667,2123.0,31.558333333333334,75.29791666666667,3,96,0.031
2025-07-13,Bathroom,Lights,0.11660000000000001,4.854166666666667,40.0,31.558333333333334,75.29791666666667,11,96,0.115
2025-07-13,Bedroom,AC,6.367,265.28125,1651.0,31.558333333333334,75.29791666666667,15,96,0.156
2025-07-13,Bedroom,Fan,0.3658,15.416666666666666,100.0,31.558333333333334,75.29791666666667,13,96,0.135
2025-07-13,Bedroom,Lights,0.0873,3.6354166666666665,33.0,31.558333333333334,75.29791666666667,8,96,0.083
2025-07-13,Kitchen,Heater,0.7897000000000001,32.90625,2209.0,31.558333333333334,75.29791666666667,1,96,0.01
2025-07-13,Kitchen,Lights,0.0891,3.71875,32.0,31.558333333333334,75.29791666666667,9,96,0.094
2025-07-13,Living Room,AC,7.1190999999999995,296.625,1797.0,31.558333333333334,75.29791666666667,16,96,0.167
2025-07-13,Living Room,Fan,0.3714,15.645833333333334,100.0,31.558333333333334,75.29791666666667,14,96,0.146
2025-07-13,Living Room,Lights,0.1074,4.46875,39.0,31.558333333333334,75.29791666666667,10,96,0.104
2025-07-13,Office,AC,5.1166,213.1875,1699.0,31.558333333333334,75.29791666666667,12,96,0.125
2025-07-13,Office,Fan,0.34709999999999996,14.635416666666666,92.0,31.558333333333334,75.29791666666667,13,96,0.135
2025-07-13,Office,Lights,0.1045,4.354166666666667,39.0,31.558333333333334,75.29791666666667,10,96,0.104
2025-07-14,Bathroom,Heater,1.2595,52.479166666666664,2486.0,31.652083333333334,75.18020833333334,2,96,0.021
2025-07-14,Bathroom,Lights,0.0646,2.6875,39.0,31.652083333333334,75.18020833333334,3,96,0.031
2025-07-14,Bedroom,AC,5.271,219.625,1784.0,31.652083333333334,75.18020833333334,12,96,0.125
2025-07-14,Bedroom,Fan,0.2597,11.010416666666666,97.0,31.652083333333334,75.18020833333334,7,96,0.073
2025-07-14,Bedroom,Lights,0.0875,3.6458333333333335,35.0,31.652083333333334,75.18020833333334,7,96,0.073
2025-07-14,Kitchen,Heater,2.1289000000000002,88.70833333333333,2192.0,31.652083333333334,75.18020833333334,4,96,0.042
2025-07-14,Kitchen,Lights,0.073,3.0416666666666665,37.0,31.652083333333334,75.18020833333334,6,96,0.062
2025-07-14,Living Room,AC,6.1817,257.5729166666667,1766.0,31.652083333333334,75.18020833333334,14,96,0.146
2025-07-14,Living Room,Fan,0.366,15.416666666666666,99.0,31.652083333333334,75.18020833333334,13,96,0.135
2025-07-14,Living Room,Lights,0.094,3.9166666666666665,38.0,31.652083333333334,75.18020833333334,9,96,0.094
2025-07-14,Office,AC,3.8131,158.88541666666666,1769.0,31.652083333333334,75.18020833333334,8,96,0.083
2025-07-14,Office,Fan,0.2944,12.447916666666666,99.0,31.652083333333334,75.18020833333334,8,96,0.083
2025-07-14,Office,Lights,0.0912,3.8020833333333335,29.0,31.652083333333334,75.18020833333334,9,96,0.094
2025-07-15,Bathroom,Heater,1.8492,77.05208333333333,2500.0,31.620833333333334,75.41458333333334,3,96,0.031
2025-07-15,Bathroom,Lights,0.1093,4.552083333333333,39.0,31.620833333333334,75.41458333333334,10,96,0.104
2025-07-15,Bedroom,AC,5.4157,225.64583333333334,1692.0,31.620833333333334,75.41458333333334,13,96,0.135
2025-07-15,Bedroom,Fan,0.3992,16.802083333333332,100.0,31.620833333333334,75.41458333333334,14,96,0.146
2025-07-15,Bedroom,Lights,0.1088,4.541666666666667,40.0,31.620833333333334,75.41458333333334,10,96,0.104
2025-07-15,Kitchen,Heater,0.8610000000000001,35.875,2494.0,31.620833333333334,75.41458333333334,1,96,0.01
2025-07-15,Kitchen,Lights,0.08449999999999999,3.5208333333333335,40.0,31.620833333333334,75.41458333333334,5,96,0.052
2025-07-15,Living Room,AC,5.1347000000000005,213.94791666666666,1714.0,31.620833333333334,75.41458333333334,11,96,0.115
2025-07-15,Living Room,Fan,0.2738,11.59375,92.0,31.620833333333334,75.41458333333334,9,96,0.094
2025-07-15,Living Room,Lights,0.1111,4.625,39.0,31.620833333333334,75.41458333333334,10,96,0.104
2025-07-15,Office,AC,4.0172,167.38541666666666,1561.0,31.620833333333334,75.41458333333334,9,96,0.094
2025-07-15,Office,Fan,0.32489999999999997,13.71875,95.0,31.620833333333334,75.41458333333334,11,96,0.115
2025-07-15,Office,Lights,0.0908,3.78125,38.0,31.620833333333334,75.41458333333334,7,96,0.073
2025-07-16,Bathroom,Heater,2.1944999999999997,91.4375,2057.0,31.359375,75.46041666666666,4,96,0.042
2025-07-16,Bathroom,Lights,0.0858,3.5729166666666665,38.0,31.359375,75.46041666666666,7,96,0.073
2025-07-16,Bedroom,AC,5.7047,237.69791666666666,1754.0,31.359375,75.46041666666666,12,96,0.125
2025-07-16,Bedroom,Fan,0.1961,8.364583333333334,84.0,31.359375,75.46041666666666,5,96,0.052
2025-07-16,Bedroom,Lights,0.095,3.9583333333333335,40.0,31.359375,75.46041666666666,8,96,0.083
2025-07-16,Kitchen,Heater,2.1244,88.52083333333333,2429.0,31.359375,75.46041666666666,4,96,0.042
2025-07-16,Kitchen,Lights,0.0846,3.5208333333333335,40.0,31.359375,75.46041666666666,8,96,0.083
2025-07-16,Living Room,AC,3.2751,136.45833333333334,1767.0,31.359375,75.46041666666666,6,96,0.062
2025-07-16,Living Room,Fan,0.2299,9.770833333333334,96.0,31.359375,75.46041666666666,6,96,0.062
2025-07-16,Living Room,Lights,0.0881,3.6666666666666665,36.0,31.359375,75.46041666666666,6,96,0.062
2025-07-16,Office,AC,5.8919,245.48958333333334,1783.0,31.359375,75.46041666666666,13,96,0.135
2025-07-16,Office,Fan,0.3442,14.520833333333334,97.0,31.359375,75.46041666666666,11,96,0.115
2025-07-16,Office,Lights,0.101,4.208333333333333,40.0,31.359375,75.46041666666666,8,96,0.083
2025-07-17,Bathroom,Heater,1.1602,48.34375,1932.0,31.585416666666664,75.24479166666667,2,96,0.021
2025-07-17,Bathroom,Lights,0.0933,3.8854166666666665,39.0,31.585416666666664,75.24479166666667,8,96,0.083
2025-07-17,Bedroom,AC,3.4252000000000002,142.71875,1629.0,31.585416666666664,75.24479166666667,7,96,0.073
2025-07-17,Bedroom,Fan,0.2562,10.864583333333334,96.0,31.585416666666664,75.24479166666667,7,96,0.073
2025-07-17,Bedroom,Lights,0.0935,3.8958333333333335,37.0,31.585416666666664,75.24479166666667,7,96,0.073
2025-07-17,Kitchen,Heater,1.7206000000000001,71.6875,2498.0,31.585416666666664,75.24479166666667,3,96,0.031
2025-07-17,Kitchen,Lights,0.0835,3.4791666666666665,40.0,31.585416666666664,75.24479166666667,6,96,0.062
2025-07-17,Living Room,AC,4.6289,192.86458333333334,1791.0,31.585416666666664,75.24479166666667,11,96,0.115
2025-07-17,Living Room,Fan,0.3172,13.395833333333334,99.0,31.585416666666664,75.24479166666667,11,96,0.115
2025-07-17,Living Room,Lights,0.0696,2.8958333333333335,35.0,31.585416666666664,75.24479166666667,3,96,0.031
2025-07-17,Office,AC,5.0148,208.94791666666666,1690.0,31.585416666666664,75.24479166666667,12,96,0.125
2025-07-17,Office,Fan,0.4506,18.9375,99.0,31.585416666666664,75.24479166666667,17,96,0.177
2025-07-17,Office,Lights,0.091,3.7916666666666665,38.0,31.585416666666664,75.24479166666667,7,96,0.073
2025-07-18,Bathroom,Heater,1.1315,47.145833333333336,1998.0,31.628125,75.79270833333334,2,96,0.021
2025-07-18,Bathroom,Lights,0.0888,3.6979166666666665,32.0,31.628125,75.79270833333334,7,96,0.073
2025-07-18,Bedroom,AC,4.9277,205.3125,1713.0,31.628125,75.79270833333334,11,96,0.115
2025-07-18,Bedroom,Fan,0.3125,13.197916666666666,98.0,31.628125,75.79270833333334,10,96,0.104
2025-07-18,Bedroom,Lights,0.062,2.5833333333333335,25.0,31.628125,75.79270833333334,3,96,0.031
2025-07-18,Kitchen,Heater,1.3752,57.302083333333336,2305.0,31.628125,75.79270833333334,2,96,0.021
2025-07-18,Kitchen,Lights,0.0945,3.9375,39.0,31.628125,75.79270833333334,8,96,0.083
2025-07-18,Living Room,AC,4.0058,166.90625,1662.0,31.628125,75.79270833333334,9,96,0.094
2025-07-18,Living Room,Fan,0.2862,12.114583333333334,98.0,31.628125,75.79270833333334,9,96,0.094
2025-07-18,Living Room,Lights,0.0813,3.3854166666666665,40.0,31.628125,75.79270833333334,5,96,0.052
2025-07-18,Office,AC,4.8764,203.17708333333334,1798.0,31.628125,75.79270833333334,10,96,0.104
2025-07-18,Office,Fan,0.3034,12.833333333333334,93.0,31.628125,75.79270833333334,11,96,0.115
2025-07-18,Office,Lights,0.0685,2.8541666666666665,40.0,31.628125,75.79270833333334,3,96,0.031
2025-07-19,Bathroom,Heater,2.6511,110.45833333333333,2273.0,31.491666666666664,75.14687500000001,5,96,0.052
2025-07-19,Bathroom,Lights,0.0788,3.28125,30.0,31.491666666666664,75.14687500000001,7,96,0.073
2025-07-19,Bedroom,AC,5.5828,232.625,1763.0,31.491666666666664,75.14687500000001,14,96,0.146
2025-07-19,Bedroom,Fan,0.45499999999999996,19.125,99.0,31.491666666666664,75.14687500000001,18,96,0.188
2025-07-19,Bedroom,Lights,0.1071,4.46875,40.0,31.491666666666664,75.14687500000001,9,96,0.094
2025-07-19,Kitchen,Heater,1.3399999999999999,55.833333333333336,2326.0,31.491666666666664,75.14687500000001,2,96,0.021
2025-07-19,Kitchen,Lights,0.0979,4.083333333333333,32.0,31.491666666666664,75.14687500000001,10,96,0.104
2025-07-19,Living Room,AC,4.4818,186.73958333333334,1695.0,31.491666666666664,75.14687500000001,11,96,0.115
2025-07-19,Living Room,Fan,0.3502,14.770833333333334,99.0,31.491666666666664,75.14687500000001,12,96,0.125
2025-07-19,Living Room,Lights,0.08460000000000001,3.5208333333333335,35.0,31.491666666666664,75.14687500000001,6,96,0.062
2025-07-19,Office,AC,4.8411,201.70833333333334,1786.0,31.491666666666664,75.14687500000001,11,96,0.115
2025-07-19,Office,Fan,0.3211,13.552083333333334,100.0,31.491666666666664,75.14687500000001,11,96,0.115
2025-07-19,Office,Lights,0.0947,3.9375,39.0,31.491666666666664,75.14687500000001,7,96,0.073
2025-07-20,Bathroom,Heater,1.083,45.125,1742.0,31.522916666666664,75.83749999999999,2,96,0.021
2025-07-20,Bathroom,Lights,0.0775,3.2291666666666665,33.0,31.522916666666664,75.83749999999999,5,96,0.052
2025-07-20,Bedroom,AC,5.1829,215.95833333333334,1737.0,31.522916666666664,75.83749999999999,12,96,0.125
2025-07-20,Bedroom,Fan,0.2807,11.875,98.0,31.522916666666664,75.83749999999999,9,96,0.094
2025-07-20,Bedroom,Lights,0.0905,3.7708333333333335,34.0,31.522916666666664,75.83749999999999,8,96,0.083
2025-07-20,Kitchen,Heater,0.6585,27.4375,1684.0,31.522916666666664,75.83749999999999,1,96,0.01
2025-07-20,Kitchen,Lights,0.082,3.4166666666666665,38.0,31.522916666666664,75.83749999999999,7,96,0.073
2025-07-20,Living Room,AC,6.7681,282.0,1729.0,31.522916666666664,75.83749999999999,17,96,0.177
2025-07-20,Living Room,Fan,0.4198,17.65625,98.0,31.522916666666664,75.83749999999999,16,96,0.167
2025-07-20,Living Room,Lights,0.1062,4.427083333333333,34.0,31.522916666666664,75.83749999999999,11,96,0.115
2025-07-20,Office,AC,6.8023,283.4270833333333,1780.0,31.522916666666664,75.83749999999999,17,96,0.177
2025-07-20,Office,Fan,0.2643,11.197916666666666,97.0,31.522916666666664,75.83749999999999,8,96,0.083
2025-07-20,Office,Lights,0.072,3.0,31.0,31.522916666666664,75.83749999999999,6,96,0.062
2025-07-21,Bathroom,Heater,0.9968,41.53125,1535.0,31.378125,75.61666666666666,2,96,0.021
2025-07-21,Bathroom,Lights,0.0829,3.4583333333333335,40.0,31.378125,75.61666666666666,7,96,0.073
2025-07-21,Bedroom,AC,5.1648000000000005,215.19791666666666,1777.0,31.378125,75.61666666666666,11,96,0.115
2025-07-21,Bedroom,Fan,0.2731,11.5625,87.0,31.378125,75.61666666666666,9,96,0.094
2025-07-21,Bedroom,Lights,0.0756,3.1458333333333335,35.0,31.378125,75.61666666666666,5,96,0.052
2025-07-21,Kitchen,Heater,2.717,113.20833333333333,2407.0,31.378125,75.61666666666666,5,96,0.052
2025-07-21,Kitchen,Lights,0.0655,2.7291666666666665,32.0,31.378125,75.61666666666666,4,96,0.042
2025-07-21,Living Room,AC,6.3082,262.8333333333333,1698.0,31.378125,75.61666666666666,15,96,0.156
2025-07-21,Living Room,Fan,0.31829999999999997,13.4375,99.0,31.378125,75.61666666666666,10,96,0.104
2025-07-21,Living Room,Lights,0.0901,3.7604166666666665,38.0,31.378125,75.61666666666666,9,96,0.094
2025-07-21,Office,AC,6.5289,272.0416666666667,1797.0,31.378125,75.61666666666666,16,96,0.167
2025-07-21,Office,Fan,0.2617,11.083333333333334,99.0,31.378125,75.61666666666666,8,96,0.083
2025-07-21,Office,Lights,0.0964,4.010416666666667,39.0,31.378125,75.61666666666666,9,96,0.094
2025-07-22,Bathroom,Heater,3.0299,126.25,2433.0,31.351041666666664,75.1125,5,96,0.052
2025-07-22,Bathroom,Lights,0.1139,4.75,37.0,31.351041666666664,75.1125,13,96,0.135
2025-07-22,Bedroom,AC,2.8355,118.14583333333333,1724.0,31.351041666666664,75.1125,5,96,0.052
2025-07-22,Bedroom,Fan,0.2759,11.677083333333334,98.0,31.351041666666664,75.1125,9,96,0.094
2025-07-22,Bedroom,Lights,0.0783,3.2604166666666665,35.0,31.351041666666664,75.1125,5,96,0.052
2025-07-22,Kitchen,Heater,1.7428000000000001,72.61458333333333,2406.0,31.351041666666664,75.1125,3,96,0.031
2025-07-22,Kitchen,Lights,0.0802,3.34375,28.0,31.351041666666664,75.1125,8,96,0.083
2025-07-22,Living Room,AC,5.4796000000000005,228.3125,1747.0,31.351041666666664,75.1125,12,96,0.125
2025-07-22,Living Room,Fan,0.31729999999999997,13.40625,99.0,31.351041666666664,75.1125,10,96,0.104
2025-07-22,Living Room,Lights,0.0876,3.6458333333333335,39.0,31.351041666666664,75.1125,7,96,0.073
2025-07-22,Office,AC,5.6344,234.77083333333334,1673.0,31.351041666666664,75.1125,14,96,0.146
2025-07-22,Office,Fan,0.24589999999999998,10.4375,97.0,31.351041666666664,75.1125,7,96,0.073
2025-07-22,Office,Lights,0.084,3.5,37.0,31.351041666666664,75.1125,7,96,0.073
2025-07-23,Bathroom,Heater,1.9629,81.79166666666667,2389.0,31.521874999999998,75.20937500000001,3,96,0.031
2025-07-23,Bathroom,Lights,0.1042,4.34375,40.0,31.521874999999998,75.20937500000001,9,96,0.094
2025-07-23,Bedroom,AC,4.4366,184.86458333333334,1686.0,31.521874999999998,75.20937500000001,9,96,0.094
2025-07-23,Bedroom,Fan,0.43079999999999996,18.125,100.0,31.521874999999998,75.20937500000001,17,96,0.177
2025-07-23,Bedroom,Lights,0.0874,3.6458333333333335,38.0,31.521874999999998,75.20937500000001,6,96,0.062
2025-07-23,Kitchen,Heater,0.7135,29.729166666666668,1904.0,31.521874999999998,75.20937500000001,1,96,0.01
2025-07-23,Kitchen,Lights,0.0903,3.7604166666666665,39.0,31.521874999999998,75.20937500000001,6,96,0.062
2025-07-23,Living Room,AC,3.3638,140.15625,1728.0,31.521874999999998,75.20937500000001,6,96,0.062
2025-07-23,Living Room,Fan,0.2586,10.958333333333334,99.0,31.521874999999998,75.20937500000001,8,96,0.083
2025-07-23,Living Room,Lights,0.0948,3.9479166666666665,34.0,31.521874999999998,75.20937500000001,8,96,0.083
2025-07-23,Office,AC,4.2033000000000005,175.13541666666666,1700.0,31.521874999999998,75.20937500000001,9,96,0.094
2025-07-23,Office,Fan,0.3377,14.25,99.0,31.521874999999998,75.20937500000001,11,96,0.115
2025-07-23,Office,Lights,0.0994,4.145833333333333,37.0,31.521874999999998,75.20937500000001,7,96,0.073
2025-07-24,Bathroom,Heater,2.2603,94.17708333333333,2432.0,31.525000000000002,75.21875,4,96,0.042
2025-07-24,Bathroom,Lights,0.0952,3.96875,39.0,31.525000000000002,75.21875,8,96,0.083
2025-07-24,Bedroom,AC,5.4038,225.15625,1774.0,31.525000000000002,75.21875,12,96,0.125
2025-07-24,Bedroom,Fan,0.3029,12.8125,97.0,31.525000000000002,75.21875,10,96,0.104
2025-07-24,Bedroom,Lights,0.1182,4.927083333333333,38.0,31.525000000000002,75.21875,12,96,0.125
2025-07-24,Kitchen,Heater,1.2998,54.15625,2364.0,31.525000000000002,75.21875,2,96,0.021
2025-07-24,Kitchen,Lights,0.1115,4.645833333333333,40.0,31.525000000000002,75.21875,10,96,0.104
2025-07-24,Living Room,AC,4.1495999999999995,172.89583333333334,1722.0,31.525000000000002,75.21875,9,96,0.094
2025-07-24,Living Room,Fan,0.38839999999999997,16.354166666666668,98.0,31.525000000000002,75.21875,15,96,0.156
2025-07-24,Living Room,Lights,0.1067,4.447916666666667,38.0,31.525000000000002,75.21875,9,96,0.094
2025-07-24,Office,AC,5.2427,218.44791666666666,1799.0,31.525000000000002,75.21875,12,96,0.125
2025-07-24,Office,Fan,0.2878,12.166666666666666,99.0,31.525000000000002,75.21875,9,96,0.094
2025-07-24,Office,Lights,0.0774,3.2291666666666665,30.0,31.525000000000002,75.21875,6,96,0.062
2025-07-25,Bathroom,Heater,0.735,30.625,1990.0,31.660416666666666,75.65208333333334,1,96,0.01
2025-07-25,Bathroom,Lights,0.1146,4.770833333333333,38.0,31.660416666666666,75.65208333333334,10,96,0.104
2025-07-25,Bedroom,AC,5.659,235.79166666666666,1752.0,31.660416666666666,75.65208333333334,14,96,0.146
2025-07-25,Bedroom,Fan,0.33899999999999997,14.302083333333334,96.0,31.660416666666666,75.65208333333334,12,96,0.125
2025-07-25,Bedroom,Lights,0.0832,3.46875,39.0,31.660416666666666,75.65208333333334,5,96,0.052
2025-07-25,Kitchen,Heater,2.8655,119.39583333333333,2249.0,31.660416666666666,75.65208333333334,6,96,0.062
2025-07-25,Kitchen,Lights,0.07490000000000001,3.125,38.0,31.660416666666666,75.65208333333334,5,96,0.052
2025-07-25,Living Room,AC,4.5870999999999995,191.125,1682.0,31.660416666666666,75.65208333333334,10,96,0.104
2025-07-25,Living Room,Fan,0.3327,14.041666666666666,94.0,31.660416666666666,75.65208333333334,12,96,0.125
2025-07-25,Living Room,Lights,0.0525,2.1875,20.0,31.660416666666666,75.65208333333334,1,96,0.01
2025-07-25,Office,AC,4.7776000000000005,199.0625,1766.0,31.660416666666666,75.65208333333334,11,96,0.115
2025-07-25,Office,Fan,0.3241,13.677083333333334,97.0,31.660416666666666,75.65208333333334,11,96,0.115
2025-07-25,Office,Lights,0.06420000000000001,2.6770833333333335,25.0,31.660416666666666,75.65208333333334,4,96,0.042
2025-07-26,Bathroom,Heater,1.907,79.45833333333333,2410.0,31.692708333333332,75.68645833333333,3,96,0.031
2025-07-26,Bathroom,Lights,0.0921,3.84375,38.0,31.692708333333332,75.68645833333333,8,96,0.083
2025-07-26,Bedroom,AC,7.8763000000000005,328.1770833333333,1680.0,31.692708333333332,75.68645833333333,21,96,0.219
2025-07-26,Bedroom,Fan,0.3216,13.572916666666666,98.0,31.692708333333332,75.68645833333333,11,96,0.115
2025-07-26,Bedroom,Lights,0.0719,3.0,38.0,31.692708333333332,75.68645833333333,4,96,0.042
2025-07-26,Kitchen,Heater,0.6435000000000001,26.8125,1624.0,31.692708333333332,75.68645833333333,1,96,0.01
2025-07-26,Kitchen,Lights,0.0711,2.9583333333333335,39.0,31.692708333333332,75.68645833333333,5,96,0.052
2025-07-26,Living Room,AC,6.9847,291.03125,1735.0,31.692708333333332,75.68645833333333,16,96,0.167
2025-07-26,Living Room,Fan,0.3311,13.96875,89.0,31.692708333333332,75.68645833333333,12,96,0.125
2025-07-26,Living Room,Lights,0.0765,3.1875,36.0,31.692708333333332,75.68645833333333,4,96,0.042
2025-07-26,Office,AC,4.8641,202.67708333333334,1736.0,31.692708333333332,75.68645833333333,11,96,0.115
2025-07-26,Office,Fan,0.2579,10.927083333333334,100.0,31.692708333333332,75.68645833333333,8,96,0.083
2025-07-26,Office,Lights,0.1091,4.541666666666667,40.0,31.692708333333332,75.68645833333333,11,96,0.115
2025-07-27,Bathroom,Heater,1.4042000000000001,58.510416666666664,2465.0,31.483333333333334,75.43854166666667,2,96,0.021
2025-07-27,Bathroom,Lights,0.0767,3.1979166666666665,37.0,31.483333333333334,75.43854166666667,6,96,0.062
2025-07-27,Bedroom,AC,4.7069,196.125,1794.0,31.483333333333334,75.43854166666667,10,96,0.104
2025-07-27,Bedroom,Fan,0.34349999999999997,14.489583333333334,98.0,31.483333333333334,75.43854166666667,12,96,0.125
2025-07-27,Bedroom,Lights,0.1353,5.635416666666667,39.0,31.483333333333334,75.43854166666667,12,96,0.125
2025-07-27,Kitchen,Heater,0.8114999999999999,33.8125,2296.0,31.483333333333334,75.43854166666667,1,96,0.01
2025-07-27,Kitchen,Lights,0.0646,2.6875,27.0,31.483333333333334,75.43854166666667,4,96,0.042
2025-07-27,Living Room,AC,5.1827,215.9375,1777.0,31.483333333333334,75.43854166666667,12,96,0.125
2025-07-27,Living Room,Fan,0.4284,18.020833333333332,99.0,31.483333333333334,75.43854166666667,16,96,0.167
2025-07-27,Living Room,Lights,0.0863,3.6041666666666665,37.0,31.483333333333334,75.43854166666667,8,96,0.083
2025-07-27,Office,AC,4.423,184.29166666666666,1778.0,31.483333333333334,75.43854166666667,9,96,0.094
2025-07-27,Office,Fan,0.22299999999999998,9.479166666666666,99.0,31.483333333333334,75.43854166666667,6,96,0.062
2025-07-27,Office,Lights,0.0844,3.5208333333333335,40.0,31.483333333333334,75.43854166666667,7,96,0.073
2025-07-28,Bathroom,Heater,0.8475,35.3125,2440.0,31.618750000000002,75.55,1,96,0.01
2025-07-28,Bathroom,Lights,0.0977,4.072916666666667,36.0,31.618750000000002,75.55,9,96,0.094
2025-07-28,Bedroom,AC,4.9531,206.375,1767.0,31.618750000000002,75.55,12,96,0.125
2025-07-28,Bedroom,Fan,0.3146,13.291666666666666,100.0,31.618750000000002,75.55,10,96,0.104
2025-07-28,Bedroom,Lights,0.079,3.2916666666666665,33.0,31.618750000000002,75.55,7,96,0.073
2025-07-28,Kitchen,Heater,2.4078999999999997,100.33333333333333,2376.0,31.618750000000002,75.55,4,96,0.042
2025-07-28,Kitchen,Lights,0.0952,3.96875,34.0,31.618750000000002,75.55,9,96,0.094
2025-07-28,Living Room,AC,5.019,209.125,1772.0,31.618750000000002,75.55,11,96,0.115
2025-07-28,Living Room,Fan,0.3525,14.864583333333334,98.0,31.618750000000002,75.55,13,96,0.135
2025-07-28,Living Room,Lights,0.1051,4.375,40.0,31.618750000000002,75.55,9,96,0.094
2025-07-28,Office,AC,2.7229,113.45833333333333,1458.0,31.618750000000002,75.55,5,96,0.052
2025-07-28,Office,Fan,0.3893,16.385416666666668,100.0,31.618750000000002,75.55,15,96,0.156
2025-07-28,Office,Lights,0.1041,4.34375,37.0,31.618750000000002,75.55,9,96,0.094
2025-07-29,Bathroom,Heater,2.1511,89.625,2058.0,31.646874999999998,75.80104166666666,4,96,0.042
2025-07-29,Bathroom,Lights,0.1101,4.59375,38.0,31.646874999999998,75.80104166666666,9,96,0.094
2025-07-29,Bedroom,AC,3.9763,165.67708333333334,1645.0,31.646874999999998,75.80104166666666,8,96,0.083
2025-07-29,Bedroom,Fan,0.2827,11.958333333333334,100.0,31.646874999999998,75.80104166666666,9,96,0.094
2025-07-29,Bedroom,Lights,0.0889,3.6979166666666665,31.0,31.646874999999998,75.80104166666666,9,96,0.094
2025-07-29,Kitchen,Heater,2.1174,88.21875,2207.0,31.646874999999998,75.80104166666666,4,96,0.042
2025-07-29,Kitchen,Lights,0.1182,4.916666666666667,40.0,31.646874999999998,75.80104166666666,9,96,0.094
2025-07-29,Living Room,AC,3.9358000000000004,164.0,1797.0,31.646874999999998,75.80104166666666,8,96,0.083
2025-07-29,Living Room,Fan,0.3003,12.6875,99.0,31.646874999999998,75.80104166666666,11,96,0.115
2025-07-29,Living Room,Lights,0.0818,3.40625,39.0,31.646874999999998,75.80104166666666,6,96,0.062
2025-07-29,Office,AC,3.0403,126.67708333333333,1720.0,31.646874999999998,75.80104166666666,5,96,0.052
2025-07-29,Office,Fan,0.3228,13.635416666666666,100.0,31.646874999999998,75.80104166666666,11,96,0.115
2025-07-29,Office,Lights,0.0863,3.59375,39.0,31.646874999999998,75.80104166666666,7,96,0.073
2025-07-30,Bathroom,Heater,1.6943,70.59375,2338.0,31.615624999999998,75.36979166666667,3,96,0.031
2025-07-30,Bathroom,Lights,0.1002,4.166666666666667,36.0,31.615624999999998,75.36979166666667,8,96,0.083
2025-07-30,Bedroom,AC,3.3658,140.23958333333334,1687.0,31.615624999999998,75.36979166666667,6,96,0.062
2025-07-30,Bedroom,Fan,0.21209999999999998,9.03125,100.0,31.615624999999998,75.36979166666667,5,96,0.052
2025-07-30,Bedroom,Lights,0.0901,3.7604166666666665,37.0,31.615624999999998,75.36979166666667,7,96,0.073
2025-07-30,Kitchen,Heater,0.8137000000000001,33.90625,2305.0,31.615624999999998,75.36979166666667,1,96,0.01
2025-07-30,Kitchen,Lights,0.0892,3.71875,37.0,31.615624999999998,75.36979166666667,7,96,0.073
2025-07-30,Living Room,AC,3.6404,151.67708333333334,1735.0,31.615624999999998,75.36979166666667,8,96,0.083
2025-07-30,Living Room,Fan,0.35879999999999995,15.125,93.0,31.615624999999998,75.36979166666667,13,96,0.135
2025-07-30,Living Room,Lights,0.0673,2.8020833333333335,28.0,31.615624999999998,75.36979166666667,4,96,0.042
2025-07-30,Office,AC,4.2224,175.92708333333334,1696.0,31.615624999999998,75.36979166666667,9,96,0.094
2025-07-30,Office,Fan,0.2331,9.895833333333334,98.0,31.615624999999998,75.36979166666667,6,96,0.062
2025-07-30,Office,Lights,0.0761,3.1666666666666665,31.0,31.615624999999998,75.36979166666667,6,96,0.062
2025-07-31,Bathroom,Heater,0.8580000000000001,35.75,2482.0,31.521874999999998,75.27083333333333,1,96,0.01
2025-07-31,Bathroom,Lights,0.094,3.9166666666666665,38.0,31.521874999999998,75.27083333333333,8,96,0.083
2025-07-31,Bedroom,AC,4.6799,195.0,1645.0,31.521874999999998,75.27083333333333,11,96,0.115
2025-07-31,Bedroom,Fan,0.3234,13.645833333333334,100.0,31.521874999999998,75.27083333333333,11,96,0.115
2025-07-31,Bedroom,Lights,0.089,3.71875,37.0,31.521874999999998,75.27083333333333,7,96,0.073
2025-07-31,Kitchen,Heater,1.8035,75.14583333333333,2479.0,31.521874999999998,75.27083333333333,3,96,0.031
2025-07-31,Kitchen,Lights,0.079,3.2916666666666665,30.0,31.521874999999998,75.27083333333333,5,96,0.052
2025-07-31,Living Room,AC,4.0705,169.60416666666666,1682.0,31.521874999999998,75.27083333333333,9,96,0.094
2025-07-31,Living Room,Fan,0.3091,13.052083333333334,96.0,31.521874999999998,75.27083333333333,11,96,0.115
2025-07-31,Living Room,Lights,0.083,3.4583333333333335,38.0,31.521874999999998,75.27083333333333,6,96,0.062
2025-07-31,Office,AC,2.0223,84.26041666666667,1150.0,31.521874999999998,75.27083333333333,3,96,0.031
2025-07-31,Office,Fan,0.2973,12.5625,99.0,31.521874999999998,75.27083333333333,10,96,0.104
2025-07-31,Office,Lights,0.0939,3.90625,40.0,31.521874999999998,75.27083333333333,8,96,0.083
2025-08-01,Bathroom,Heater,2.774,115.58333333333333,2321.0,30.58020833333333,75.128125,5,96,0.052
2025-08-01,Bathroom,Lights,0.0736,3.0625,39.0,30.58020833333333,75.128125,5,96,0.052
2025-08-01,Bedroom,AC,4.4679,186.15625,1691.0,30.58020833333333,75.128125,10,96,0.104
2025-08-01,Bedroom,Fan,0.3165,13.364583333333334,98.0,30.58020833333333,75.128125,11,96,0.115
2025-08-01,Bedroom,Lights,0.0913,3.8020833333333335,40.0,30.58020833333333,75.128125,7,96,0.073
2025-08-01,Kitchen,Heater,0.24,10.0,10.0,30.58020833333333,75.128125,0,96,0.0
2025-08-01,Kitchen,Lights,0.0757,3.15625,33.0,30.58020833333333,75.128125,6,96,0.062
2025-08-01,Living Room,AC,5.1165,213.19791666666666,1785.0,30.58020833333333,75.128125,12,96,0.125
2025-08-01,Living Room,Fan,0.2225,9.458333333333334,97.0,30.58020833333333,75.128125,6,96,0.062
2025-08-01,Living Room,Lights,0.0716,2.9895833333333335,37.0,30.58020833333333,75.128125,4,96,0.042
2025-08-01,Office,AC,5.4704,227.9375,1753.0,30.58020833333333,75.128125,13,96,0.135
2025-08-01,Office,Fan,0.3331,14.052083333333334,99.0,30.58020833333333,75.128125,12,96,0.125
2025-08-01,Office,Lights,0.0919,3.8229166666666665,39.0,30.58020833333333,75.128125,7,96,0.073
2025-08-02,Bathroom,Heater,2.6584,110.76041666666667,2295.0,30.385416666666668,75.44270833333333,5,96,0.052
2025-08-02,Bathroom,Lights,0.0832,3.46875,37.0,30.385416666666668,75.44270833333333,5,96,0.052
2025-08-02,Bedroom,AC,6.6201,275.84375,1779.0,30.385416666666668,75.44270833333333,16,96,0.167
2025-08-02,Bedroom,Fan,0.4251,17.885416666666668,97.0,30.385416666666668,75.44270833333333,18,96,0.188
2025-08-02,Bedroom,Lights,0.0807,3.3541666666666665,38.0,30.385416666666668,75.44270833333333,7,96,0.073
2025-08-02,Kitchen,Heater,1.3527,56.364583333333336,2426.0,30.385416666666668,75.44270833333333,2,96,0.021
2025-08-02,Kitchen,Lights,0.0945,3.9375,38.0,30.385416666666668,75.44270833333333,8,96,0.083
2025-08-02,Living Room,AC,4.5528,189.69791666666666,1669.0,30.385416666666668,75.44270833333333,10,96,0.104
2025-08-02,Living Room,Fan,0.32699999999999996,13.802083333333334,96.0,30.385416666666668,75.44270833333333,11,96,0.115
2025-08-02,Living Room,Lights,0.093,3.875,34.0,30.385416666666668,75.44270833333333,8,96,0.083
2025-08-02,Office,AC,4.947,206.125,1723.0,30.385416666666668,75.44270833333333,11,96,0.115
2025-08-02,Office,Fan,0.2482,10.53125,94.0,30.385416666666668,75.44270833333333,7,96,0.073
2025-08-02,Office,Lights,0.0996,4.145833333333333,39.0,30.385416666666668,75.44270833333333,10,96,0.104
2025-08-03,Bathroom,Heater,1.1648,48.53125,2055.0,30.566666666666666,75.36458333333333,2,96,0.021
2025-08-03,Bathroom,Lights,0.0923,3.84375,35.0,30.566666666666666,75.36458333333333,7,96,0.073
2025-08-03,Bedroom,AC,4.3805000000000005,182.52083333333334,1711.0,30.566666666666666,75.36458333333333,9,96,0.094
2025-08-03,Bedroom,Fan,0.248,10.510416666666666,85.0,30.566666666666666,75.36458333333333,8,96,0.083
2025-08-03,Bedroom,Lights,0.07150000000000001,2.9791666666666665,38.0,30.566666666666666,75.36458333333333,4,96,0.042
2025-08-03,Kitchen,Heater,0.728,30.333333333333332,1962.0,30.566666666666666,75.36458333333333,1,96,0.01
2025-08-03,Kitchen,Lights,0.0747,3.1145833333333335,37.0,30.566666666666666,75.36458333333333,5,96,0.052
2025-08-03,Living Room,AC,7.8279000000000005,326.1666666666667,1696.0,30.566666666666666,75.36458333333333,21,96,0.219
2025-08-03,Living Room,Fan,0.43529999999999996,18.302083333333332,96.0,30.566666666666666,75.36458333333333,17,96,0.177
2025-08-03,Living Room,Lights,0.107,4.458333333333333,40.0,30.566666666666666,75.36458333333333,9,96,0.094
2025-08-03,Office,AC,7.4482,310.34375,1764.0,30.566666666666666,75.36458333333333,18,96,0.188
2025-08-03,Office,Fan,0.4495,18.895833333333332,100.0,30.566666666666666,75.36458333333333,17,96,0.177
2025-08-03,Office,Lights,0.1044,4.354166666666667,38.0,30.566666666666666,75.36458333333333,10,96,0.104
2025-08-04,Bathroom,Heater,2.2986999999999997,95.78125,2296.0,30.616666666666664,75.33229166666666,4,96,0.042
2025-08-04,Bathroom,Lights,0.1001,4.166666666666667,38.0,30.616666666666664,75.33229166666666,9,96,0.094
2025-08-04,Bedroom,AC,4.0114,167.14583333333334,1626.0,30.616666666666664,75.33229166666666,9,96,0.094
2025-08-04,Bedroom,Fan,0.4075,17.145833333333332,98.0,30.616666666666664,75.33229166666666,15,96,0.156
2025-08-04,Bedroom,Lights,0.0793,3.3125,33.0,30.616666666666664,75.33229166666666,7,96,0.073
2025-08-04,Kitchen,Heater,2.5203,105.01041666666667,2466.0,30.616666666666664,75.33229166666666,5,96,0.052
2025-08-04,Kitchen,Lights,0.0949,3.9479166666666665,34.0,30.616666666666664,75.33229166666666,11,96,0.115
2025-08-04,Living Room,AC,3.5923000000000003,149.67708333333334,1654.0,30.616666666666664,75.33229166666666,7,96,0.073
2025-08-04,Living Room,Fan,0.3144,13.28125,100.0,30.616666666666664,75.33229166666666,10,96,0.104
2025-08-04,Living Room,Lights,0.0832,3.46875,34.0,30.616666666666664,75.33229166666666,8,96,0.083
2025-08-04,Office,AC,3.2794000000000003,136.63541666666666,1606.0,30.616666666666664,75.33229166666666,6,96,0.062
2025-08-04,Office,Fan,0.2764,11.697916666666666,100.0,30.616666666666664,75.33229166666666,8,96,0.083
2025-08-04,Office,Lights,0.1125,4.6875,40.0,30.616666666666664,75.33229166666666,9,96,0.094
2025-08-05,Bathroom,Heater,1.2172,50.71875,2137.0,30.491666666666664,75.27187500000001,2,96,0.021
2025-08-05,Bathroom,Lights,0.09519999999999999,3.96875,38.0,30.491666666666664,75.27187500000001,9,96,0.094
2025-08-05,Bedroom,AC,3.6123,150.51041666666666,1787.0,30.491666666666664,75.27187500000001,7,96,0.073
2025-08-05,Bedroom,Fan,0.2716,11.5,97.0,30.491666666666664,75.27187500000001,8,96,0.083
2025-08-05,Bedroom,Lights,0.085,3.5416666666666665,34.0,30.491666666666664,75.27187500000001,7,96,0.073
2025-08-05,Kitchen,Heater,2.4054,100.22916666666667,2492.0,30.491666666666664,75.27187500000001,4,96,0.042
2025-08-05,Kitchen,Lights,0.0971,4.052083333333333,40.0,30.491666666666664,75.27187500000001,8,96,0.083
2025-08-05,Living Room,AC,4.147,172.79166666666666,1767.0,30.491666666666664,75.27187500000001,8,96,0.083
2025-08-05,Living Room,Fan,0.3232,13.635416666666666,100.0,30.491666666666664,75.27187500000001,11,96,0.115
2025-08-05,Living Room,Lights,0.0793,3.3020833333333335,38.0,30.491666666666664,75.27187500000001,5,96,0.052
2025-08-05,Office,AC,4.0193,167.46875,1744.0,30.491666666666664,75.27187500000001,8,96,0.083
2025-08-05,Office,Fan,0.2645,11.197916666666666,95.0,30.491666666666664,75.27187500000001,8,96,0.083
2025-08-05,Office,Lights,0.0799,3.3333333333333335,36.0,30.491666666666664,75.27187500000001,5,96,0.052
2025-08-06,Bathroom,Heater,3.7206,155.02083333333334,2459.0,30.73645833333333,76.10520833333334,7,96,0.073
2025-08-06,Bathroom,Lights,0.0729,3.0416666666666665,30.0,30.73645833333333,76.10520833333334,5,96,0.052
2025-08-06,Bedroom,AC,5.8856,245.22916666666666,1739.0,30.73645833333333,76.10520833333334,15,96,0.156
2025-08-06,Bedroom,Fan,0.3354,14.15625,94.0,30.73645833333333,76.10520833333334,12,96,0.125
2025-08-06,Bedroom,Lights,0.0997,4.15625,38.0,30.73645833333333,76.10520833333334,8,96,0.083
2025-08-06,Kitchen,Heater,2.7281999999999997,113.67708333333333,2482.0,30.73645833333333,76.10520833333334,5,96,0.052
2025-08-06,Kitchen,Lights,0.098,4.083333333333333,40.0,30.73645833333333,76.10520833333334,9,96,0.094
2025-08-06,Living Room,AC,2.8655,119.39583333333333,1665.0,30.73645833333333,76.10520833333334,5,96,0.052
2025-08-06,Living Room,Fan,0.3447,14.541666666666666,100.0,30.73645833333333,76.10520833333334,12,96,0.125
2025-08-06,Living Room,Lights,0.067,2.7916666666666665,24.0,30.73645833333333,76.10520833333334,4,96,0.042
2025-08-06,Office,AC,4.4316,184.65625,1794.0,30.73645833333333,76.10520833333334,9,96,0.094
2025-08-06,Office,Fan,0.2724,11.541666666666666,97.0,30.73645833333333,76.10520833333334,9,96,0.094
2025-08-06,Office,Lights,0.1038,4.322916666666667,40.0,30.73645833333333,76.10520833333334,8,96,0.083
2025-08-07,Bathroom,Heater,2.631,109.625,2396.0,30.359375,75.31354166666667,5,96,0.052
2025-08-07,Bathroom,Lights,0.0766,3.1875,39.0,30.359375,75.31354166666667,5,96,0.052
2025-08-07,Bedroom,AC,5.0779,211.57291666666666,1719.0,30.359375,75.31354166666667,12,96,0.125
2025-08-07,Bedroom,Fan,0.212,9.020833333333334,91.0,30.359375,75.31354166666667,5,96,0.052
2025-08-07,Bedroom,Lights,0.0857,3.5729166666666665,34.0,30.359375,75.31354166666667,7,96,0.073
2025-08-07,Kitchen,Heater,1.355,56.458333333333336,2302.0,30.359375,75.31354166666667,2,96,0.021
2025-08-07,Kitchen,Lights,0.0926,3.8645833333333335,33.0,30.359375,75.31354166666667,8,96,0.083
2025-08-07,Living Room,AC,3.5975,149.89583333333334,1795.0,30.359375,75.31354166666667,7,96,0.073
2025-08-07,Living Room,Fan,0.3822,16.09375,96.0,30.359375,75.31354166666667,14,96,0.146
2025-08-07,Living Room,Lights,0.1139,4.739583333333333,35.0,30.359375,75.31354166666667,12,96,0.125
2025-08-07,Office,AC,3.818,159.08333333333334,1708.0,30.359375,75.31354166666667,8,96,0.083
2025-08-07,Office,Fan,0.2496,10.583333333333334,100.0,30.359375,75.31354166666667,8,96,0.083
2025-08-07,Office,Lights,0.0955,3.9791666666666665,37.0,30.359375,75.31354166666667,8,96,0.083
2025-08-08,Bathroom,Heater,0.8147,33.947916666666664,2309.0,30.788541666666664,75.32083333333334,1,96,0.01
2025-08-08,Bathroom,Lights,0.0683,2.84375,37.0,30.788541666666664,75.32083333333334,5,96,0.052
2025-08-08,Bedroom,AC,4.6889,195.375,1793.0,30.788541666666664,75.32083333333334,10,96,0.104
2025-08-08,Bedroom,Fan,0.2884,12.208333333333334,98.0,30.788541666666664,75.32083333333334,9,96,0.094
2025-08-08,Bedroom,Lights,0.1163,4.84375,40.0,30.788541666666664,75.32083333333334,10,96,0.104
2025-08-08,Kitchen,Heater,1.2708,52.947916666666664,2468.0,30.788541666666664,75.32083333333334,2,96,0.021
2025-08-08,Kitchen,Lights,0.0794,3.3125,33.0,30.788541666666664,75.32083333333334,7,96,0.073
2025-08-08,Living Room,AC,3.0982,129.09375,1799.0,30.788541666666664,75.32083333333334,5,96,0.052
2025-08-08,Living Room,Fan,0.2574,10.90625,94.0,30.788541666666664,75.32083333333334,8,96,0.083
2025-08-08,Living Room,Lights,0.101,4.208333333333333,35.0,30.788541666666664,75.32083333333334,9,96,0.094
2025-08-08,Office,AC,4.6157,192.3125,1787.0,30.788541666666664,75.32083333333334,10,96,0.104
2025-08-08,Office,Fan,0.2803,11.864583333333334,97.0,30.788541666666664,75.32083333333334,9,96,0.094
2025-08-08,Office,Lights,0.0781,3.2604166666666665,38.0,30.788541666666664,75.32083333333334,5,96,0.052
2025-08-09,Bathroom,Heater,2.2182,92.42708333333333,2358.0,30.667708333333334,75.57187499999999,4,96,0.042
2025-08-09,Bathroom,Lights,0.0791,3.2916666666666665,38.0,30.667708333333334,75.57187499999999,6,96,0.062
2025-08-09,Bedroom,AC,6.1503,256.2708333333333,1648.0,30.667708333333334,75.57187499999999,14,96,0.146
2025-08-09,Bedroom,Fan,0.3852,16.21875,100.0,30.667708333333334,75.57187499999999,15,96,0.156
2025-08-09,Bedroom,Lights,0.1151,4.791666666666667,37.0,30.667708333333334,75.57187499999999,11,96,0.115
2025-08-09,Kitchen,Heater,1.6207,67.53125,2026.0,30.667708333333334,75.57187499999999,3,96,0.031
2025-08-09,Kitchen,Lights,0.09230000000000001,3.84375,39.0,30.667708333333334,75.57187499999999,8,96,0.083
2025-08-09,Living Room,AC,4.2596,177.47916666666666,1780.0,30.667708333333334,75.57187499999999,9,96,0.094
2025-08-09,Living Room,Fan,0.3598,15.166666666666666,97.0,30.667708333333334,75.57187499999999,13,96,0.135
2025-08-09,Living Room,Lights,0.067,2.7916666666666665,27.0,30.667708333333334,75.57187499999999,4,96,0.042
2025-08-09,Office,AC,6.5735,273.90625,1782.0,30.667708333333334,75.57187499999999,16,96,0.167
2025-08-09,Office,Fan,0.3212,13.5625,99.0,30.667708333333334,75.57187499999999,11,96,0.115
2025-08-09,Office,Lights,0.0873,3.6354166666666665,38.0,30.667708333333334,75.57187499999999,6,96,0.062
2025-08-10,Bathroom,Heater,2.8705,119.60416666666667,2493.0,30.514583333333334,75.44375000000001,5,96,0.052
2025-08-10,Bathroom,Lights,0.1181,4.927083333333333,39.0,30.514583333333334,75.44375000000001,12,96,0.125
2025-08-10,Bedroom,AC,5.5811,232.54166666666666,1774.0,30.514583333333334,75.44375000000001,13,96,0.135
2025-08-10,Bedroom,Fan,0.2771,11.729166666666666,99.0,30.514583333333334,75.44375000000001,9,96,0.094
2025-08-10,Bedroom,Lights,0.1262,5.260416666666667,39.0,30.514583333333334,75.44375000000001,13,96,0.135
2025-08-10,Kitchen,Heater,1.6161,67.33333333333333,2287.0,30.514583333333334,75.44375000000001,3,96,0.031
2025-08-10,Kitchen,Lights,0.1058,4.40625,40.0,30.514583333333334,75.44375000000001,9,96,0.094
2025-08-10,Living Room,AC,5.7711,240.46875,1570.0,30.514583333333334,75.44375000000001,14,96,0.146
2025-08-10,Living Room,Fan,0.3589,15.125,99.0,30.514583333333334,75.44375000000001,13,96,0.135
2025-08-10,Living Room,Lights,0.1324,5.520833333333333,39.0,30.514583333333334,75.44375000000001,13,96,0.135
2025-08-10,Office,AC,6.5546,273.1041666666667,1650.0,30.514583333333334,75.44375000000001,16,96,0.167
2025-08-10,Office,Fan,0.37839999999999996,15.9375,97.0,30.514583333333334,75.44375000000001,14,96,0.146
2025-08-10,Office,Lights,0.0927,3.8645833333333335,40.0,30.514583333333334,75.44375000000001,7,96,0.073
2025-08-11,Bathroom,Heater,2.6733000000000002,111.38541666666667,2434.0,30.552083333333332,75.63333333333334,5,96,0.052
2025-08-11,Bathroom,Lights,0.0919,3.8333333333333335,30.0,30.552083333333332,75.63333333333334,9,96,0.094
2025-08-11,Bedroom,AC,3.7055000000000002,154.39583333333334,1654.0,30.552083333333332,75.63333333333334,8,96,0.083
2025-08-11,Bedroom,Fan,0.3394,14.322916666666666,89.0,30.552083333333332,75.63333333333334,13,96,0.135
2025-08-11,Bedroom,Lights,0.0929,3.8645833333333335,38.0,30.552083333333332,75.63333333333334,9,96,0.094
2025-08-11,Kitchen,Heater,2.1733,90.55208333333333,2288.0,30.552083333333332,75.63333333333334,4,96,0.042
2025-08-11,Kitchen,Lights,0.0898,3.75,33.0,30.552083333333332,75.63333333333334,8,96,0.083
2025-08-11,Living Room,AC,3.6906,153.77083333333334,1796.0,30.552083333333332,75.63333333333334,8,96,0.083
2025-08-11,Living Room,Fan,0.2249,9.5625,89.0,30.552083333333332,75.63333333333334,6,96,0.062
2025-08-11,Living Room,Lights,0.104,4.322916666666667,39.0,30.552083333333332,75.63333333333334,8,96,0.083
2025-08-11,Office,AC,4.7882,199.51041666666666,1725.0,30.552083333333332,75.63333333333334,10,96,0.104
2025-08-11,Office,Fan,0.3211,13.5625,94.0,30.552083333333332,75.63333333333334,11,96,0.115
2025-08-11,Office,Lights,0.0747,3.1145833333333335,29.0,30.552083333333332,75.63333333333334,5,96,0.052
2025-08-12,Bathroom,Heater,1.4284000000000001,59.520833333333336,2453.0,30.464583333333334,75.54791666666667,2,96,0.021
2025-08-12,Bathroom,Lights,0.0902,3.75,39.0,30.464583333333334,75.54791666666667,7,96,0.073
2025-08-12,Bedroom,AC,3.9079,162.82291666666666,1731.0,30.464583333333334,75.54791666666667,8,96,0.083
2025-08-12,Bedroom,Fan,0.3216,13.572916666666666,100.0,30.464583333333334,75.54791666666667,12,96,0.125
2025-08-12,Bedroom,Lights,0.0965,4.020833333333333,40.0,30.464583333333334,75.54791666666667,9,96,0.094
2025-08-12,Kitchen,Heater,1.1078,46.15625,1991.0,30.464583333333334,75.54791666666667,2,96,0.021
2025-08-12,Kitchen,Lights,0.1079,4.5,39.0,30.464583333333334,75.54791666666667,10,96,0.104
2025-08-12,Living Room,AC,4.7573,198.21875,1774.0,30.464583333333334,75.54791666666667,10,96,0.104
2025-08-12,Living Room,Fan,0.2681,11.354166666666666,96.0,30.464583333333334,75.54791666666667,8,96,0.083
2025-08-12,Living Room,Lights,0.1224,5.104166666666667,36.0,30.464583333333334,75.54791666666667,13,96,0.135
2025-08-12,Office,AC,5.4897,228.73958333333334,1707.0,30.464583333333334,75.54791666666667,12,96,0.125
2025-08-12,Office,Fan,0.2947,12.458333333333334,100.0,30.464583333333334,75.54791666666667,9,96,0.094
2025-08-12,Office,Lights,0.0937,3.8958333333333335,35.0,30.464583333333334,75.54791666666667,8,96,0.083
2025-08-13,Bathroom,Heater,1.4772,61.552083333333336,1929.0,30.476041666666664,75.41875,3,96,0.031
2025-08-13,Bathroom,Lights,0.0949,3.9583333333333335,39.0,30.476041666666664,75.41875,8,96,0.083
2025-08-13,Bedroom,AC,5.041300000000001,210.05208333333334,1789.0,30.476041666666664,75.41875,11,96,0.115
2025-08-13,Bedroom,Fan,0.4526,19.020833333333332,97.0,30.476041666666664,75.41875,18,96,0.188
2025-08-13,Bedroom,Lights,0.0877,3.65625,37.0,30.476041666666664,75.41875,7,96,0.073
2025-08-13,Kitchen,Heater,0.787,32.791666666666664,2198.0,30.476041666666664,75.41875,1,96,0.01
2025-08-13,Kitchen,Lights,0.0791,3.3020833333333335,34.0,30.476041666666664,75.41875,5,96,0.052
2025-08-13,Living Room,AC,3.6358,151.48958333333334,1735.0,30.476041666666664,75.41875,7,96,0.073
2025-08-13,Living Room,Fan,0.3841,16.177083333333332,97.0,30.476041666666664,75.41875,15,96,0.156
2025-08-13,Living Room,Lights,0.0967,4.03125,39.0,30.476041666666664,75.41875,8,96,0.083
2025-08-13,Office,AC,4.9347,205.61458333333334,1761.0,30.476041666666664,75.41875,11,96,0.115
2025-08-13,Office,Fan,0.3329,14.052083333333334,97.0,30.476041666666664,75.41875,12,96,0.125
2025-08-13,Office,Lights,0.0927,3.8645833333333335,39.0,30.476041666666664,75.41875,8,96,0.083
2025-08-14,Bathroom,Heater,2.7187,113.28125,2236.0,30.619791666666668,75.50729166666666,5,96,0.052
2025-08-14,Bathroom,Lights,0.0983,4.09375,40.0,30.619791666666668,75.50729166666666,9,96,0.094
2025-08-14,Bedroom,AC,5.3031,220.95833333333334,1743.0,30.619791666666668,75.50729166666666,12,96,0.125
2025-08-14,Bedroom,Fan,0.351,14.791666666666666,99.0,30.619791666666668,75.50729166666666,12,96,0.125
2025-08-14,Bedroom,Lights,0.081,3.375,39.0,30.619791666666668,75.50729166666666,5,96,0.052
2025-08-14,Kitchen,Heater,1.0792,44.96875,1816.0,30.619791666666668,75.50729166666666,2,96,0.021
2025-08-14,Kitchen,Lights,0.077,3.2083333333333335,40.0,30.619791666666668,75.50729166666666,4,96,0.042
2025-08-14,Living Room,AC,4.7451,197.70833333333334,1794.0,30.619791666666668,75.50729166666666,10,96,0.104
2025-08-14,Living Room,Fan,0.3465,14.614583333333334,99.0,30.619791666666668,75.50729166666666,12,96,0.125
2025-08-14,Living Room,Lights,0.0799,3.3229166666666665,38.0,30.619791666666668,75.50729166666666,5,96,0.052
2025-08-14,Office,AC,4.817200000000001,200.71875,1797.0,30.619791666666668,75.50729166666666,10,96,0.104
2025-08-14,Office,Fan,0.383,16.125,100.0,30.619791666666668,75.50729166666666,14,96,0.146
2025-08-14,Office,Lights,0.0643,2.6770833333333335,31.0,30.619791666666668,75.50729166666666,3,96,0.031
2025-08-15,Bathroom,Heater,2.8905,120.4375,2375.0,30.496875,75.61666666666666,5,96,0.052
2025-08-15,Bathroom,Lights,0.087,3.625,38.0,30.496875,75.61666666666666,9,96,0.094
2025-08-15,Bedroom,AC,3.8699,161.23958333333334,1559.0,30.496875,75.61666666666666,9,96,0.094
2025-08-15,Bedroom,Fan,0.36979999999999996,15.583333333333334,100.0,30.496875,75.61666666666666,13,96,0.135
2025-08-15,Bedroom,Lights,0.1016,4.229166666666667,39.0,30.496875,75.61666666666666,12,96,0.125
2025-08-15,Kitchen,Heater,0.24,10.0,10.0,30.496875,75.61666666666666,0,96,0.0
2025-08-15,Kitchen,Lights,0.0835,3.4791666666666665,40.0,30.496875,75.61666666666666,6,96,0.062
2025-08-15,Living Room,AC,3.7677,156.98958333333334,1665.0,30.496875,75.61666666666666,8,96,0.083
2025-08-15,Living Room,Fan,0.3558,14.989583333333334,98.0,30.496875,75.61666666666666,13,96,0.135
2025-08-15,Living Room,Lights,0.0958,3.9895833333333335,40.0,30.496875,75.61666666666666,8,96,0.083
2025-08-15,Office,AC,4.3169,179.86458333333334,1712.0,30.496875,75.61666666666666,10,96,0.104
2025-08-15,Office,Fan,0.3693,15.552083333333334,97.0,30.496875,75.61666666666666,14,96,0.146
2025-08-15,Office,Lights,0.1005,4.1875,35.0,30.496875,75.61666666666666,9,96,0.094
2025-08-16,Bathroom,Heater,1.5927,66.36458333333333,2163.0,30.629166666666666,75.55104166666666,3,96,0.031
2025-08-16,Bathroom,Lights,0.1061,4.416666666666667,39.0,30.629166666666666,75.55104166666666,10,96,0.104
2025-08-16,Bedroom,AC,7.0915,295.4791666666667,1757.0,30.629166666666666,75.55104166666666,18,96,0.188
2025-08-16,Bedroom,Fan,0.34299999999999997,14.46875,100.0,30.629166666666666,75.55104166666666,11,96,0.115
2025-08-16,Bedroom,Lights,0.0878,3.65625,38.0,30.629166666666666,75.55104166666666,8,96,0.083
2025-08-16,Kitchen,Heater,1.6725,69.6875,2233.0,30.629166666666666,75.55104166666666,3,96,0.031
2025-08-16,Kitchen,Lights,0.10930000000000001,4.552083333333333,40.0,30.629166666666666,75.55104166666666,10,96,0.104
2025-08-16,Living Room,AC,7.2153,300.6458333333333,1752.0,30.629166666666666,75.55104166666666,18,96,0.188
2025-08-16,Living Room,Fan,0.23779999999999998,10.09375,85.0,30.629166666666666,75.55104166666666,7,96,0.073
2025-08-16,Living Room,Lights,0.1178,4.90625,36.0,30.629166666666666,75.55104166666666,13,96,0.135
2025-08-16,Office,AC,5.6686,236.1875,1694.0,30.629166666666666,75.55104166666666,13,96,0.135
2025-08-16,Office,Fan,0.2991,12.645833333333334,100.0,30.629166666666666,75.55104166666666,9,96,0.094
2025-08-16,Office,Lights,0.0926,3.8645833333333335,37.0,30.629166666666666,75.55104166666666,7,96,0.073
2025-08-17,Bathroom,Heater,1.6722000000000001,69.67708333333333,2061.0,30.59375,75.71979166666667,3,96,0.031
2025-08-17,Bathroom,Lights,0.0823,3.4270833333333335,34.0,30.59375,75.71979166666667,7,96,0.073
2025-08-17,Bedroom,AC,6.6225000000000005,275.9375,1783.0,30.59375,75.71979166666667,16,96,0.167
2025-08-17,Bedroom,Fan,0.3444,14.520833333333334,99.0,30.59375,75.71979166666667,12,96,0.125
2025-08-17,Bedroom,Lights,0.098,4.083333333333333,38.0,30.59375,75.71979166666667,10,96,0.104
2025-08-17,Kitchen,Heater,0.6493,27.052083333333332,1647.0,30.59375,75.71979166666667,1,96,0.01
2025-08-17,Kitchen,Lights,0.0769,3.2083333333333335,37.0,30.59375,75.71979166666667,6,96,0.062
2025-08-17,Living Room,AC,5.3333,222.21875,1657.0,30.59375,75.71979166666667,12,96,0.125
2025-08-17,Living Room,Fan,0.3973,16.71875,99.0,30.59375,75.71979166666667,15,96,0.156
2025-08-17,Living Room,Lights,0.0885,3.6875,34.0,30.59375,75.71979166666667,7,96,0.073
2025-08-17,Office,AC,6.8069,283.6145833333333,1794.0,30.59375,75.71979166666667,17,96,0.177
2025-08-17,Office,Fan,0.3918,16.489583333333332,99.0,30.59375,75.71979166666667,14,96,0.146
2025-08-17,Office,Lights,0.0935,3.8958333333333335,40.0,30.59375,75.71979166666667,8,96,0.083
2025-08-18,Bathroom,Heater,1.564,65.16666666666667,1853.0,30.604166666666668,75.73125,3,96,0.031
2025-08-18,Bathroom,Lights,0.0893,3.71875,36.0,30.604166666666668,75.73125,8,96,0.083
2025-08-18,Bedroom,AC,4.3608,181.69791666666666,1784.0,30.604166666666668,75.73125,9,96,0.094
2025-08-18,Bedroom,Fan,0.4399,18.5,100.0,30.604166666666668,75.73125,17,96,0.177
2025-08-18,Bedroom,Lights,0.1094,4.552083333333333,39.0,30.604166666666668,75.73125,9,96,0.094
2025-08-18,Kitchen,Heater,0.8483,35.34375,2443.0,30.604166666666668,75.73125,1,96,0.01
2025-08-18,Kitchen,Lights,0.0919,3.8333333333333335,35.0,30.604166666666668,75.73125,8,96,0.083
2025-08-18,Living Room,AC,4.5074000000000005,187.80208333333334,1708.0,30.604166666666668,75.73125,10,96,0.104
2025-08-18,Living Room,Fan,0.46099999999999997,19.375,100.0,30.604166666666668,75.73125,18,96,0.188
2025-08-18,Living Room,Lights,0.0673,2.8020833333333335,27.0,30.604166666666668,75.73125,4,96,0.042
2025-08-18,Office,AC,3.0780000000000003,128.25,1624.0,30.604166666666668,75.73125,6,96,0.062
2025-08-18,Office,Fan,0.2978,12.583333333333334,97.0,30.604166666666668,75.73125,9,96,0.094
2025-08-18,Office,Lights,0.1032,4.302083333333333,39.0,30.604166666666668,75.73125,9,96,0.094
2025-08-19,Bathroom,Heater,0.7563000000000001,31.510416666666668,2075.0,30.480208333333334,75.58333333333333,1,96,0.01
2025-08-19,Bathroom,Lights,0.0608,2.53125,30.0,30.480208333333334,75.58333333333333,3,96,0.031
2025-08-19,Bedroom,AC,6.5095,271.2291666666667,1796.0,30.480208333333334,75.58333333333333,15,96,0.156
2025-08-19,Bedroom,Fan,0.3157,13.333333333333334,99.0,30.480208333333334,75.58333333333333,10,96,0.104
2025-08-19,Bedroom,Lights,0.0945,3.9375,37.0,30.480208333333334,75.58333333333333,8,96,0.083
2025-08-19,Kitchen,Heater,0.6184999999999999,25.770833333333332,1524.0,30.480208333333334,75.58333333333333,1,96,0.01
2025-08-19,Kitchen,Lights,0.0907,3.78125,39.0,30.480208333333334,75.58333333333333,8,96,0.083
2025-08-19,Living Room,AC,4.9896,207.90625,1793.0,30.480208333333334,75.58333333333333,12,96,0.125
2025-08-19,Living Room,Fan,0.2939,12.427083333333334,98.0,30.480208333333334,75.58333333333333,10,96,0.104
2025-08-19,Living Room,Lights,0.0865,3.6041666666666665,36.0,30.480208333333334,75.58333333333333,7,96,0.073
2025-08-19,Office,AC,2.7759,115.66666666666667,1640.0,30.480208333333334,75.58333333333333,5,96,0.052
2025-08-19,Office,Fan,0.3557,14.989583333333334,99.0,30.480208333333334,75.58333333333333,13,96,0.135
2025-08-19,Office,Lights,0.0937,3.90625,35.0,30.480208333333334,75.58333333333333,8,96,0.083
2025-08-20,Bathroom,Heater,1.9544000000000001,81.4375,2498.0,30.454166666666666,75.48958333333333,3,96,0.031
2025-08-20,Bathroom,Lights,0.1045,4.354166666666667,37.0,30.454166666666666,75.48958333333333,9,96,0.094
2025-08-20,Bedroom,AC,3.5847,149.36458333333334,1577.0,30.454166666666666,75.48958333333333,8,96,0.083
2025-08-20,Bedroom,Fan,0.3394,14.3125,91.0,30.454166666666666,75.48958333333333,12,96,0.125
2025-08-20,Bedroom,Lights,0.0968,4.03125,36.0,30.454166666666666,75.48958333333333,9,96,0.094
2025-08-20,Kitchen,Heater,0.8507,35.447916666666664,2453.0,30.454166666666666,75.48958333333333,1,96,0.01
2025-08-20,Kitchen,Lights,0.0877,3.65625,38.0,30.454166666666666,75.48958333333333,7,96,0.073
2025-08-20,Living Room,AC,2.3695,98.72916666666667,1410.0,30.454166666666666,75.48958333333333,4,96,0.042
2025-08-20,Living Room,Fan,0.271,11.46875,100.0,30.454166666666666,75.48958333333333,9,96,0.094
2025-08-20,Living Room,Lights,0.0888,3.6979166666666665,39.0,30.454166666666666,75.48958333333333,7,96,0.073
2025-08-20,Office,AC,4.735,197.30208333333334,1696.0,30.454166666666666,75.48958333333333,10,96,0.104
2025-08-20,Office,Fan,0.3102,13.104166666666666,95.0,30.454166666666666,75.48958333333333,11,96,0.115
2025-08-20,Office,Lights,0.076,3.1666666666666665,28.0,30.454166666666666,75.48958333333333,6,96,0.062
2025-08-21,Bathroom,Heater,2.7595,114.97916666666667,2426.0,30.657291666666666,75.628125,5,96,0.052
2025-08-21,Bathroom,Lights,0.0716,2.9791666666666665,34.0,30.657291666666666,75.628125,4,96,0.042
2025-08-21,Bedroom,AC,4.7184,196.60416666666666,1788.0,30.657291666666666,75.628125,10,96,0.104
2025-08-21,Bedroom,Fan,0.33499999999999996,14.135416666666666,97.0,30.657291666666666,75.628125,12,96,0.125
2025-08-21,Bedroom,Lights,0.0856,3.5729166666666665,37.0,30.657291666666666,75.628125,8,96,0.083
2025-08-21,Kitchen,Heater,3.927,163.625,2479.0,30.657291666666666,75.628125,7,96,0.073
2025-08-21,Kitchen,Lights,0.09230000000000001,3.84375,38.0,30.657291666666666,75.628125,8,96,0.083
2025-08-21,Living Room,AC,3.3375,139.0625,1505.0,30.657291666666666,75.628125,7,96,0.073
2025-08-21,Living Room,Fan,0.2265,9.625,87.0,30.657291666666666,75.628125,7,96,0.073
2025-08-21,Living Room,Lights,0.0817,3.40625,40.0,30.657291666666666,75.628125,6,96,0.062
2025-08-21,Office,AC,3.6328,151.36458333333334,1573.0,30.657291666666666,75.628125,8,96,0.083
2025-08-21,Office,Fan,0.3265,13.78125,88.0,30.657291666666666,75.628125,12,96,0.125
2025-08-21,Office,Lights,0.1068,4.447916666666667,38.0,30.657291666666666,75.628125,9,96,0.094
2025-08-22,Bathroom,Heater,1.647,68.625,2239.0,30.4875,75.371875,3,96,0.031
2025-08-22,Bathroom,Lights,0.0892,3.7083333333333335,39.0,30.4875,75.371875,6,96,0.062
2025-08-22,Bedroom,AC,4.3873,182.80208333333334,1796.0,30.4875,75.371875,9,96,0.094
2025-08-22,Bedroom,Fan,0.2448,10.385416666666666,100.0,30.4875,75.371875,7,96,0.073
2025-08-22,Bedroom,Lights,0.0987,4.114583333333333,33.0,30.4875,75.371875,10,96,0.104
2025-08-22,Kitchen,Heater,0.6557000000000001,27.322916666666668,1673.0,30.4875,75.371875,1,96,0.01
2025-08-22,Kitchen,Lights,0.0777,3.2395833333333335,40.0,30.4875,75.371875,4,96,0.042
2025-08-22,Living Room,AC,6.4244,267.6770833333333,1675.0,30.4875,75.371875,15,96,0.156
2025-08-22,Living Room,Fan,0.4456,18.739583333333332,98.0,30.4875,75.371875,18,96,0.188
2025-08-22,Living Room,Lights,0.064,2.6666666666666665,34.0,30.4875,75.371875,3,96,0.031
2025-08-22,Office,AC,4.8023,200.09375,1762.0,30.4875,75.371875,10,96,0.104
2025-08-22,Office,Fan,0.3922,16.510416666666668,97.0,30.4875,75.371875,15,96,0.156
2025-08-22,Office,Lights,0.1057,4.40625,40.0,30.4875,75.371875,9,96,0.094
2025-08-23,Bathroom,Heater,2.3746,98.9375,2431.0,30.535416666666666,75.80208333333333,4,96,0.042
2025-08-23,Bathroom,Lights,0.0863,3.59375,34.0,30.535416666666666,75.80208333333333,7,96,0.073
2025-08-23,Bedroom,AC,8.5361,355.6770833333333,1796.0,30.535416666666666,75.80208333333333,22,96,0.229
2025-08-23,Bedroom,Fan,0.3172,13.395833333333334,100.0,30.535416666666666,75.80208333333333,10,96,0.104
2025-08-23,Bedroom,Lights,0.0931,3.8854166666666665,40.0,30.535416666666666,75.80208333333333,8,96,0.083
2025-08-23,Kitchen,Heater,1.409,58.708333333333336,2398.0,30.535416666666666,75.80208333333333,2,96,0.021
2025-08-23,Kitchen,Lights,0.09,3.75,37.0,30.535416666666666,75.80208333333333,8,96,0.083
2025-08-23,Living Room,AC,6.1056,254.40625,1796.0,30.535416666666666,75.80208333333333,13,96,0.135
2025-08-23,Living Room,Fan,0.34709999999999996,14.645833333333334,100.0,30.535416666666666,75.80208333333333,12,96,0.125
2025-08-23,Living Room,Lights,0.0933,3.8854166666666665,38.0,30.535416666666666,75.80208333333333,7,96,0.073
2025-08-23,Office,AC,9.103200000000001,379.3020833333333,1774.0,30.535416666666666,75.80208333333333,23,96,0.24
2025-08-23,Office,Fan,0.44589999999999996,18.739583333333332,100.0,30.535416666666666,75.80208333333333,17,96,0.177
2025-08-23,Office,Lights,0.0921,3.84375,39.0,30.535416666666666,75.80208333333333,10,96,0.104
2025-08-24,Bathroom,Heater,0.7185,29.9375,1924.0,30.471875,75.8125,1,96,0.01
2025-08-24,Bathroom,Lights,0.0983,4.09375,40.0,30.471875,75.8125,6,96,0.062
2025-08-24,Bedroom,AC,4.7193,196.625,1634.0,30.471875,75.8125,11,96,0.115
2025-08-24,Bedroom,Fan,0.312,13.177083333333334,99.0,30.471875,75.8125,10,96,0.104
2025-08-24,Bedroom,Lights,0.09430000000000001,3.9270833333333335,38.0,30.471875,75.8125,7,96,0.073
2025-08-24,Kitchen,Heater,1.2233,50.96875,2439.0,30.471875,75.8125,2,96,0.021
2025-08-24,Kitchen,Lights,0.1173,4.895833333333333,40.0,30.471875,75.8125,11,96,0.115
2025-08-24,Living Room,AC,6.9995,291.6458333333333,1698.0,30.471875,75.8125,17,96,0.177
2025-08-24,Living Room,Fan,0.3059,12.916666666666666,99.0,30.471875,75.8125,10,96,0.104
2025-08-24,Living Room,Lights,0.1006,4.1875,40.0,30.471875,75.8125,9,96,0.094
2025-08-24,Office,AC,6.1698,257.0729166666667,1789.0,30.471875,75.8125,15,96,0.156
2025-08-24,Office,Fan,0.4522,19.010416666666668,98.0,30.471875,75.8125,18,96,0.188
2025-08-24,Office,Lights,0.0715,2.9791666666666665,32.0,30.471875,75.8125,4,96,0.042
2025-08-25,Bathroom,Heater,2.8917,120.48958333333333,2499.0,30.755208333333332,75.53750000000001,5,96,0.052
2025-08-25,Bathroom,Lights,0.0819,3.4166666666666665,37.0,30.755208333333332,75.53750000000001,6,96,0.062
2025-08-25,Bedroom,AC,4.4869,186.95833333333334,1613.0,30.755208333333332,75.53750000000001,10,96,0.104
2025-08-25,Bedroom,Fan,0.2438,10.34375,93.0,30.755208333333332,75.53750000000001,7,96,0.073
2025-08-25,Bedroom,Lights,0.1038,4.322916666666667,31.0,30.755208333333332,75.53750000000001,10,96,0.104
2025-08-25,Kitchen,Heater,1.187,49.458333333333336,1912.0,30.755208333333332,75.53750000000001,2,96,0.021
2025-08-25,Kitchen,Lights,0.1094,4.5625,38.0,30.755208333333332,75.53750000000001,10,96,0.104
2025-08-25,Living Room,AC,4.2125,175.52083333333334,1567.0,30.755208333333332,75.53750000000001,10,96,0.104
2025-08-25,Living Room,Fan,0.363,15.302083333333334,92.0,30.755208333333332,75.53750000000001,14,96,0.146
2025-08-25,Living Room,Lights,0.1044,4.354166666666667,38.0,30.755208333333332,75.53750000000001,10,96,0.104
2025-08-25,Office,AC,3.1232,130.13541666666666,1749.0,30.755208333333332,75.53750000000001,6,96,0.062
2025-08-25,Office,Fan,0.3377,14.229166666666666,99.0,30.755208333333332,75.53750000000001,12,96,0.125
2025-08-25,Office,Lights,0.0871,3.625,40.0,30.755208333333332,75.53750000000001,6,96,0.062
2025-08-26,Bathroom,Heater,2.0122,83.84375,2231.0,30.535416666666666,75.34479166666667,4,96,0.042
2025-08-26,Bathroom,Lights,0.105,4.375,39.0,30.535416666666666,75.34479166666667,8,96,0.083
2025-08-26,Bedroom,AC,3.5414,147.5625,1666.0,30.535416666666666,75.34479166666667,7,96,0.073
2025-08-26,Bedroom,Fan,0.4281,18.0,97.0,30.535416666666666,75.34479166666667,16,96,0.167
2025-08-26,Bedroom,Lights,0.0565,2.3541666666666665,17.0,30.535416666666666,75.34479166666667,3,96,0.031
2025-08-26,Kitchen,Heater,1.8544,77.27083333333333,2493.0,30.535416666666666,75.34479166666667,3,96,0.031
2025-08-26,Kitchen,Lights,0.0905,3.7708333333333335,40.0,30.535416666666666,75.34479166666667,7,96,0.073
2025-08-26,Living Room,AC,3.6101,150.41666666666666,1799.0,30.535416666666666,75.34479166666667,7,96,0.073
2025-08-26,Living Room,Fan,0.3941,16.59375,97.0,30.535416666666666,75.34479166666667,15,96,0.156
2025-08-26,Living Room,Lights,0.09179999999999999,3.8229166666666665,36.0,30.535416666666666,75.34479166666667,7,96,0.073
2025-08-26,Office,AC,3.9452000000000003,164.38541666666666,1699.0,30.535416666666666,75.34479166666667,9,96,0.094
2025-08-26,Office,Fan,0.3653,15.395833333333334,99.0,30.535416666666666,75.34479166666667,13,96,0.135
2025-08-26,Office,Lights,0.0827,3.4479166666666665,34.0,30.535416666666666,75.34479166666667,6,96,0.062
2025-08-27,Bathroom,Heater,2.3489,97.875,2353.0,30.65416666666667,75.74166666666666,4,96,0.042
2025-08-27,Bathroom,Lights,0.1007,4.197916666666667,39.0,30.65416666666667,75.74166666666666,10,96,0.104
2025-08-27,Bedroom,AC,4.9149,204.78125,1785.0,30.65416666666667,75.74166666666666,10,96,0.104
2025-08-27,Bedroom,Fan,0.4586,19.270833333333332,100.0,30.65416666666667,75.74166666666666,17,96,0.177
2025-08-27,Bedroom,Lights,0.0781,3.25,35.0,30.65416666666667,75.74166666666666,6,96,0.062
2025-08-27,Kitchen,Heater,0.7929999999999999,33.041666666666664,2222.0,30.65416666666667,75.74166666666666,1,96,0.01
2025-08-27,Kitchen,Lights,0.0939,3.90625,35.0,30.65416666666667,75.74166666666666,8,96,0.083
2025-08-27,Living Room,AC,3.9427,164.28125,1753.0,30.65416666666667,75.74166666666666,8,96,0.083
2025-08-27,Living Room,Fan,0.4263,17.927083333333332,99.0,30.65416666666667,75.74166666666666,16,96,0.167
2025-08-27,Living Room,Lights,0.1264,5.260416666666667,40.0,30.65416666666667,75.74166666666666,11,96,0.115
2025-08-27,Office,AC,6.4009,266.6979166666667,1619.0,30.65416666666667,75.74166666666666,16,96,0.167
2025-08-27,Office,Fan,0.3389,14.291666666666666,100.0,30.65416666666667,75.74166666666666,11,96,0.115
2025-08-27,Office,Lights,0.0956,3.9895833333333335,39.0,30.65416666666667,75.74166666666666,8,96,0.083
2025-08-28,Bathroom,Heater,1.9765,82.35416666666667,2395.0,30.694791666666664,75.79270833333334,3,96,0.031
2025-08-28,Bathroom,Lights,0.1054,4.395833333333333,38.0,30.694791666666664,75.79270833333334,10,96,0.104
2025-08-28,Bedroom,AC,3.1663,131.92708333333334,1699.0,30.694791666666664,75.79270833333334,6,96,0.062
2025-08-28,Bedroom,Fan,0.2958,12.510416666666666,96.0,30.694791666666664,75.79270833333334,10,96,0.104
2025-08-28,Bedroom,Lights,0.1015,4.229166666666667,35.0,30.694791666666664,75.79270833333334,10,96,0.104
2025-08-28,Kitchen,Heater,1.6655,69.39583333333333,2000.0,30.694791666666664,75.79270833333334,3,96,0.031
2025-08-28,Kitchen,Lights,0.1009,4.208333333333333,37.0,30.694791666666664,75.79270833333334,9,96,0.094
2025-08-28,Living Room,AC,5.224,217.65625,1687.0,30.694791666666664,75.79270833333334,12,96,0.125
2025-08-28,Living Room,Fan,0.35619999999999996,15.020833333333334,100.0,30.694791666666664,75.79270833333334,12,96,0.125
2025-08-28,Living Room,Lights,0.1111,4.635416666666667,37.0,30.694791666666664,75.79270833333334,11,96,0.115
2025-08-28,Office,AC,3.2217,134.23958333333334,1737.0,30.694791666666664,75.79270833333334,6,96,0.062
2025-08-28,Office,Fan,0.35519999999999996,14.96875,99.0,30.694791666666664,75.79270833333334,13,96,0.135
2025-08-28,Office,Lights,0.0824,3.4375,38.0,30.694791666666664,75.79270833333334,6,96,0.062
2025-08-29,Bathroom,Heater,1.323,55.125,2276.0,30.751041666666666,75.20625,2,96,0.021
2025-08-29,Bathroom,Lights,0.0833,3.46875,25.0,30.751041666666666,75.20625,8,96,0.083
2025-08-29,Bedroom,AC,4.049,168.70833333333334,1568.0,30.751041666666666,75.20625,9,96,0.094
2025-08-29,Bedroom,Fan,0.3028,12.791666666666666,95.0,30.751041666666666,75.20625,10,96,0.104
2025-08-29,Bedroom,Lights,0.082,3.4166666666666665,39.0,30.751041666666666,75.20625,5,96,0.052
2025-08-29,Kitchen,Heater,1.7096,71.22916666666667,2438.0,30.751041666666666,75.20625,3,96,0.031
2025-08-29,Kitchen,Lights,0.0805,3.3541666666666665,37.0,30.751041666666666,75.20625,5,96,0.052
2025-08-29,Living Room,AC,3.623,150.95833333333334,1614.0,30.751041666666666,75.20625,7,96,0.073
2025-08-29,Living Room,Fan,0.3472,14.645833333333334,100.0,30.751041666666666,75.20625,12,96,0.125
2025-08-29,Living Room,Lights,0.0873,3.6354166666666665,40.0,30.751041666666666,75.20625,6,96,0.062
2025-08-29,Office,AC,1.4673,61.135416666666664,1119.0,30.751041666666666,75.20625,1,96,0.01
2025-08-29,Office,Fan,0.38289999999999996,16.125,94.0,30.751041666666666,75.20625,14,96,0.146
2025-08-29,Office,Lights,0.0772,3.21875,37.0,30.751041666666666,75.20625,5,96,0.052
2025-08-30,Bathroom,Heater,1.173,48.875,1950.0,30.276041666666668,75.203125,2,96,0.021
2025-08-30,Bathroom,Lights,0.074,3.0833333333333335,26.0,30.276041666666668,75.203125,7,96,0.073
2025-08-30,Bedroom,AC,5.6922,237.17708333333334,1694.0,30.276041666666668,75.203125,13,96,0.135
2025-08-30,Bedroom,Fan,0.3331,14.052083333333334,96.0,30.276041666666668,75.203125,12,96,0.125
2025-08-30,Bedroom,Lights,0.0988,4.114583333333333,40.0,30.276041666666668,75.203125,9,96,0.094
2025-08-30,Kitchen,Heater,2.6649,111.03125,2386.0,30.276041666666668,75.203125,5,96,0.052
2025-08-30,Kitchen,Lights,0.1277,5.322916666666667,40.0,30.276041666666668,75.203125,14,96,0.146
2025-08-30,Living Room,AC,6.7449,281.03125,1758.0,30.276041666666668,75.203125,17,96,0.177
2025-08-30,Living Room,Fan,0.3695,15.5625,96.0,30.276041666666668,75.203125,14,96,0.146
2025-08-30,Living Room,Lights,0.0834,3.46875,35.0,30.276041666666668,75.203125,8,96,0.083
2025-08-30,Office,AC,4.777,199.04166666666666,1662.0,30.276041666666668,75.203125,11,96,0.115
2025-08-30,Office,Fan,0.3749,15.791666666666666,97.0,30.276041666666668,75.203125,14,96,0.146
2025-08-30,Office,Lights,0.08449999999999999,3.5104166666666665,38.0,30.276041666666668,75.203125,7,96,0.073
2025-08-31,Bathroom,Heater,1.7127000000000001,71.36458333333333,2334.0,30.677083333333332,75.596875,3,96,0.031
2025-08-31,Bathroom,Lights,0.1004,4.177083333333333,36.0,30.677083333333332,75.596875,8,96,0.083
2025-08-31,Bedroom,AC,7.3936,308.0625,1792.0,30.677083333333332,75.596875,18,96,0.188
2025-08-31,Bedroom,Fan,0.3925,16.520833333333332,99.0,30.677083333333332,75.596875,15,96,0.156
2025-08-31,Bedroom,Lights,0.1208,5.03125,38.0,30.677083333333332,75.596875,12,96,0.125
2025-08-31,Kitchen,Heater,2.1218,88.40625,2308.0,30.677083333333332,75.596875,4,96,0.042
2025-08-31,Kitchen,Lights,0.1159,4.833333333333333,40.0,30.677083333333332,75.596875,10,96,0.104
2025-08-31,Living Room,AC,4.7475,197.8125,1791.0,30.677083333333332,75.596875,10,96,0.104
2025-08-31,Living Room,Fan,0.294,12.427083333333334,97.0,30.677083333333332,75.596875,9,96,0.094
2025-08-31,Living Room,Lights,0.0896,3.7291666666666665,40.0,30.677083333333332,75.596875,6,96,0.062
2025-08-31,Office,AC,5.3327,222.19791666666666,1739.0,30.677083333333332,75.596875,12,96,0.125
2025-08-31,Office,Fan,0.4344,18.260416666666668,98.0,30.677083333333332,75.596875,17,96,0.177
2025-08-31,Office,Lights,0.1007,4.197916666666667,40.0,30.677083333333332,75.596875,8,96,0.083
2025-09-01,Bathroom,Heater,0.7287,30.364583333333332,1965.0,30.735416666666666,75.56666666666666,1,96,0.01
2025-09-01,Bathroom,Lights,0.0873,3.6354166666666665,39.0,30.735416666666666,75.56666666666666,6,96,0.062
2025-09-01,Bedroom,AC,3.2174,134.0625,1702.0,30.735416666666666,75.56666666666666,6,96,0.062
2025-09-01,Bedroom,Fan,0.2974,12.572916666666666,97.0,30.735416666666666,75.56666666666666,9,96,0.094
2025-09-01,Bedroom,Lights,0.0895,3.7291666666666665,39.0,30.735416666666666,75.56666666666666,6,96,0.062
2025-09-01,Kitchen,Heater,1.8067,75.28125,2461.0,30.735416666666666,75.56666666666666,3,96,0.031
2025-09-01,Kitchen,Lights,0.0707,2.9479166666666665,33.0,30.735416666666666,75.56666666666666,5,96,0.052
2025-09-01,Living Room,AC,4.3764,182.35416666666666,1660.0,30.735416666666666,75.56666666666666,10,96,0.104
2025-09-01,Living Room,Fan,0.2724,11.53125,98.0,30.735416666666666,75.56666666666666,8,96,0.083
2025-09-01,Living Room,Lights,0.0724,3.0208333333333335,34.0,30.735416666666666,75.56666666666666,5,96,0.052
2025-09-01,Office,AC,3.5508,147.94791666666666,1739.0,30.735416666666666,75.56666666666666,7,96,0.073
2025-09-01,Office,Fan,0.2845,12.041666666666666,97.0,30.735416666666666,75.56666666666666,9,96,0.094
2025-09-01,Office,Lights,0.08410000000000001,3.5,35.0,30.735416666666666,75.56666666666666,6,96,0.062
2025-09-02,Bathroom,Heater,1.2674,52.8125,2293.0,30.630208333333332,75.01145833333334,2,96,0.021
2025-09-02,Bathroom,Lights,0.10300000000000001,4.291666666666667,40.0,30.630208333333332,75.01145833333334,8,96,0.083
2025-09-02,Bedroom,AC,4.6871,195.30208333333334,1737.0,30.630208333333332,75.01145833333334,10,96,0.104
2025-09-02,Bedroom,Fan,0.30419999999999997,12.854166666666666,100.0,30.630208333333332,75.01145833333334,10,96,0.104
2025-09-02,Bedroom,Lights,0.093,3.875,40.0,30.630208333333332,75.01145833333334,7,96,0.073
2025-09-02,Kitchen,Heater,1.8318,76.32291666666667,2343.0,30.630208333333332,75.01145833333334,3,96,0.031
2025-09-02,Kitchen,Lights,0.0833,3.46875,40.0,30.630208333333332,75.01145833333334,7,96,0.073
2025-09-02,Living Room,AC,4.9474,206.13541666666666,1783.0,30.630208333333332,75.01145833333334,11,96,0.115
2025-09-02,Living Room,Fan,0.2898,12.260416666666666,100.0,30.630208333333332,75.01145833333334,9,96,0.094
2025-09-02,Living Room,Lights,0.0798,3.3229166666666665,36.0,30.630208333333332,75.01145833333334,5,96,0.052
2025-09-02,Office,AC,5.7299999999999995,238.75,1790.0,30.630208333333332,75.01145833333334,14,96,0.146
2025-09-02,Office,Fan,0.3298,13.916666666666666,98.0,30.630208333333332,75.01145833333334,12,96,0.125
2025-09-02,Office,Lights,0.0731,3.0416666666666665,34.0,30.630208333333332,75.01145833333334,6,96,0.062
2025-09-03,Bathroom,Heater,1.2085,50.354166666666664,2002.0,30.541666666666668,75.83125,2,96,0.021
2025-09-03,Bathroom,Lights,0.081,3.375,40.0,30.541666666666668,75.83125,6,96,0.062
2025-09-03,Bedroom,AC,5.2283,217.85416666666666,1733.0,30.541666666666668,75.83125,12,96,0.125
2025-09-03,Bedroom,Fan,0.2647,11.208333333333334,95.0,30.541666666666668,75.83125,8,96,0.083
2025-09-03,Bedroom,Lights,0.0713,2.96875,39.0,30.541666666666668,75.83125,3,96,0.031
2025-09-03,Kitchen,Heater,0.6943,28.927083333333332,1827.0,30.541666666666668,75.83125,1,96,0.01
2025-09-03,Kitchen,Lights,0.0887,3.6979166666666665,32.0,30.541666666666668,75.83125,8,96,0.083
2025-09-03,Living Room,AC,4.5599,190.0,1770.0,30.541666666666668,75.83125,10,96,0.104
2025-09-03,Living Room,Fan,0.3087,13.041666666666666,99.0,30.541666666666668,75.83125,11,96,0.115
2025-09-03,Living Room,Lights,0.0931,3.875,37.0,30.541666666666668,75.83125,7,96,0.073
2025-09-03,Office,AC,3.665,152.70833333333334,1788.0,30.541666666666668,75.83125,7,96,0.073
2025-09-03,Office,Fan,0.3407,14.375,100.0,30.541666666666668,75.83125,12,96,0.125
2025-09-03,Office,Lights,0.1036,4.322916666666667,28.0,30.541666666666668,75.83125,12,96,0.125
2025-09-04,Bathroom,Heater,0.643,26.791666666666668,1622.0,30.56041666666667,75.35000000000001,1,96,0.01
2025-09-04,Bathroom,Lights,0.0887,3.6875,39.0,30.56041666666667,75.35000000000001,8,96,0.083
2025-09-04,Bedroom,AC,5.5449,231.04166666666666,1789.0,30.56041666666667,75.35000000000001,12,96,0.125
2025-09-04,Bedroom,Fan,0.3049,12.885416666666666,98.0,30.56041666666667,75.35000000000001,10,96,0.104
2025-09-04,Bedroom,Lights,0.0835,3.4791666666666665,40.0,30.56041666666667,75.35000000000001,5,96,0.052
2025-09-04,Kitchen,Heater,1.409,58.708333333333336,2393.0,30.56041666666667,75.35000000000001,2,96,0.021
2025-09-04,Kitchen,Lights,0.0835,3.4791666666666665,37.0,30.56041666666667,75.35000000000001,6,96,0.062
2025-09-04,Living Room,AC,4.6452,193.55208333333334,1787.0,30.56041666666667,75.35000000000001,10,96,0.104
2025-09-04,Living Room,Fan,0.3883,16.34375,100.0,30.56041666666667,75.35000000000001,14,96,0.146
2025-09-04,Living Room,Lights,0.0863,3.59375,36.0,30.56041666666667,75.35000000000001,6,96,0.062
2025-09-04,Office,AC,2.7877,116.15625,1630.0,30.56041666666667,75.35000000000001,5,96,0.052
2025-09-04,Office,Fan,0.2741,11.604166666666666,97.0,30.56041666666667,75.35000000000001,8,96,0.083
2025-09-04,Office,Lights,0.0888,3.6979166666666665,38.0,30.56041666666667,75.35000000000001,6,96,0.062
2025-09-05,Bathroom,Heater,4.9164,204.84375,2295.0,30.583333333333332,75.43541666666667,10,96,0.104
2025-09-05,Bathroom,Lights,0.0894,3.7291666666666665,39.0,30.583333333333332,75.43541666666667,6,96,0.062
2025-09-05,Bedroom,AC,5.1645,215.1875,1779.0,30.583333333333332,75.43541666666667,11,96,0.115
2025-09-05,Bedroom,Fan,0.425,17.875,100.0,30.583333333333332,75.43541666666667,16,96,0.167
2025-09-05,Bedroom,Lights,0.0733,3.0520833333333335,39.0,30.583333333333332,75.43541666666667,5,96,0.052
2025-09-05,Kitchen,Heater,0.719,29.958333333333332,1926.0,30.583333333333332,75.43541666666667,1,96,0.01
2025-09-05,Kitchen,Lights,0.1008,4.197916666666667,36.0,30.583333333333332,75.43541666666667,9,96,0.094
2025-09-05,Living Room,AC,6.2111,258.8020833333333,1684.0,30.583333333333332,75.43541666666667,15,96,0.156
2025-09-05,Living Room,Fan,0.2977,12.583333333333334,100.0,30.583333333333332,75.43541666666667,10,96,0.104
2025-09-05,Living Room,Lights,0.1007,4.1875,39.0,30.583333333333332,75.43541666666667,10,96,0.104
2025-09-05,Office,AC,4.0351,168.125,1778.0,30.583333333333332,75.43541666666667,9,96,0.094
2025-09-05,Office,Fan,0.3605,15.197916666666666,93.0,30.583333333333332,75.43541666666667,14,96,0.146
2025-09-05,Office,Lights,0.0864,3.6041666666666665,37.0,30.583333333333332,75.43541666666667,6,96,0.062
2025-09-06,Bathroom,Heater,2.0017,83.40625,1847.0,30.551041666666666,76.02916666666667,4,96,0.042
2025-09-06,Bathroom,Lights,0.094,3.9166666666666665,40.0,30.551041666666666,76.02916666666667,8,96,0.083
2025-09-06,Bedroom,AC,6.9679,290.3333333333333,1737.0,30.551041666666666,76.02916666666667,17,96,0.177
2025-09-06,Bedroom,Fan,0.4285,18.020833333333332,100.0,30.551041666666666,76.02916666666667,16,96,0.167
2025-09-06,Bedroom,Lights,0.096,4.0,39.0,30.551041666666666,76.02916666666667,10,96,0.104
2025-09-06,Kitchen,Heater,1.2207000000000001,50.864583333333336,2370.0,30.551041666666666,76.02916666666667,2,96,0.021
2025-09-06,Kitchen,Lights,0.1062,4.416666666666667,38.0,30.551041666666666,76.02916666666667,11,96,0.115
2025-09-06,Living Room,AC,4.6603,194.17708333333334,1748.0,30.551041666666666,76.02916666666667,11,96,0.115
2025-09-06,Living Room,Fan,0.33099999999999996,13.96875,89.0,30.551041666666666,76.02916666666667,12,96,0.125
2025-09-06,Living Room,Lights,0.0916,3.8125,40.0,30.551041666666666,76.02916666666667,6,96,0.062
2025-09-06,Office,AC,5.4053,225.21875,1759.0,30.551041666666666,76.02916666666667,12,96,0.125
2025-09-06,Office,Fan,0.36769999999999997,15.489583333333334,96.0,30.551041666666666,76.02916666666667,14,96,0.146
2025-09-06,Office,Lights,0.1262,5.270833333333333,39.0,30.551041666666666,76.02916666666667,12,96,0.125
2025-09-07,Bathroom,Heater,1.1417,47.572916666666664,2046.0,30.42395833333333,75.59791666666668,2,96,0.021
2025-09-07,Bathroom,Lights,0.09670000000000001,4.03125,39.0,30.42395833333333,75.59791666666668,9,96,0.094
2025-09-07,Bedroom,AC,8.737,364.0520833333333,1753.0,30.42395833333333,75.59791666666668,21,96,0.219
2025-09-07,Bedroom,Fan,0.3071,12.979166666666666,100.0,30.42395833333333,75.59791666666668,10,96,0.104
2025-09-07,Bedroom,Lights,0.0843,3.5104166666666665,38.0,30.42395833333333,75.59791666666668,5,96,0.052
2025-09-07,Kitchen,Heater,1.7285000000000001,72.02083333333333,2246.0,30.42395833333333,75.59791666666668,3,96,0.031
2025-09-07,Kitchen,Lights,0.0903,3.7604166666666665,34.0,30.42395833333333,75.59791666666668,9,96,0.094
2025-09-07,Living Room,AC,7.2564,302.3541666666667,1796.0,30.42395833333333,75.59791666666668,17,96,0.177
2025-09-07,Living Room,Fan,0.4591,19.270833333333332,100.0,30.42395833333333,75.59791666666668,19,96,0.198
2025-09-07,Living Room,Lights,0.1017,4.229166666666667,35.0,30.42395833333333,75.59791666666668,8,96,0.083
2025-09-07,Office,AC,5.5914,232.97916666666666,1740.0,30.42395833333333,75.59791666666668,13,96,0.135
2025-09-07,Office,Fan,0.2707,11.458333333333334,98.0,30.42395833333333,75.59791666666668,8,96,0.083
2025-09-07,Office,Lights,0.0939,3.90625,36.0,30.42395833333333,75.59791666666668,9,96,0.094
2025-09-08,Bathroom,Heater,1.7093,71.21875,2271.0,30.563541666666666,75.92291666666667,3,96,0.031
2025-09-08,Bathroom,Lights,0.0605,2.5208333333333335,40.0,30.563541666666666,75.92291666666667,2,96,0.021
2025-09-08,Bedroom,AC,4.627,192.79166666666666,1783.0,30.563541666666666,75.92291666666667,10,96,0.104
2025-09-08,Bedroom,Fan,0.21689999999999998,9.21875,95.0,30.563541666666666,75.92291666666667,5,96,0.052
2025-09-08,Bedroom,Lights,0.0958,3.9895833333333335,39.0,30.563541666666666,75.92291666666667,7,96,0.073
2025-09-08,Kitchen,Heater,3.4108,142.11458333333334,2402.0,30.563541666666666,75.92291666666667,6,96,0.062
2025-09-08,Kitchen,Lights,0.1186,4.947916666666667,40.0,30.563541666666666,75.92291666666667,11,96,0.115
2025-09-08,Living Room,AC,6.5584,273.2708333333333,1757.0,30.563541666666666,75.92291666666667,16,96,0.167
2025-09-08,Living Room,Fan,0.294,12.427083333333334,89.0,30.563541666666666,75.92291666666667,11,96,0.115
2025-09-08,Living Room,Lights,0.0628,2.6145833333333335,39.0,30.563541666666666,75.92291666666667,2,96,0.021
2025-09-08,Office,AC,5.2598,219.16666666666666,1708.0,30.563541666666666,75.92291666666667,12,96,0.125
2025-09-08,Office,Fan,0.3922,16.510416666666668,92.0,30.563541666666666,75.92291666666667,15,96,0.156
2025-09-08,Office,Lights,0.057,2.375,24.0,30.563541666666666,75.92291666666667,2,96,0.021
2025-09-09,Bathroom,Heater,2.1296,88.72916666666667,2488.0,30.498958333333334,75.62395833333333,4,96,0.042
2025-09-09,Bathroom,Lights,0.1,4.166666666666667,37.0,30.498958333333334,75.62395833333333,10,96,0.104
2025-09-09,Bedroom,AC,3.8335,159.72916666666666,1654.0,30.498958333333334,75.62395833333333,8,96,0.083
2025-09-09,Bedroom,Fan,0.2957,12.5,100.0,30.498958333333334,75.62395833333333,9,96,0.094
2025-09-09,Bedroom,Lights,0.0903,3.7604166666666665,39.0,30.498958333333334,75.62395833333333,9,96,0.094
2025-09-09,Kitchen,Heater,1.6318000000000001,67.98958333333333,2202.0,30.498958333333334,75.62395833333333,3,96,0.031
2025-09-09,Kitchen,Lights,0.085,3.5416666666666665,37.0,30.498958333333334,75.62395833333333,6,96,0.062
2025-09-09,Living Room,AC,3.7902,157.92708333333334,1491.0,30.498958333333334,75.62395833333333,8,96,0.083
2025-09-09,Living Room,Fan,0.2651,11.229166666666666,96.0,30.498958333333334,75.62395833333333,8,96,0.083
2025-09-09,Living Room,Lights,0.0858,3.5729166666666665,39.0,30.498958333333334,75.62395833333333,5,96,0.052
2025-09-09,Office,AC,6.033,251.375,1800.0,30.498958333333334,75.62395833333333,14,96,0.146
2025-09-09,Office,Fan,0.3469,14.635416666666666,98.0,30.498958333333334,75.62395833333333,12,96,0.125
2025-09-09,Office,Lights,0.07100000000000001,2.9583333333333335,40.0,30.498958333333334,75.62395833333333,4,96,0.042
2025-09-10,Bathroom,Heater,1.2052,50.21875,2304.0,30.395833333333332,75.43020833333334,2,96,0.021
2025-09-10,Bathroom,Lights,0.0832,3.4583333333333335,31.0,30.395833333333332,75.43020833333334,7,96,0.073
2025-09-10,Bedroom,AC,3.9854000000000003,166.0625,1641.0,30.395833333333332,75.43020833333334,8,96,0.083
2025-09-10,Bedroom,Fan,0.1881,8.03125,92.0,30.395833333333332,75.43020833333334,4,96,0.042
2025-09-10,Bedroom,Lights,0.0734,3.0625,37.0,30.395833333333332,75.43020833333334,4,96,0.042
2025-09-10,Kitchen,Heater,1.8662999999999998,77.76041666666667,2310.0,30.395833333333332,75.43020833333334,3,96,0.031
2025-09-10,Kitchen,Lights,0.0818,3.40625,36.0,30.395833333333332,75.43020833333334,5,96,0.052
2025-09-10,Living Room,AC,5.1061,212.75,1647.0,30.395833333333332,75.43020833333334,12,96,0.125
2025-09-10,Living Room,Fan,0.2845,12.041666666666666,89.0,30.395833333333332,75.43020833333334,10,96,0.104
2025-09-10,Living Room,Lights,0.0635,2.6458333333333335,23.0,30.395833333333332,75.43020833333334,4,96,0.042
2025-09-10,Office,AC,5.0223,209.26041666666666,1695.0,30.395833333333332,75.43020833333334,11,96,0.115
2025-09-10,Office,Fan,0.24869999999999998,10.552083333333334,96.0,30.395833333333332,75.43020833333334,7,96,0.073
2025-09-10,Office,Lights,0.0663,2.7604166666666665,31.0,30.395833333333332,75.43020833333334,3,96,0.031
2025-09-11,Bathroom,Heater,1.6622000000000001,69.26041666666667,2116.0,30.193749999999998,75.77291666666666,3,96,0.031
2025-09-11,Bathroom,Lights,0.0611,2.5416666666666665,23.0,30.193749999999998,75.77291666666666,3,96,0.031
2025-09-11,Bedroom,AC,4.2939,178.91666666666666,1775.0,30.193749999999998,75.77291666666666,9,96,0.094
2025-09-11,Bedroom,Fan,0.2731,11.5625,89.0,30.193749999999998,75.77291666666666,9,96,0.094
2025-09-11,Bedroom,Lights,0.1054,4.385416666666667,38.0,30.193749999999998,75.77291666666666,9,96,0.094
2025-09-11,Kitchen,Heater,1.1605,48.354166666666664,2176.0,30.193749999999998,75.77291666666666,2,96,0.021
2025-09-11,Kitchen,Lights,0.0849,3.5416666666666665,34.0,30.193749999999998,75.77291666666666,7,96,0.073
2025-09-11,Living Room,AC,3.7636,156.82291666666666,1629.0,30.193749999999998,75.77291666666666,8,96,0.083
2025-09-11,Living Room,Fan,0.34299999999999997,14.458333333333334,92.0,30.193749999999998,75.77291666666666,12,96,0.125
2025-09-11,Living Room,Lights,0.0913,3.8020833333333335,38.0,30.193749999999998,75.77291666666666,7,96,0.073
2025-09-11,Office,AC,3.7070000000000003,154.45833333333334,1584.0,30.193749999999998,75.77291666666666,8,96,0.083
2025-09-11,Office,Fan,0.434,18.239583333333332,99.0,30.193749999999998,75.77291666666666,17,96,0.177
2025-09-11,Office,Lights,0.1089,4.53125,40.0,30.193749999999998,75.77291666666666,10,96,0.104
2025-09-12,Bathroom,Heater,1.8032,75.13541666666667,2274.0,30.504166666666666,75.28229166666667,3,96,0.031
2025-09-12,Bathroom,Lights,0.0903,3.7604166666666665,40.0,30.504166666666666,75.28229166666667,6,96,0.062
2025-09-12,Bedroom,AC,2.6044,108.52083333333333,1749.0,30.504166666666666,75.28229166666667,4,96,0.042
2025-09-12,Bedroom,Fan,0.3045,12.864583333333334,85.0,30.504166666666666,75.28229166666667,11,96,0.115
2025-09-12,Bedroom,Lights,0.0816,3.3958333333333335,30.0,30.504166666666666,75.28229166666667,7,96,0.073
2025-09-12,Kitchen,Heater,2.8298,117.90625,2436.0,30.504166666666666,75.28229166666667,5,96,0.052
2025-09-12,Kitchen,Lights,0.0921,3.84375,30.0,30.504166666666666,75.28229166666667,10,96,0.104
2025-09-12,Living Room,AC,4.1795,174.14583333333334,1797.0,30.504166666666666,75.28229166666667,9,96,0.094
2025-09-12,Living Room,Fan,0.2915,12.333333333333334,98.0,30.504166666666666,75.28229166666667,9,96,0.094
2025-09-12,Living Room,Lights,0.0951,3.9583333333333335,39.0,30.504166666666666,75.28229166666667,9,96,0.094
2025-09-12,Office,AC,3.7087000000000003,154.53125,1713.0,30.504166666666666,75.28229166666667,8,96,0.083
2025-09-12,Office,Fan,0.3211,13.552083333333334,100.0,30.504166666666666,75.28229166666667,11,96,0.115
2025-09-12,Office,Lights,0.066,2.75,31.0,30.504166666666666,75.28229166666667,3,96,0.031
2025-09-13,Bathroom,Heater,2.245,93.54166666666667,2280.0,30.525000000000002,75.37395833333333,4,96,0.042
2025-09-13,Bathroom,Lights,0.1104,4.604166666666667,40.0,30.525000000000002,75.37395833333333,10,96,0.104
2025-09-13,Bedroom,AC,4.7833,199.3125,1557.0,30.525000000000002,75.37395833333333,12,96,0.125
2025-09-13,Bedroom,Fan,0.23229999999999998,9.864583333333334,96.0,30.525000000000002,75.37395833333333,6,96,0.062
2025-09-13,Bedroom,Lights,0.1101,4.59375,40.0,30.525000000000002,75.37395833333333,9,96,0.094
2025-09-13,Kitchen,Heater,1.7453,72.71875,2287.0,30.525000000000002,75.37395833333333,3,96,0.031
2025-09-13,Kitchen,Lights,0.113,4.708333333333333,38.0,30.525000000000002,75.37395833333333,13,96,0.135
2025-09-13,Living Room,AC,6.4794,269.9791666666667,1758.0,30.525000000000002,75.37395833333333,15,96,0.156
2025-09-13,Living Room,Fan,0.33089999999999997,13.958333333333334,100.0,30.525000000000002,75.37395833333333,12,96,0.125
2025-09-13,Living Room,Lights,0.099,4.125,40.0,30.525000000000002,75.37395833333333,8,96,0.083
2025-09-13,Office,AC,5.1752,215.625,1798.0,30.525000000000002,75.37395833333333,12,96,0.125
2025-09-13,Office,Fan,0.2651,11.229166666666666,100.0,30.525000000000002,75.37395833333333,7,96,0.073
2025-09-13,Office,Lights,0.0517,2.15625,17.0,30.525000000000002,75.37395833333333,1,96,0.01
2025-09-14,Bathroom,Heater,0.7947000000000001,33.114583333333336,2229.0,30.530208333333334,75.61354166666666,1,96,0.01
2025-09-14,Bathroom,Lights,0.0947,3.9375,39.0,30.530208333333334,75.61354166666666,7,96,0.073
2025-09-14,Bedroom,AC,7.0134,292.2291666666667,1693.0,30.530208333333334,75.61354166666666,19,96,0.198
2025-09-14,Bedroom,Fan,0.4077,17.15625,96.0,30.530208333333334,75.61354166666666,15,96,0.156
2025-09-14,Bedroom,Lights,0.0628,2.6145833333333335,26.0,30.530208333333334,75.61354166666666,3,96,0.031
2025-09-14,Kitchen,Heater,1.0777,44.90625,1694.0,30.530208333333334,75.61354166666666,2,96,0.021
2025-09-14,Kitchen,Lights,0.0935,3.8958333333333335,37.0,30.530208333333334,75.61354166666666,7,96,0.073
2025-09-14,Living Room,AC,6.4407000000000005,268.3645833333333,1799.0,30.530208333333334,75.61354166666666,16,96,0.167
2025-09-14,Living Room,Fan,0.3065,12.947916666666666,99.0,30.530208333333334,75.61354166666666,10,96,0.104
2025-09-14,Living Room,Lights,0.1192,4.96875,38.0,30.530208333333334,75.61354166666666,11,96,0.115
2025-09-14,Office,AC,5.4517,227.15625,1737.0,30.530208333333334,75.61354166666666,13,96,0.135
2025-09-14,Office,Fan,0.4476,18.8125,100.0,30.530208333333334,75.61354166666666,17,96,0.177
2025-09-14,Office,Lights,0.1207,5.03125,37.0,30.530208333333334,75.61354166666666,12,96,0.125
2025-09-15,Bathroom,Heater,2.3226,96.78125,2389.0,30.527083333333334,75.55104166666666,4,96,0.042
2025-09-15,Bathroom,Lights,0.0988,4.114583333333333,36.0,30.527083333333334,75.55104166666666,9,96,0.094
2025-09-15,Bedroom,AC,4.3588000000000005,181.61458333333334,1639.0,30.527083333333334,75.55104166666666,10,96,0.104
2025-09-15,Bedroom,Fan,0.4177,17.572916666666668,100.0,30.527083333333334,75.55104166666666,16,96,0.167
2025-09-15,Bedroom,Lights,0.087,3.625,40.0,30.527083333333334,75.55104166666666,5,96,0.052
2025-09-15,Kitchen,Heater,1.5747,65.61458333333333,1982.0,30.527083333333334,75.55104166666666,3,96,0.031
2025-09-15,Kitchen,Lights,0.1063,4.427083333333333,37.0,30.527083333333334,75.55104166666666,10,96,0.104
2025-09-15,Living Room,AC,2.1963,91.51041666666667,1564.0,30.527083333333334,75.55104166666666,3,96,0.031
2025-09-15,Living Room,Fan,0.2918,12.34375,100.0,30.527083333333334,75.55104166666666,9,96,0.094
2025-09-15,Living Room,Lights,0.0813,3.3854166666666665,35.0,30.527083333333334,75.55104166666666,7,96,0.073
2025-09-15,Office,AC,5.8383,243.26041666666666,1723.0,30.527083333333334,75.55104166666666,14,96,0.146
2025-09-15,Office,Fan,0.2693,11.40625,98.0,30.527083333333334,75.55104166666666,8,96,0.083
2025-09-15,Office,Lights,0.0984,4.09375,38.0,30.527083333333334,75.55104166666666,7,96,0.073
2025-09-16,Bathroom,Heater,0.24,10.0,10.0,30.565625,75.80104166666666,0,96,0.0
2025-09-16,Bathroom,Lights,0.0883,3.6770833333333335,30.0,30.565625,75.80104166666666,9,96,0.094
2025-09-16,Bedroom,AC,3.9062,162.76041666666666,1788.0,30.565625,75.80104166666666,7,96,0.073
2025-09-16,Bedroom,Fan,0.24159999999999998,10.25,96.0,30.565625,75.80104166666666,6,96,0.062
2025-09-16,Bedroom,Lights,0.077,3.2083333333333335,36.0,30.565625,75.80104166666666,4,96,0.042
2025-09-16,Kitchen,Heater,0.8233,34.302083333333336,2343.0,30.565625,75.80104166666666,1,96,0.01
2025-09-16,Kitchen,Lights,0.0796,3.3125,39.0,30.565625,75.80104166666666,5,96,0.052
2025-09-16,Living Room,AC,5.5054,229.39583333333334,1790.0,30.565625,75.80104166666666,12,96,0.125
2025-09-16,Living Room,Fan,0.3955,16.645833333333332,96.0,30.565625,75.80104166666666,15,96,0.156
2025-09-16,Living Room,Lights,0.0763,3.1770833333333335,35.0,30.565625,75.80104166666666,5,96,0.052
2025-09-16,Office,AC,4.9187,204.94791666666666,1795.0,30.565625,75.80104166666666,11,96,0.115
2025-09-16,Office,Fan,0.2559,10.84375,100.0,30.565625,75.80104166666666,7,96,0.073
2025-09-16,Office,Lights,0.07730000000000001,3.21875,40.0,30.565625,75.80104166666666,4,96,0.042
2025-09-17,Bathroom,Heater,1.7167,71.53125,2344.0,30.503125,75.83333333333333,3,96,0.031
2025-09-17,Bathroom,Lights,0.0789,3.28125,40.0,30.503125,75.83333333333333,5,96,0.052
2025-09-17,Bedroom,AC,3.4328000000000003,143.03125,1714.0,30.503125,75.83333333333333,7,96,0.073
2025-09-17,Bedroom,Fan,0.2973,12.5625,95.0,30.503125,75.83333333333333,9,96,0.094
2025-09-17,Bedroom,Lights,0.0742,3.09375,26.0,30.503125,75.83333333333333,5,96,0.052
2025-09-17,Kitchen,Heater,0.8243,34.34375,2347.0,30.503125,75.83333333333333,1,96,0.01
2025-09-17,Kitchen,Lights,0.0821,3.4166666666666665,35.0,30.503125,75.83333333333333,7,96,0.073
2025-09-17,Living Room,AC,4.686100000000001,195.26041666666666,1697.0,30.503125,75.83333333333333,10,96,0.104
2025-09-17,Living Room,Fan,0.4226,17.78125,95.0,30.503125,75.83333333333333,17,96,0.177
2025-09-17,Living Room,Lights,0.0784,3.2708333333333335,28.0,30.503125,75.83333333333333,7,96,0.073
2025-09-17,Office,AC,4.9155,204.82291666666666,1773.0,30.503125,75.83333333333333,12,96,0.125
2025-09-17,Office,Fan,0.35119999999999996,14.8125,100.0,30.503125,75.83333333333333,13,96,0.135
2025-09-17,Office,Lights,0.0828,3.4479166666666665,39.0,30.503125,75.83333333333333,6,96,0.062
2025-09-18,Bathroom,Heater,1.8555,77.3125,2295.0,30.571875000000002,75.078125,3,96,0.031
2025-09-18,Bathroom,Lights,0.1076,4.479166666666667,36.0,30.571875000000002,75.078125,11,96,0.115
2025-09-18,Bedroom,AC,5.7536000000000005,239.73958333333334,1732.0,30.571875000000002,75.078125,14,96,0.146
2025-09-18,Bedroom,Fan,0.20099999999999998,8.5625,99.0,30.571875000000002,75.078125,4,96,0.042
2025-09-18,Bedroom,Lights,0.0845,3.5208333333333335,34.0,30.571875000000002,75.078125,7,96,0.073
2025-09-18,Kitchen,Heater,0.8424999999999999,35.104166666666664,2420.0,30.571875000000002,75.078125,1,96,0.01
2025-09-18,Kitchen,Lights,0.0724,3.0208333333333335,33.0,30.571875000000002,75.078125,5,96,0.052
2025-09-18,Living Room,AC,5.2218,217.57291666666666,1795.0,30.571875000000002,75.078125,12,96,0.125
2025-09-18,Living Room,Fan,0.32239999999999996,13.604166666666666,96.0,30.571875000000002,75.078125,11,96,0.115
2025-09-18,Living Room,Lights,0.0774,3.2291666666666665,29.0,30.571875000000002,75.078125,5,96,0.052
2025-09-18,Office,AC,3.5645,148.52083333333334,1686.0,30.571875000000002,75.078125,8,96,0.083
2025-09-18,Office,Fan,0.3676,15.489583333333334,98.0,30.571875000000002,75.078125,14,96,0.146
2025-09-18,Office,Lights,0.12129999999999999,5.052083333333333,36.0,30.571875000000002,75.078125,12,96,0.125
2025-09-19,Bathroom,Heater,1.1102,46.260416666666664,1781.0,30.471875,75.6375,2,96,0.021
2025-09-19,Bathroom,Lights,0.0697,2.90625,29.0,30.471875,75.6375,5,96,0.052
2025-09-19,Bedroom,AC,4.5547,189.78125,1775.0,30.471875,75.6375,10,96,0.104
2025-09-19,Bedroom,Fan,0.2867,12.125,91.0,30.471875,75.6375,10,96,0.104
2025-09-19,Bedroom,Lights,0.0892,3.71875,39.0,30.471875,75.6375,8,96,0.083
2025-09-19,Kitchen,Heater,2.9802,124.17708333333333,2476.0,30.471875,75.6375,5,96,0.052
2025-09-19,Kitchen,Lights,0.0966,4.020833333333333,40.0,30.471875,75.6375,9,96,0.094
2025-09-19,Living Room,AC,6.3199000000000005,263.3333333333333,1793.0,30.471875,75.6375,14,96,0.146
2025-09-19,Living Room,Fan,0.3684,15.520833333333334,100.0,30.471875,75.6375,13,96,0.135
2025-09-19,Living Room,Lights,0.0751,3.125,40.0,30.471875,75.6375,4,96,0.042
2025-09-19,Office,AC,3.774,157.25,1716.0,30.471875,75.6375,8,96,0.083
2025-09-19,Office,Fan,0.3616,15.25,100.0,30.471875,75.6375,13,96,0.135
2025-09-19,Office,Lights,0.0975,4.0625,40.0,30.471875,75.6375,8,96,0.083
2025-09-20,Bathroom,Heater,0.7467,31.114583333333332,2037.0,30.55,75.378125,1,96,0.01
2025-09-20,Bathroom,Lights,0.0943,3.9270833333333335,39.0,30.55,75.378125,8,96,0.083
2025-09-20,Bedroom,AC,7.5404,314.1875,1770.0,30.55,75.378125,17,96,0.177
2025-09-20,Bedroom,Fan,0.3671,15.46875,98.0,30.55,75.378125,13,96,0.135
2025-09-20,Bedroom,Lights,0.0862,3.59375,40.0,30.55,75.378125,7,96,0.073
2025-09-20,Kitchen,Heater,1.7822,74.26041666666667,2262.0,30.55,75.378125,3,96,0.031
2025-09-20,Kitchen,Lights,0.0855,3.5625,37.0,30.55,75.378125,6,96,0.062
2025-09-20,Living Room,AC,7.2123,300.5208333333333,1745.0,30.55,75.378125,18,96,0.188
2025-09-20,Living Room,Fan,0.31989999999999996,13.510416666666666,97.0,30.55,75.378125,11,96,0.115
2025-09-20,Living Room,Lights,0.1044,4.34375,35.0,30.55,75.378125,10,96,0.104
2025-09-20,Office,AC,6.1624,256.7604166666667,1778.0,30.55,75.378125,14,96,0.146
2025-09-20,Office,Fan,0.2853,12.072916666666666,97.0,30.55,75.378125,9,96,0.094
2025-09-20,Office,Lights,0.09079999999999999,3.78125,37.0,30.55,75.378125,7,96,0.073
2025-09-21,Bathroom,Heater,0.24,10.0,10.0,30.745833333333334,75.73541666666667,0,96,0.0
2025-09-21,Bathroom,Lights,0.0825,3.4479166666666665,29.0,30.745833333333334,75.73541666666667,8,96,0.083
2025-09-21,Bedroom,AC,6.0175,250.72916666666666,1795.0,30.745833333333334,75.73541666666667,14,96,0.146
2025-09-21,Bedroom,Fan,0.3505,14.770833333333334,99.0,30.745833333333334,75.73541666666667,12,96,0.125
2025-09-21,Bedroom,Lights,0.104,4.333333333333333,37.0,30.745833333333334,75.73541666666667,9,96,0.094
2025-09-21,Kitchen,Heater,2.2627,94.28125,2362.0,30.745833333333334,75.73541666666667,4,96,0.042
2025-09-21,Kitchen,Lights,0.09670000000000001,4.03125,35.0,30.745833333333334,75.73541666666667,8,96,0.083
2025-09-21,Living Room,AC,5.8026,241.77083333333334,1680.0,30.745833333333334,75.73541666666667,14,96,0.146
2025-09-21,Living Room,Fan,0.3357,14.15625,100.0,30.745833333333334,75.73541666666667,11,96,0.115
2025-09-21,Living Room,Lights,0.1154,4.802083333333333,36.0,30.745833333333334,75.73541666666667,11,96,0.115
2025-09-21,Office,AC,5.6648,236.03125,1766.0,30.745833333333334,75.73541666666667,13,96,0.135
2025-09-21,Office,Fan,0.3378,14.239583333333334,95.0,30.745833333333334,75.73541666666667,13,96,0.135
2025-09-21,Office,Lights,0.1212,5.041666666666667,38.0,30.745833333333334,75.73541666666667,11,96,0.115
2025-09-22,Bathroom,Heater,2.3603,98.34375,2027.0,30.413541666666664,75.503125,5,96,0.052
2025-09-22,Bathroom,Lights,0.1109,4.614583333333333,40.0,30.413541666666664,75.503125,11,96,0.115
2025-09-22,Bedroom,AC,3.9544,164.76041666666666,1698.0,30.413541666666664,75.503125,8,96,0.083
2025-09-22,Bedroom,Fan,0.4396,18.489583333333332,100.0,30.413541666666664,75.503125,17,96,0.177
2025-09-22,Bedroom,Lights,0.09230000000000001,3.84375,34.0,30.413541666666664,75.503125,8,96,0.083
2025-09-22,Kitchen,Heater,1.8627,77.61458333333333,2295.0,30.413541666666664,75.503125,3,96,0.031
2025-09-22,Kitchen,Lights,0.0905,3.7708333333333335,39.0,30.413541666666664,75.503125,7,96,0.073
2025-09-22,Living Room,AC,3.1427,130.94791666666666,1777.0,30.413541666666664,75.503125,6,96,0.062
2025-09-22,Living Room,Fan,0.3362,14.177083333333334,100.0,30.413541666666664,75.503125,12,96,0.125
2025-09-22,Living Room,Lights,0.082,3.4166666666666665,34.0,30.413541666666664,75.503125,7,96,0.073
2025-09-22,Office,AC,4.8415,201.72916666666666,1776.0,30.413541666666664,75.503125,10,96,0.104
2025-09-22,Office,Fan,0.25279999999999997,10.71875,99.0,30.413541666666664,75.503125,7,96,0.073
2025-09-22,Office,Lights,0.0799,3.3333333333333335,35.0,30.413541666666664,75.503125,6,96,0.062
2025-09-23,Bathroom,Heater,0.24,10.0,10.0,30.570833333333336,76.04895833333333,0,96,0.0
2025-09-23,Bathroom,Lights,0.0914,3.8125,37.0,30.570833333333336,76.04895833333333,7,96,0.073
2025-09-23,Bedroom,AC,4.484,186.83333333333334,1775.0,30.570833333333336,76.04895833333333,9,96,0.094
2025-09-23,Bedroom,Fan,0.304,12.84375,93.0,30.570833333333336,76.04895833333333,10,96,0.104
2025-09-23,Bedroom,Lights,0.1044,4.354166666666667,37.0,30.570833333333336,76.04895833333333,11,96,0.115
2025-09-23,Kitchen,Heater,1.8203,75.84375,2428.0,30.570833333333336,76.04895833333333,3,96,0.031
2025-09-23,Kitchen,Lights,0.084,3.5,40.0,30.570833333333336,76.04895833333333,7,96,0.073
2025-09-23,Living Room,AC,5.8324,243.01041666666666,1786.0,30.570833333333336,76.04895833333333,13,96,0.135
2025-09-23,Living Room,Fan,0.3099,13.083333333333334,99.0,30.570833333333336,76.04895833333333,11,96,0.115
2025-09-23,Living Room,Lights,0.0848,3.53125,32.0,30.570833333333336,76.04895833333333,7,96,0.073
2025-09-23,Office,AC,5.494400000000001,228.92708333333334,1779.0,30.570833333333336,76.04895833333333,13,96,0.135
2025-09-23,Office,Fan,0.2596,11.0,99.0,30.570833333333336,76.04895833333333,7,96,0.073
2025-09-23,Office,Lights,0.0971,4.041666666666667,40.0,30.570833333333336,76.04895833333333,9,96,0.094
2025-09-24,Bathroom,Heater,1.8739,78.08333333333333,2401.0,30.448958333333334,75.63437499999999,3,96,0.031
2025-09-24,Bathroom,Lights,0.0993,4.145833333333333,38.0,30.448958333333334,75.63437499999999,9,96,0.094
2025-09-24,Bedroom,AC,5.3906,224.60416666666666,1779.0,30.448958333333334,75.63437499999999,12,96,0.125
2025-09-24,Bedroom,Fan,0.283,11.979166666666666,97.0,30.448958333333334,75.63437499999999,9,96,0.094
2025-09-24,Bedroom,Lights,0.08600000000000001,3.5833333333333335,40.0,30.448958333333334,75.63437499999999,6,96,0.062
2025-09-24,Kitchen,Heater,1.2893,53.71875,2134.0,30.448958333333334,75.63437499999999,2,96,0.021
2025-09-24,Kitchen,Lights,0.0523,2.1770833333333335,19.0,30.448958333333334,75.63437499999999,1,96,0.01
2025-09-24,Living Room,AC,3.5433,147.63541666666666,1329.0,30.448958333333334,75.63437499999999,8,96,0.083
2025-09-24,Living Room,Fan,0.3361,14.177083333333334,96.0,30.448958333333334,75.63437499999999,12,96,0.125
2025-09-24,Living Room,Lights,0.0715,2.9791666666666665,40.0,30.448958333333334,75.63437499999999,4,96,0.042
2025-09-24,Office,AC,2.868,119.5,1750.0,30.448958333333334,75.63437499999999,5,96,0.052
2025-09-24,Office,Fan,0.3116,13.15625,100.0,30.448958333333334,75.63437499999999,10,96,0.104
2025-09-24,Office,Lights,0.1005,4.177083333333333,39.0,30.448958333333334,75.63437499999999,7,96,0.073
2025-09-25,Bathroom,Heater,1.7824000000000002,74.27083333333333,2494.0,30.40833333333333,75.47083333333333,3,96,0.031
2025-09-25,Bathroom,Lights,0.0535,2.2291666666666665,24.0,30.40833333333333,75.47083333333333,1,96,0.01
2025-09-25,Bedroom,AC,3.1734,132.21875,1779.0,30.40833333333333,75.47083333333333,5,96,0.052
2025-09-25,Bedroom,Fan,0.3935,16.552083333333332,95.0,30.40833333333333,75.47083333333333,15,96,0.156
2025-09-25,Bedroom,Lights,0.0969,4.03125,39.0,30.40833333333333,75.47083333333333,9,96,0.094
2025-09-25,Kitchen,Heater,0.6517000000000001,27.15625,1657.0,30.40833333333333,75.47083333333333,1,96,0.01
2025-09-25,Kitchen,Lights,0.0908,3.78125,34.0,30.40833333333333,75.47083333333333,7,96,0.073
2025-09-25,Living Room,AC,4.2195,175.80208333333334,1520.0,30.40833333333333,75.47083333333333,10,96,0.104
2025-09-25,Living Room,Fan,0.3268,13.791666666666666,100.0,30.40833333333333,75.47083333333333,11,96,0.115
2025-09-25,Living Room,Lights,0.0918,3.8229166666666665,40.0,30.40833333333333,75.47083333333333,7,96,0.073
2025-09-25,Office,AC,5.9104,246.27083333333334,1744.0,30.40833333333333,75.47083333333333,13,96,0.135
2025-09-25,Office,Fan,0.2689,11.385416666666666,99.0,30.40833333333333,75.47083333333333,8,96,0.083
2025-09-25,Office,Lights,0.0748,3.1145833333333335,32.0,30.40833333333333,75.47083333333333,5,96,0.052
2025-09-26,Bathroom,Heater,2.6593999999999998,110.8125,2330.0,30.45104166666667,75.23229166666667,5,96,0.052
2025-09-26,Bathroom,Lights,0.0945,3.9375,39.0,30.45104166666667,75.23229166666667,8,96,0.083
2025-09-26,Bedroom,AC,3.8685,161.1875,1760.0,30.45104166666667,75.23229166666667,8,96,0.083
2025-09-26,Bedroom,Fan,0.3726,15.697916666666666,100.0,30.45104166666667,75.23229166666667,14,96,0.146
2025-09-26,Bedroom,Lights,0.087,3.625,39.0,30.45104166666667,75.23229166666667,7,96,0.073
2025-09-26,Kitchen,Heater,1.9869999999999999,82.79166666666667,1890.0,30.45104166666667,75.23229166666667,4,96,0.042
2025-09-26,Kitchen,Lights,0.0697,2.90625,27.0,30.45104166666667,75.23229166666667,5,96,0.052
2025-09-26,Living Room,AC,5.6966,237.36458333333334,1701.0,30.45104166666667,75.23229166666667,13,96,0.135
2025-09-26,Living Room,Fan,0.36119999999999997,15.21875,100.0,30.45104166666667,75.23229166666667,12,96,0.125
2025-09-26,Living Room,Lights,0.11599999999999999,4.833333333333333,38.0,30.45104166666667,75.23229166666667,9,96,0.094
2025-09-26,Office,AC,4.3266,180.27083333333334,1649.0,30.45104166666667,75.23229166666667,10,96,0.104
2025-09-26,Office,Fan,0.27999999999999997,11.854166666666666,99.0,30.45104166666667,75.23229166666667,8,96,0.083
2025-09-26,Office,Lights,0.0998,4.15625,40.0,30.45104166666667,75.23229166666667,9,96,0.094
2025-09-27,Bathroom,Heater,2.3026,95.94791666666667,2485.0,30.508333333333336,75.39479166666666,4,96,0.042
2025-09-27,Bathroom,Lights,0.0881,3.6770833333333335,33.0,30.508333333333336,75.39479166666666,8,96,0.083
2025-09-27,Bedroom,AC,4.4219,184.25,1777.0,30.508333333333336,75.39479166666666,9,96,0.094
2025-09-27,Bedroom,Fan,0.29819999999999997,12.614583333333334,98.0,30.508333333333336,75.39479166666666,9,96,0.094
2025-09-27,Bedroom,Lights,0.1132,4.71875,37.0,30.508333333333336,75.39479166666666,10,96,0.104
2025-09-27,Kitchen,Heater,1.7393999999999998,72.47916666666667,2277.0,30.508333333333336,75.39479166666666,3,96,0.031
2025-09-27,Kitchen,Lights,0.106,4.416666666666667,39.0,30.508333333333336,75.39479166666666,9,96,0.094
2025-09-27,Living Room,AC,4.6004,191.6875,1756.0,30.508333333333336,75.39479166666666,10,96,0.104
2025-09-27,Living Room,Fan,0.3266,13.78125,96.0,30.508333333333336,75.39479166666666,11,96,0.115
2025-09-27,Living Room,Lights,0.09419999999999999,3.9270833333333335,38.0,30.508333333333336,75.39479166666666,8,96,0.083
2025-09-27,Office,AC,4.3684,182.01041666666666,1773.0,30.508333333333336,75.39479166666666,10,96,0.104
2025-09-27,Office,Fan,0.2969,12.552083333333334,94.0,30.508333333333336,75.39479166666666,10,96,0.104
2025-09-27,Office,Lights,0.1084,4.510416666666667,39.0,30.508333333333336,75.39479166666666,12,96,0.125
2025-09-28,Bathroom,Heater,1.7901,74.58333333333333,2283.0,30.464583333333334,76.12395833333333,3,96,0.031
2025-09-28,Bathroom,Lights,0.1201,5.010416666666667,39.0,30.464583333333334,76.12395833333333,12,96,0.125
2025-09-28,Bedroom,AC,6.3764,265.6770833333333,1792.0,30.464583333333334,76.12395833333333,16,96,0.167
2025-09-28,Bedroom,Fan,0.3104,13.114583333333334,99.0,30.464583333333334,76.12395833333333,10,96,0.104
2025-09-28,Bedroom,Lights,0.0871,3.625,31.0,30.464583333333334,76.12395833333333,9,96,0.094
2025-09-28,Kitchen,Heater,4.4709,186.29166666666666,2384.0,30.464583333333334,76.12395833333333,9,96,0.094
2025-09-28,Kitchen,Lights,0.085,3.5416666666666665,33.0,30.464583333333334,76.12395833333333,6,96,0.062
2025-09-28,Living Room,AC,5.5067,229.44791666666666,1715.0,30.464583333333334,76.12395833333333,12,96,0.125
2025-09-28,Living Room,Fan,0.2887,12.208333333333334,91.0,30.464583333333334,76.12395833333333,10,96,0.104
2025-09-28,Living Room,Lights,0.1306,5.4375,40.0,30.464583333333334,76.12395833333333,12,96,0.125
2025-09-28,Office,AC,5.355,223.13541666666666,1604.0,30.464583333333334,76.12395833333333,13,96,0.135
2025-09-28,Office,Fan,0.2849,12.052083333333334,92.0,30.464583333333334,76.12395833333333,10,96,0.104
2025-09-28,Office,Lights,0.0881,3.6666666666666665,37.0,30.464583333333334,76.12395833333333,8,96,0.083
2025-09-29,Bathroom,Heater,1.2369999999999999,51.541666666666664,2227.0,30.566666666666666,74.92291666666667,2,96,0.021
2025-09-29,Bathroom,Lights,0.07050000000000001,2.9375,40.0,30.566666666666666,74.92291666666667,4,96,0.042
2025-09-29,Bedroom,AC,3.3599,139.98958333333334,1591.0,30.566666666666666,74.92291666666667,7,96,0.073
2025-09-29,Bedroom,Fan,0.2727,11.541666666666666,95.0,30.566666666666666,74.92291666666667,8,96,0.083
2025-09-29,Bedroom,Lights,0.087,3.625,36.0,30.566666666666666,74.92291666666667,6,96,0.062
2025-09-29,Kitchen,Heater,1.8008,75.03125,2499.0,30.566666666666666,74.92291666666667,3,96,0.031
2025-09-29,Kitchen,Lights,0.0947,3.9479166666666665,40.0,30.566666666666666,74.92291666666667,9,96,0.094
2025-09-29,Living Room,AC,3.7446,156.03125,1728.0,30.566666666666666,74.92291666666667,9,96,0.094
2025-09-29,Living Room,Fan,0.2707,11.458333333333334,98.0,30.566666666666666,74.92291666666667,8,96,0.083
2025-09-29,Living Room,Lights,0.1011,4.21875,33.0,30.566666666666666,74.92291666666667,11,96,0.115
2025-09-29,Office,AC,3.8666,161.10416666666666,1715.0,30.566666666666666,74.92291666666667,8,96,0.083
2025-09-29,Office,Fan,0.3422,14.4375,96.0,30.566666666666666,74.92291666666667,13,96,0.135
2025-09-29,Office,Lights,0.0786,3.28125,29.0,30.566666666666666,74.92291666666667,7,96,0.073
2025-09-30,Bathroom,Heater,1.8543,77.26041666666667,2442.0,30.54375,75.53958333333334,3,96,0.031
2025-09-30,Bathroom,Lights,0.1263,5.260416666666667,39.0,30.54375,75.53958333333334,12,96,0.125
2025-09-30,Bedroom,AC,4.0692,169.55208333333334,1726.0,30.54375,75.53958333333334,9,96,0.094
2025-09-30,Bedroom,Fan,0.4226,17.770833333333332,100.0,30.54375,75.53958333333334,17,96,0.177
2025-09-30,Bedroom,Lights,0.0847,3.53125,34.0,30.54375,75.53958333333334,6,96,0.062
2025-09-30,Kitchen,Heater,0.776,32.333333333333336,2154.0,30.54375,75.53958333333334,1,96,0.01
2025-09-30,Kitchen,Lights,0.0775,3.2291666666666665,38.0,30.54375,75.53958333333334,5,96,0.052
2025-09-30,Living Room,AC,3.9616000000000002,165.07291666666666,1796.0,30.54375,75.53958333333334,8,96,0.083
2025-09-30,Living Room,Fan,0.222,9.4375,95.0,30.54375,75.53958333333334,6,96,0.062
2025-09-30,Living Room,Lights,0.0779,3.25,35.0,30.54375,75.53958333333334,5,96,0.052
2025-09-30,Office,AC,4.7437000000000005,197.64583333333334,1775.0,30.54375,75.53958333333334,10,96,0.104
2025-09-30,Office,Fan,0.4145,17.4375,97.0,30.54375,75.53958333333334,16,96,0.167
2025-09-30,Office,Lights,0.0871,3.625,39.0,30.54375,75.53958333333334,6,96,0.062
2025-10-01,Bathroom,Heater,3.5553,148.13541666666666,2455.0,28.58125,55.46979166666667,6,96,0.062
2025-10-01,Bathroom,Lights,0.09960000000000001,4.145833333333333,35.0,28.58125,55.46979166666667,8,96,0.083
2025-10-01,Bedroom,AC,2.4573,102.38541666666667,1554.0,28.58125,55.46979166666667,4,96,0.042
2025-10-01,Bedroom,Fan,0.306,12.9375,99.0,28.58125,55.46979166666667,10,96,0.104
2025-10-01,Bedroom,Lights,0.0902,3.7604166666666665,40.0,28.58125,55.46979166666667,7,96,0.073
2025-10-01,Kitchen,Heater,2.3106999999999998,96.28125,2225.0,28.58125,55.46979166666667,4,96,0.042
2025-10-01,Kitchen,Lights,0.1038,4.322916666666667,37.0,28.58125,55.46979166666667,10,96,0.104
2025-10-01,Living Room,AC,4.7047,196.03125,1775.0,28.58125,55.46979166666667,10,96,0.104
2025-10-01,Living Room,Fan,0.373,15.697916666666666,100.0,28.58125,55.46979166666667,14,96,0.146
2025-10-01,Living Room,Lights,0.0674,2.8125,38.0,28.58125,55.46979166666667,4,96,0.042
2025-10-01,Office,AC,5.053,210.54166666666666,1778.0,28.58125,55.46979166666667,11,96,0.115
2025-10-01,Office,Fan,0.27499999999999997,11.635416666666666,92.0,28.58125,55.46979166666667,9,96,0.094
2025-10-01,Office,Lights,0.075,3.125,39.0,28.58125,55.46979166666667,5,96,0.052
2025-10-02,Bathroom,Heater,1.1898,49.572916666666664,2027.0,28.704166666666666,55.23645833333333,2,96,0.021
2025-10-02,Bathroom,Lights,0.1028,4.28125,34.0,28.704166666666666,55.23645833333333,11,96,0.115
2025-10-02,Bedroom,AC,4.6108,192.11458333333334,1730.0,28.704166666666666,55.23645833333333,11,96,0.115
2025-10-02,Bedroom,Fan,0.31479999999999997,13.291666666666666,96.0,28.704166666666666,55.23645833333333,11,96,0.115
2025-10-02,Bedroom,Lights,0.0961,4.010416666666667,36.0,28.704166666666666,55.23645833333333,9,96,0.094
2025-10-02,Kitchen,Heater,0.8300000000000001,34.583333333333336,2370.0,28.704166666666666,55.23645833333333,1,96,0.01
2025-10-02,Kitchen,Lights,0.0715,2.9791666666666665,28.0,28.704166666666666,55.23645833333333,4,96,0.042
2025-10-02,Living Room,AC,5.4217,225.90625,1800.0,28.704166666666666,55.23645833333333,12,96,0.125
2025-10-02,Living Room,Fan,0.3386,14.28125,99.0,28.704166666666666,55.23645833333333,12,96,0.125
2025-10-02,Living Room,Lights,0.1047,4.364583333333333,31.0,28.704166666666666,55.23645833333333,11,96,0.115
2025-10-02,Office,AC,3.3803,140.84375,1506.0,28.704166666666666,55.23645833333333,7,96,0.073
2025-10-02,Office,Fan,0.2956,12.5,100.0,28.704166666666666,55.23645833333333,9,96,0.094
2025-10-02,Office,Lights,0.0886,3.6875,39.0,28.704166666666666,55.23645833333333,6,96,0.062
2025-10-03,Bathroom,Heater,1.2166,50.6875,2247.0,28.65833333333333,54.98229166666667,2,96,0.021
2025-10-03,Bathroom,Lights,0.10779999999999999,4.489583333333333,34.0,28.65833333333333,54.98229166666667,10,96,0.104
2025-10-03,Bedroom,AC,4.7731,198.875,1655.0,28.65833333333333,54.98229166666667,11,96,0.115
2025-10-03,Bedroom,Fan,0.2314,9.833333333333334,99.0,28.65833333333333,54.98229166666667,6,96,0.062
2025-10-03,Bedroom,Lights,0.1115,4.645833333333333,38.0,28.65833333333333,54.98229166666667,10,96,0.104
2025-10-03,Kitchen,Heater,2.8316,117.97916666666667,2360.0,28.65833333333333,54.98229166666667,5,96,0.052
2025-10-03,Kitchen,Lights,0.0981,4.083333333333333,35.0,28.65833333333333,54.98229166666667,8,96,0.083
2025-10-03,Living Room,AC,4.4437,185.15625,1663.0,28.65833333333333,54.98229166666667,9,96,0.094
2025-10-03,Living Room,Fan,0.37629999999999997,15.854166666666666,94.0,28.65833333333333,54.98229166666667,14,96,0.146
2025-10-03,Living Room,Lights,0.0916,3.8125,39.0,28.65833333333333,54.98229166666667,6,96,0.062
2025-10-03,Office,AC,3.8837,161.82291666666666,1771.0,28.65833333333333,54.98229166666667,8,96,0.083
2025-10-03,Office,Fan,0.29819999999999997,12.604166666666666,98.0,28.65833333333333,54.98229166666667,10,96,0.104
2025-10-03,Office,Lights,0.0903,3.7604166666666665,35.0,28.65833333333333,54.98229166666667,9,96,0.094
2025-10-04,Bathroom,Heater,1.7967,74.86458333333333,2317.0,28.363541666666666,54.963541666666664,3,96,0.031
2025-10-04,Bathroom,Lights,0.1204,5.020833333333333,37.0,28.363541666666666,54.963541666666664,11,96,0.115
2025-10-04,Bedroom,AC,4.2392,176.63541666666666,1721.0,28.363541666666666,54.963541666666664,9,96,0.094
2025-10-04,Bedroom,Fan,0.3618,15.25,100.0,28.363541666666666,54.963541666666664,13,96,0.135
2025-10-04,Bedroom,Lights,0.1115,4.645833333333333,33.0,28.363541666666666,54.963541666666664,12,96,0.125
2025-10-04,Kitchen,Heater,1.4212,59.21875,2389.0,28.363541666666666,54.963541666666664,2,96,0.021
2025-10-04,Kitchen,Lights,0.0912,3.8020833333333335,39.0,28.363541666666666,54.963541666666664,9,96,0.094
2025-10-04,Living Room,AC,6.9581,289.9166666666667,1774.0,28.363541666666666,54.963541666666664,17,96,0.177
2025-10-04,Living Room,Fan,0.3134,13.239583333333334,100.0,28.363541666666666,54.963541666666664,10,96,0.104
2025-10-04,Living Room,Lights,0.0794,3.3125,29.0,28.363541666666666,54.963541666666664,7,96,0.073
2025-10-04,Office,AC,4.2355,176.47916666666666,1711.0,28.363541666666666,54.963541666666664,9,96,0.094
2025-10-04,Office,Fan,0.4482,18.833333333333332,92.0,28.363541666666666,54.963541666666664,19,96,0.198
2025-10-04,Office,Lights,0.0877,3.65625,36.0,28.363541666666666,54.963541666666664,7,96,0.073
2025-10-05,Bathroom,Heater,0.24,10.0,10.0,28.367708333333336,55.64791666666667,0,96,0.0
2025-10-05,Bathroom,Lights,0.1071,4.458333333333333,40.0,28.367708333333336,55.64791666666667,10,96,0.104
2025-10-05,Bedroom,AC,5.9561,248.16666666666666,1775.0,28.367708333333336,55.64791666666667,14,96,0.146
2025-10-05,Bedroom,Fan,0.30219999999999997,12.770833333333334,99.0,28.367708333333336,55.64791666666667,10,96,0.104
2025-10-05,Bedroom,Lights,0.1043,4.34375,35.0,28.367708333333336,55.64791666666667,11,96,0.115
2025-10-05,Kitchen,Heater,1.2697,52.90625,2226.0,28.367708333333336,55.64791666666667,2,96,0.021
2025-10-05,Kitchen,Lights,0.1136,4.729166666666667,40.0,28.367708333333336,55.64791666666667,10,96,0.104
2025-10-05,Living Room,AC,5.7881,241.16666666666666,1768.0,28.367708333333336,55.64791666666667,13,96,0.135
2025-10-05,Living Room,Fan,0.3857,16.239583333333332,99.0,28.367708333333336,55.64791666666667,15,96,0.156
2025-10-05,Living Room,Lights,0.0974,4.0625,36.0,28.367708333333336,55.64791666666667,9,96,0.094
2025-10-05,Office,AC,3.2736,136.40625,1367.0,28.367708333333336,55.64791666666667,7,96,0.073
2025-10-05,Office,Fan,0.3598,15.166666666666666,99.0,28.367708333333336,55.64791666666667,13,96,0.135
2025-10-05,Office,Lights,0.0788,3.28125,38.0,28.367708333333336,55.64791666666667,5,96,0.052
2025-10-06,Bathroom,Heater,0.8278000000000001,34.489583333333336,2361.0,28.703125,55.17395833333333,1,96,0.01
2025-10-06,Bathroom,Lights,0.0825,3.4375,35.0,28.703125,55.17395833333333,6,96,0.062
2025-10-06,Bedroom,AC,3.5714,148.80208333333334,1718.0,28.703125,55.17395833333333,7,96,0.073
2025-10-06,Bedroom,Fan,0.3487,14.708333333333334,100.0,28.703125,55.17395833333333,12,96,0.125
2025-10-06,Bedroom,Lights,0.10300000000000001,4.291666666666667,35.0,28.703125,55.17395833333333,9,96,0.094
2025-10-06,Kitchen,Heater,2.0766,86.52083333333333,2342.0,28.703125,55.17395833333333,4,96,0.042
2025-10-06,Kitchen,Lights,0.0838,3.4895833333333335,34.0,28.703125,55.17395833333333,7,96,0.073
2025-10-06,Living Room,AC,4.5985,191.61458333333334,1766.0,28.703125,55.17395833333333,10,96,0.104
2025-10-06,Living Room,Fan,0.2739,11.59375,92.0,28.703125,55.17395833333333,9,96,0.094
2025-10-06,Living Room,Lights,0.0924,3.8541666666666665,37.0,28.703125,55.17395833333333,7,96,0.073
2025-10-06,Office,AC,2.9213,121.71875,1775.0,28.703125,55.17395833333333,6,96,0.062
2025-10-06,Office,Fan,0.2988,12.625,99.0,28.703125,55.17395833333333,10,96,0.104
2025-10-06,Office,Lights,0.1036,4.3125,39.0,28.703125,55.17395833333333,8,96,0.083
2025-10-07,Bathroom,Heater,1.3002,54.177083333333336,2296.0,28.385416666666668,55.10208333333333,2,96,0.021
2025-10-07,Bathroom,Lights,0.0975,4.0625,37.0,28.385416666666668,55.10208333333333,7,96,0.073
2025-10-07,Bedroom,AC,3.0953000000000004,128.96875,1705.0,28.385416666666668,55.10208333333333,5,96,0.052
2025-10-07,Bedroom,Fan,0.2387,10.135416666666666,96.0,28.385416666666668,55.10208333333333,7,96,0.073
2025-10-07,Bedroom,Lights,0.0998,4.15625,39.0,28.385416666666668,55.10208333333333,7,96,0.073
2025-10-07,Kitchen,Heater,1.2887,53.697916666666664,2326.0,28.385416666666668,55.10208333333333,2,96,0.021
2025-10-07,Kitchen,Lights,0.0693,2.8854166666666665,25.0,28.385416666666668,55.10208333333333,5,96,0.052
2025-10-07,Living Room,AC,3.2,133.33333333333334,1737.0,28.385416666666668,55.10208333333333,6,96,0.062
2025-10-07,Living Room,Fan,0.3513,14.8125,100.0,28.385416666666668,55.10208333333333,12,96,0.125
2025-10-07,Living Room,Lights,0.0771,3.2083333333333335,26.0,28.385416666666668,55.10208333333333,7,96,0.073
2025-10-07,Office,AC,4.969,207.04166666666666,1798.0,28.385416666666668,55.10208333333333,10,96,0.104
2025-10-07,Office,Fan,0.2042,8.697916666666666,100.0,28.385416666666668,55.10208333333333,4,96,0.042
2025-10-07,Office,Lights,0.0854,3.5520833333333335,35.0,28.385416666666668,55.10208333333333,6,96,0.062
2025-10-08,Bathroom,Heater,1.9298,80.40625,2399.0,28.797916666666666,55.27291666666667,3,96,0.031
2025-10-08,Bathroom,Lights,0.09079999999999999,3.78125,36.0,28.797916666666666,55.27291666666667,7,96,0.073
2025-10-08,Bedroom,AC,6.1118,254.66666666666666,1790.0,28.797916666666666,55.27291666666667,14,96,0.146
2025-10-08,Bedroom,Fan,0.3357,14.166666666666666,94.0,28.797916666666666,55.27291666666667,11,96,0.115
2025-10-08,Bedroom,Lights,0.0908,3.78125,40.0,28.797916666666666,55.27291666666667,9,96,0.094
2025-10-08,Kitchen,Heater,2.3741,98.91666666666667,2437.0,28.797916666666666,55.27291666666667,4,96,0.042
2025-10-08,Kitchen,Lights,0.1121,4.677083333333333,40.0,28.797916666666666,55.27291666666667,9,96,0.094
2025-10-08,Living Room,AC,4.0652,169.38541666666666,1786.0,28.797916666666666,55.27291666666667,8,96,0.083
2025-10-08,Living Room,Fan,0.2495,10.583333333333334,95.0,28.797916666666666,55.27291666666667,7,96,0.073
2025-10-08,Living Room,Lights,0.0868,3.6145833333333335,35.0,28.797916666666666,55.27291666666667,7,96,0.073
2025-10-08,Office,AC,2.8118000000000003,117.15625,1759.0,28.797916666666666,55.27291666666667,5,96,0.052
2025-10-08,Office,Fan,0.299,12.635416666666666,99.0,28.797916666666666,55.27291666666667,10,96,0.104
2025-10-08,Office,Lights,0.0876,3.6458333333333335,36.0,28.797916666666666,55.27291666666667,6,96,0.062
2025-10-09,Bathroom,Heater,1.145,47.708333333333336,1964.0,28.411458333333332,55.8125,2,96,0.021
2025-10-09,Bathroom,Lights,0.0917,3.8229166666666665,36.0,28.411458333333332,55.8125,8,96,0.083
2025-10-09,Bedroom,AC,3.6783,153.26041666666666,1767.0,28.411458333333332,55.8125,7,96,0.073
2025-10-09,Bedroom,Fan,0.30519999999999997,12.895833333333334,100.0,28.411458333333332,55.8125,10,96,0.104
2025-10-09,Bedroom,Lights,0.0693,2.8854166666666665,26.0,28.411458333333332,55.8125,5,96,0.052
2025-10-09,Kitchen,Heater,1.3015999999999999,54.229166666666664,2199.0,28.411458333333332,55.8125,2,96,0.021
2025-10-09,Kitchen,Lights,0.08499999999999999,3.5416666666666665,27.0,28.411458333333332,55.8125,8,96,0.083
2025-10-09,Living Room,AC,2.8897,120.40625,1734.0,28.411458333333332,55.8125,5,96,0.052
2025-10-09,Living Room,Fan,0.3876,16.322916666666668,100.0,28.411458333333332,55.8125,14,96,0.146
2025-10-09,Living Room,Lights,0.085,3.5416666666666665,39.0,28.411458333333332,55.8125,7,96,0.073
2025-10-09,Office,AC,3.1519,131.32291666666666,1698.0,28.411458333333332,55.8125,6,96,0.062
2025-10-09,Office,Fan,0.28009999999999996,11.854166666666666,93.0,28.411458333333332,55.8125,9,96,0.094
2025-10-09,Office,Lights,0.1189,4.947916666666667,40.0,28.411458333333332,55.8125,10,96,0.104
2025-10-10,Bathroom,Heater,1.931,80.45833333333333,2467.0,28.421875,55.65729166666667,3,96,0.031
2025-10-10,Bathroom,Lights,0.0907,3.78125,35.0,28.421875,55.65729166666667,8,96,0.083
2025-10-10,Bedroom,AC,5.2926,220.52083333333334,1736.0,28.421875,55.65729166666667,12,96,0.125
2025-10-10,Bedroom,Fan,0.3968,16.697916666666668,97.0,28.421875,55.65729166666667,16,96,0.167
2025-10-10,Bedroom,Lights,0.0819,3.40625,34.0,28.421875,55.65729166666667,7,96,0.073
2025-10-10,Kitchen,Heater,1.1945,49.770833333333336,2264.0,28.421875,55.65729166666667,2,96,0.021
2025-10-10,Kitchen,Lights,0.08399999999999999,3.5,36.0,28.421875,55.65729166666667,7,96,0.073
2025-10-10,Living Room,AC,3.092,128.83333333333334,1688.0,28.421875,55.65729166666667,5,96,0.052
2025-10-10,Living Room,Fan,0.3479,14.666666666666666,100.0,28.421875,55.65729166666667,12,96,0.125
2025-10-10,Living Room,Lights,0.0565,2.3541666666666665,28.0,28.421875,55.65729166666667,2,96,0.021
2025-10-10,Office,AC,5.2738,219.72916666666666,1732.0,28.421875,55.65729166666667,13,96,0.135
2025-10-10,Office,Fan,0.3207,13.541666666666666,98.0,28.421875,55.65729166666667,11,96,0.115
2025-10-10,Office,Lights,0.0845,3.5208333333333335,38.0,28.421875,55.65729166666667,6,96,0.062
2025-10-11,Bathroom,Heater,2.0546,85.60416666666667,2222.0,28.578125,54.99895833333333,4,96,0.042
2025-10-11,Bathroom,Lights,0.0864,3.6041666666666665,38.0,28.578125,54.99895833333333,6,96,0.062
2025-10-11,Bedroom,AC,3.242,135.08333333333334,1656.0,28.578125,54.99895833333333,6,96,0.062
2025-10-11,Bedroom,Fan,0.2385,10.125,96.0,28.578125,54.99895833333333,7,96,0.073
2025-10-11,Bedroom,Lights,0.1071,4.458333333333333,38.0,28.578125,54.99895833333333,9,96,0.094
2025-10-11,Kitchen,Heater,3.652,152.16666666666666,2495.0,28.578125,54.99895833333333,7,96,0.073
2025-10-11,Kitchen,Lights,0.1,4.166666666666667,39.0,28.578125,54.99895833333333,7,96,0.073
2025-10-11,Living Room,AC,5.4733,228.05208333333334,1763.0,28.578125,54.99895833333333,12,96,0.125
2025-10-11,Living Room,Fan,0.3533,14.895833333333334,98.0,28.578125,54.99895833333333,12,96,0.125
2025-10-11,Living Room,Lights,0.1152,4.802083333333333,38.0,28.578125,54.99895833333333,11,96,0.115
2025-10-11,Office,AC,7.1555,298.15625,1779.0,28.578125,54.99895833333333,17,96,0.177
2025-10-11,Office,Fan,0.2914,12.322916666666666,98.0,28.578125,54.99895833333333,9,96,0.094
2025-10-11,Office,Lights,0.07970000000000001,3.3229166666666665,34.0,28.578125,54.99895833333333,7,96,0.073
2025-10-12,Bathroom,Heater,1.8187,75.78125,2432.0,28.64375,55.628125000000004,3,96,0.031
2025-10-12,Bathroom,Lights,0.0961,4.0,39.0,28.64375,55.628125000000004,8,96,0.083
2025-10-12,Bedroom,AC,4.3572,181.55208333333334,1652.0,28.64375,55.628125000000004,9,96,0.094
2025-10-12,Bedroom,Fan,0.40409999999999996,17.0,92.0,28.64375,55.628125000000004,15,96,0.156
2025-10-12,Bedroom,Lights,0.0898,3.7395833333333335,40.0,28.64375,55.628125000000004,7,96,0.073
2025-10-12,Kitchen,Heater,0.6523,27.177083333333332,1659.0,28.64375,55.628125000000004,1,96,0.01
2025-10-12,Kitchen,Lights,0.1189,4.947916666666667,39.0,28.64375,55.628125000000004,10,96,0.104
2025-10-12,Living Room,AC,4.3818,182.57291666666666,1680.0,28.64375,55.628125000000004,9,96,0.094
2025-10-12,Living Room,Fan,0.3287,13.875,92.0,28.64375,55.628125000000004,12,96,0.125
2025-10-12,Living Room,Lights,0.07590000000000001,3.1666666666666665,33.0,28.64375,55.628125000000004,6,96,0.062
2025-10-12,Office,AC,6.4448,268.5208333333333,1758.0,28.64375,55.628125000000004,15,96,0.156
2025-10-12,Office,Fan,0.3674,15.479166666666666,98.0,28.64375,55.628125000000004,13,96,0.135
2025-10-12,Office,Lights,0.0751,3.1354166666666665,37.0,28.64375,55.628125000000004,4,96,0.042
2025-10-13,Bathroom,Heater,1.2123,50.510416666666664,2255.0,28.764583333333334,55.271875,2,96,0.021
2025-10-13,Bathroom,Lights,0.0997,4.15625,37.0,28.764583333333334,55.271875,8,96,0.083
2025-10-13,Bedroom,AC,4.4115,183.8125,1726.0,28.764583333333334,55.271875,10,96,0.104
2025-10-13,Bedroom,Fan,0.3297,13.90625,99.0,28.764583333333334,55.271875,11,96,0.115
2025-10-13,Bedroom,Lights,0.1066,4.4375,39.0,28.764583333333334,55.271875,10,96,0.104
2025-10-13,Kitchen,Heater,1.2452,51.885416666666664,2081.0,28.764583333333334,55.271875,2,96,0.021
2025-10-13,Kitchen,Lights,0.0736,3.0625,38.0,28.764583333333334,55.271875,5,96,0.052
2025-10-13,Living Room,AC,3.797,158.20833333333334,1750.0,28.764583333333334,55.271875,7,96,0.073
2025-10-13,Living Room,Fan,0.1886,8.052083333333334,81.0,28.764583333333334,55.271875,4,96,0.042
2025-10-13,Living Room,Lights,0.0925,3.8541666666666665,35.0,28.764583333333334,55.271875,8,96,0.083
2025-10-13,Office,AC,3.657,152.375,1778.0,28.764583333333334,55.271875,7,96,0.073
2025-10-13,Office,Fan,0.2908,12.291666666666666,99.0,28.764583333333334,55.271875,9,96,0.094
2025-10-13,Office,Lights,0.1021,4.260416666666667,36.0,28.764583333333334,55.271875,10,96,0.104
2025-10-14,Bathroom,Heater,0.6370000000000001,26.541666666666668,1598.0,28.532291666666666,55.86875,1,96,0.01
2025-10-14,Bathroom,Lights,0.0902,3.7604166666666665,38.0,28.532291666666666,55.86875,7,96,0.073
2025-10-14,Bedroom,AC,3.4751000000000003,144.79166666666666,1750.0,28.532291666666666,55.86875,7,96,0.073
2025-10-14,Bedroom,Fan,0.37229999999999996,15.6875,93.0,28.532291666666666,55.86875,15,96,0.156
2025-10-14,Bedroom,Lights,0.0898,3.7395833333333335,37.0,28.532291666666666,55.86875,7,96,0.073
2025-10-14,Kitchen,Heater,2.5562,106.51041666666667,1985.0,28.532291666666666,55.86875,5,96,0.052
2025-10-14,Kitchen,Lights,0.0704,2.9375,37.0,28.532291666666666,55.86875,4,96,0.042
2025-10-14,Living Room,AC,4.6097,192.07291666666666,1752.0,28.532291666666666,55.86875,10,96,0.104
2025-10-14,Living Room,Fan,0.2809,11.885416666666666,90.0,28.532291666666666,55.86875,9,96,0.094
2025-10-14,Living Room,Lights,0.104,4.322916666666667,40.0,28.532291666666666,55.86875,9,96,0.094
2025-10-14,Office,AC,4.7656,198.5625,1747.0,28.532291666666666,55.86875,10,96,0.104
2025-10-14,Office,Fan,0.2677,11.34375,92.0,28.532291666666666,55.86875,8,96,0.083
2025-10-14,Office,Lights,0.060200000000000004,2.5104166666666665,32.0,28.532291666666666,55.86875,2,96,0.021
2025-10-15,Bathroom,Heater,1.1733,48.885416666666664,2023.0,28.4375,55.653124999999996,2,96,0.021
2025-10-15,Bathroom,Lights,0.085,3.5416666666666665,40.0,28.4375,55.653124999999996,6,96,0.062
2025-10-15,Bedroom,AC,4.3469,181.125,1580.0,28.4375,55.653124999999996,10,96,0.104
2025-10-15,Bedroom,Fan,0.3388,14.291666666666666,100.0,28.4375,55.653124999999996,12,96,0.125
2025-10-15,Bedroom,Lights,0.0829,3.4479166666666665,39.0,28.4375,55.653124999999996,5,96,0.052
2025-10-15,Kitchen,Heater,1.6512,68.80208333333333,2268.0,28.4375,55.653124999999996,3,96,0.031
2025-10-15,Kitchen,Lights,0.10640000000000001,4.4375,40.0,28.4375,55.653124999999996,10,96,0.104
2025-10-15,Living Room,AC,4.5413,189.21875,1623.0,28.4375,55.653124999999996,11,96,0.115
2025-10-15,Living Room,Fan,0.372,15.666666666666666,98.0,28.4375,55.653124999999996,14,96,0.146
2025-10-15,Living Room,Lights,0.0808,3.375,38.0,28.4375,55.653124999999996,5,96,0.052
2025-10-15,Office,AC,3.5078,146.15625,1695.0,28.4375,55.653124999999996,7,96,0.073
2025-10-15,Office,Fan,0.3533,14.895833333333334,98.0,28.4375,55.653124999999996,11,96,0.115
2025-10-15,Office,Lights,0.0825,3.4375,36.0,28.4375,55.653124999999996,7,96,0.073
2025-10-16,Bathroom,Heater,2.29,95.41666666666667,2122.0,28.347916666666666,56.19895833333334,4,96,0.042
2025-10-16,Bathroom,Lights,0.11019999999999999,4.59375,39.0,28.347916666666666,56.19895833333334,10,96,0.104
2025-10-16,Bedroom,AC,5.9138,246.40625,1754.0,28.347916666666666,56.19895833333334,14,96,0.146
2025-10-16,Bedroom,Fan,0.2843,12.020833333333334,96.0,28.347916666666666,56.19895833333334,9,96,0.094
2025-10-16,Bedroom,Lights,0.0821,3.4166666666666665,31.0,28.347916666666666,56.19895833333334,6,96,0.062
2025-10-16,Kitchen,Heater,1.2056,50.229166666666664,1975.0,28.347916666666666,56.19895833333334,2,96,0.021
2025-10-16,Kitchen,Lights,0.0892,3.7083333333333335,38.0,28.347916666666666,56.19895833333334,9,96,0.094
2025-10-16,Living Room,AC,4.3376,180.73958333333334,1689.0,28.347916666666666,56.19895833333334,9,96,0.094
2025-10-16,Living Room,Fan,0.3806,16.010416666666668,99.0,28.347916666666666,56.19895833333334,14,96,0.146
2025-10-16,Living Room,Lights,0.094,3.9166666666666665,35.0,28.347916666666666,56.19895833333334,7,96,0.073
2025-10-16,Office,AC,4.3454,181.0625,1665.0,28.347916666666666,56.19895833333334,9,96,0.094
2025-10-16,Office,Fan,0.3618,15.25,99.0,28.347916666666666,56.19895833333334,13,96,0.135
2025-10-16,Office,Lights,0.0913,3.8020833333333335,39.0,28.347916666666666,56.19895833333334,7,96,0.073
2025-10-17,Bathroom,Heater,0.24,10.0,10.0,28.822916666666668,55.112500000000004,0,96,0.0
2025-10-17,Bathroom,Lights,0.083,3.4583333333333335,40.0,28.822916666666668,55.112500000000004,5,96,0.052
2025-10-17,Bedroom,AC,4.1728000000000005,173.86458333333334,1690.0,28.822916666666668,55.112500000000004,9,96,0.094
2025-10-17,Bedroom,Fan,0.3446,14.53125,100.0,28.822916666666668,55.112500000000004,12,96,0.125
2025-10-17,Bedroom,Lights,0.0927,3.8645833333333335,37.0,28.822916666666668,55.112500000000004,8,96,0.083
2025-10-17,Kitchen,Heater,1.8696,77.89583333333333,2367.0,28.822916666666668,55.112500000000004,3,96,0.031
2025-10-17,Kitchen,Lights,0.0771,3.2083333333333335,35.0,28.822916666666668,55.112500000000004,5,96,0.052
2025-10-17,Living Room,AC,4.4572,185.70833333333334,1751.0,28.822916666666668,55.112500000000004,10,96,0.104
2025-10-17,Living Room,Fan,0.3069,12.96875,100.0,28.822916666666668,55.112500000000004,10,96,0.104
2025-10-17,Living Room,Lights,0.1092,4.552083333333333,40.0,28.822916666666668,55.112500000000004,10,96,0.104
2025-10-17,Office,AC,4.956,206.5,1629.0,28.822916666666668,55.112500000000004,11,96,0.115
2025-10-17,Office,Fan,0.3117,13.166666666666666,97.0,28.822916666666668,55.112500000000004,11,96,0.115
2025-10-17,Office,Lights,0.0838,3.4895833333333335,39.0,28.822916666666668,55.112500000000004,7,96,0.073
2025-10-18,Bathroom,Heater,1.5075,62.8125,1817.0,28.434375,55.521875,3,96,0.031
2025-10-18,Bathroom,Lights,0.0954,3.9791666666666665,37.0,28.434375,55.521875,9,96,0.094
2025-10-18,Bedroom,AC,5.0861,211.92708333333334,1781.0,28.434375,55.521875,11,96,0.115
2025-10-18,Bedroom,Fan,0.3559,15.0,95.0,28.434375,55.521875,13,96,0.135
2025-10-18,Bedroom,Lights,0.0848,3.53125,39.0,28.434375,55.521875,5,96,0.052
2025-10-18,Kitchen,Heater,1.7813999999999999,74.22916666666667,2405.0,28.434375,55.521875,3,96,0.031
2025-10-18,Kitchen,Lights,0.1127,4.697916666666667,39.0,28.434375,55.521875,12,96,0.125
2025-10-18,Living Room,AC,7.7523,323.0104166666667,1722.0,28.434375,55.521875,19,96,0.198
2025-10-18,Living Room,Fan,0.3437,14.5,97.0,28.434375,55.521875,12,96,0.125
2025-10-18,Living Room,Lights,0.108,4.5,39.0,28.434375,55.521875,11,96,0.115
2025-10-18,Office,AC,5.5815,232.5625,1709.0,28.434375,55.521875,12,96,0.125
2025-10-18,Office,Fan,0.37839999999999996,15.9375,97.0,28.434375,55.521875,15,96,0.156
2025-10-18,Office,Lights,0.08750000000000001,3.6458333333333335,33.0,28.434375,55.521875,9,96,0.094
2025-10-19,Bathroom,Heater,4.1551,173.13541666666666,2325.0,28.547916666666666,55.40208333333334,8,96,0.083
2025-10-19,Bathroom,Lights,0.0913,3.8020833333333335,35.0,28.547916666666666,55.40208333333334,7,96,0.073
2025-10-19,Bedroom,AC,8.5511,356.2916666666667,1769.0,28.547916666666666,55.40208333333334,22,96,0.229
2025-10-19,Bedroom,Fan,0.3548,14.958333333333334,97.0,28.547916666666666,55.40208333333334,13,96,0.135
2025-10-19,Bedroom,Lights,0.0811,3.3854166666666665,40.0,28.547916666666666,55.40208333333334,6,96,0.062
2025-10-19,Kitchen,Heater,1.8493,77.05208333333333,2225.0,28.547916666666666,55.40208333333334,3,96,0.031
2025-10-19,Kitchen,Lights,0.0725,3.0208333333333335,40.0,28.547916666666666,55.40208333333334,4,96,0.042
2025-10-19,Living Room,AC,5.1192,213.30208333333334,1632.0,28.547916666666666,55.40208333333334,12,96,0.125
2025-10-19,Living Room,Fan,0.3619,15.25,100.0,28.547916666666666,55.40208333333334,13,96,0.135
2025-10-19,Living Room,Lights,0.0838,3.4895833333333335,37.0,28.547916666666666,55.40208333333334,6,96,0.062
2025-10-19,Office,AC,4.4554,185.64583333333334,1606.0,28.547916666666666,55.40208333333334,10,96,0.104
2025-10-19,Office,Fan,0.3964,16.6875,93.0,28.547916666666666,55.40208333333334,16,96,0.167
2025-10-19,Office,Lights,0.1118,4.65625,39.0,28.547916666666666,55.40208333333334,10,96,0.104
2025-10-20,Bathroom,Heater,2.298,95.75,2237.0,28.494791666666668,55.151041666666664,4,96,0.042
2025-10-20,Bathroom,Lights,0.0889,3.7083333333333335,38.0,28.494791666666668,55.151041666666664,6,96,0.062
2025-10-20,Bedroom,AC,4.7882,199.51041666666666,1732.0,28.494791666666668,55.151041666666664,10,96,0.104
2025-10-20,Bedroom,Fan,0.3989,16.791666666666668,98.0,28.494791666666668,55.151041666666664,15,96,0.156
2025-10-20,Bedroom,Lights,0.09079999999999999,3.78125,38.0,28.494791666666668,55.151041666666664,8,96,0.083
2025-10-20,Kitchen,Heater,1.59,66.25,1930.0,28.494791666666668,55.151041666666664,3,96,0.031
2025-10-20,Kitchen,Lights,0.077,3.2083333333333335,40.0,28.494791666666668,55.151041666666664,5,96,0.052
2025-10-20,Living Room,AC,3.6687,152.875,1797.0,28.494791666666668,55.151041666666664,7,96,0.073
2025-10-20,Living Room,Fan,0.2658,11.260416666666666,97.0,28.494791666666668,55.151041666666664,8,96,0.083
2025-10-20,Living Room,Lights,0.1046,4.364583333333333,37.0,28.494791666666668,55.151041666666664,8,96,0.083
2025-10-20,Office,AC,4.7264,196.9375,1710.0,28.494791666666668,55.151041666666664,11,96,0.115
2025-10-20,Office,Fan,0.257,10.895833333333334,86.0,28.494791666666668,55.151041666666664,8,96,0.083
2025-10-20,Office,Lights,0.1065,4.4375,40.0,28.494791666666668,55.151041666666664,9,96,0.094
2025-10-21,Bathroom,Heater,1.2737999999999998,53.072916666666664,2324.0,28.514583333333334,55.56666666666666,2,96,0.021
2025-10-21,Bathroom,Lights,0.09230000000000001,3.84375,37.0,28.514583333333334,55.56666666666666,9,96,0.094
2025-10-21,Bedroom,AC,4.4282,184.51041666666666,1673.0,28.514583333333334,55.56666666666666,10,96,0.104
2025-10-21,Bedroom,Fan,0.2593,10.989583333333334,92.0,28.514583333333334,55.56666666666666,8,96,0.083
2025-10-21,Bedroom,Lights,0.0904,3.7604166666666665,40.0,28.514583333333334,55.56666666666666,7,96,0.073
2025-10-21,Kitchen,Heater,0.7653000000000001,31.885416666666668,2111.0,28.514583333333334,55.56666666666666,1,96,0.01
2025-10-21,Kitchen,Lights,0.1051,4.375,34.0,28.514583333333334,55.56666666666666,11,96,0.115
2025-10-21,Living Room,AC,4.5679,190.32291666666666,1751.0,28.514583333333334,55.56666666666666,10,96,0.104
2025-10-21,Living Room,Fan,0.2531,10.729166666666666,97.0,28.514583333333334,55.56666666666666,7,96,0.073
2025-10-21,Living Room,Lights,0.0679,2.8333333333333335,37.0,28.514583333333334,55.56666666666666,3,96,0.031
2025-10-21,Office,AC,4.583,190.95833333333334,1662.0,28.514583333333334,55.56666666666666,10,96,0.104
2025-10-21,Office,Fan,0.5135,21.541666666666668,100.0,28.514583333333334,55.56666666666666,21,96,0.219
2025-10-21,Office,Lights,0.0884,3.6875,33.0,28.514583333333334,55.56666666666666,8,96,0.083
2025-10-22,Bathroom,Heater,2.2963,95.67708333333333,2339.0,28.467708333333334,55.67604166666666,4,96,0.042
2025-10-22,Bathroom,Lights,0.1002,4.177083333333333,39.0,28.467708333333334,55.67604166666666,7,96,0.073
2025-10-22,Bedroom,AC,4.0366,168.1875,1579.0,28.467708333333334,55.67604166666666,9,96,0.094
2025-10-22,Bedroom,Fan,0.35209999999999997,14.854166666666666,100.0,28.467708333333334,55.67604166666666,13,96,0.135
2025-10-22,Bedroom,Lights,0.1091,4.541666666666667,35.0,28.467708333333334,55.67604166666666,10,96,0.104
2025-10-22,Kitchen,Heater,2.0499,85.41666666666667,2145.0,28.467708333333334,55.67604166666666,4,96,0.042
2025-10-22,Kitchen,Lights,0.0818,3.40625,40.0,28.467708333333334,55.67604166666666,6,96,0.062
2025-10-22,Living Room,AC,3.4516,143.82291666666666,1771.0,28.467708333333334,55.67604166666666,6,96,0.062
2025-10-22,Living Room,Fan,0.3308,13.958333333333334,98.0,28.467708333333334,55.67604166666666,12,96,0.125
2025-10-22,Living Room,Lights,0.0848,3.53125,38.0,28.467708333333334,55.67604166666666,5,96,0.052
2025-10-22,Office,AC,3.9061,162.75,1765.0,28.467708333333334,55.67604166666666,7,96,0.073
2025-10-22,Office,Fan,0.32489999999999997,13.71875,97.0,28.467708333333334,55.67604166666666,11,96,0.115
2025-10-22,Office,Lights,0.0815,3.3958333333333335,39.0,28.467708333333334,55.67604166666666,6,96,0.062
2025-10-23,Bathroom,Heater,3.8920999999999997,162.17708333333334,2461.0,28.65625,55.709375,7,96,0.073
2025-10-23,Bathroom,Lights,0.0897,3.7291666666666665,40.0,28.65625,55.709375,7,96,0.073
2025-10-23,Bedroom,AC,4.3373,180.71875,1793.0,28.65625,55.709375,9,96,0.094
2025-10-23,Bedroom,Fan,0.2792,11.8125,93.0,28.65625,55.709375,10,96,0.104
2025-10-23,Bedroom,Lights,0.1067,4.447916666666667,39.0,28.65625,55.709375,9,96,0.094
2025-10-23,Kitchen,Heater,3.386,141.08333333333334,2485.0,28.65625,55.709375,6,96,0.062
2025-10-23,Kitchen,Lights,0.062,2.5833333333333335,24.0,28.65625,55.709375,3,96,0.031
2025-10-23,Living Room,AC,4.6281,192.84375,1797.0,28.65625,55.709375,10,96,0.104
2025-10-23,Living Room,Fan,0.2991,12.645833333333334,97.0,28.65625,55.709375,10,96,0.104
2025-10-23,Living Room,Lights,0.09469999999999999,3.9479166666666665,38.0,28.65625,55.709375,9,96,0.094
2025-10-23,Office,AC,3.7163,154.84375,1698.0,28.65625,55.709375,7,96,0.073
2025-10-23,Office,Fan,0.3434,14.479166666666666,100.0,28.65625,55.709375,12,96,0.125
2025-10-23,Office,Lights,0.0912,3.8020833333333335,38.0,28.65625,55.709375,7,96,0.073
2025-10-24,Bathroom,Heater,0.7377,30.739583333333332,2001.0,28.583333333333332,55.4375,1,96,0.01
2025-10-24,Bathroom,Lights,0.07970000000000001,3.3229166666666665,33.0,28.583333333333332,55.4375,7,96,0.073
2025-10-24,Bedroom,AC,3.8293,159.55208333333334,1776.0,28.583333333333332,55.4375,8,96,0.083
2025-10-24,Bedroom,Fan,0.32489999999999997,13.697916666666666,98.0,28.583333333333332,55.4375,12,96,0.125
2025-10-24,Bedroom,Lights,0.0745,3.1041666666666665,29.0,28.583333333333332,55.4375,7,96,0.073
2025-10-24,Kitchen,Heater,2.8831,120.125,2280.0,28.583333333333332,55.4375,5,96,0.052
2025-10-24,Kitchen,Lights,0.089,3.7083333333333335,37.0,28.583333333333332,55.4375,7,96,0.073
2025-10-24,Living Room,AC,3.4331,143.04166666666666,1498.0,28.583333333333332,55.4375,7,96,0.073
2025-10-24,Living Room,Fan,0.2822,11.9375,95.0,28.583333333333332,55.4375,9,96,0.094
2025-10-24,Living Room,Lights,0.0683,2.84375,39.0,28.583333333333332,55.4375,3,96,0.031
2025-10-24,Office,AC,6.4347,268.1145833333333,1754.0,28.583333333333332,55.4375,16,96,0.167
2025-10-24,Office,Fan,0.3084,13.03125,99.0,28.583333333333332,55.4375,11,96,0.115
2025-10-24,Office,Lights,0.096,4.0,38.0,28.583333333333332,55.4375,8,96,0.083
2025-10-25,Bathroom,Heater,1.1425,47.604166666666664,2084.0,28.565625,55.13333333333333,2,96,0.021
2025-10-25,Bathroom,Lights,0.09809999999999999,4.09375,37.0,28.565625,55.13333333333333,10,96,0.104
2025-10-25,Bedroom,AC,5.0822,211.75,1774.0,28.565625,55.13333333333333,11,96,0.115
2025-10-25,Bedroom,Fan,0.396,16.677083333333332,97.0,28.565625,55.13333333333333,14,96,0.146
2025-10-25,Bedroom,Lights,0.127,5.291666666666667,36.0,28.565625,55.13333333333333,12,96,0.125
2025-10-25,Kitchen,Heater,1.3633,56.802083333333336,2422.0,28.565625,55.13333333333333,2,96,0.021
2025-10-25,Kitchen,Lights,0.08020000000000001,3.34375,33.0,28.565625,55.13333333333333,6,96,0.062
2025-10-25,Living Room,AC,4.5782,190.76041666666666,1729.0,28.565625,55.13333333333333,9,96,0.094
2025-10-25,Living Room,Fan,0.3232,13.645833333333334,98.0,28.565625,55.13333333333333,11,96,0.115
2025-10-25,Living Room,Lights,0.1026,4.270833333333333,31.0,28.565625,55.13333333333333,11,96,0.115
2025-10-25,Office,AC,5.2956,220.65625,1644.0,28.565625,55.13333333333333,12,96,0.125
2025-10-25,Office,Fan,0.3497,14.739583333333334,95.0,28.565625,55.13333333333333,12,96,0.125
2025-10-25,Office,Lights,0.0877,3.65625,33.0,28.565625,55.13333333333333,9,96,0.094
2025-10-26,Bathroom,Heater,2.2279,92.83333333333333,2366.0,28.579166666666666,55.45208333333333,4,96,0.042
2025-10-26,Bathroom,Lights,0.0881,3.6666666666666665,33.0,28.579166666666666,55.45208333333333,8,96,0.083
2025-10-26,Bedroom,AC,4.4426000000000005,185.11458333333334,1477.0,28.579166666666666,55.45208333333333,11,96,0.115
2025-10-26,Bedroom,Fan,0.4749,19.958333333333332,98.0,28.579166666666666,55.45208333333333,19,96,0.198
2025-10-26,Bedroom,Lights,0.0998,4.15625,38.0,28.579166666666666,55.45208333333333,8,96,0.083
2025-10-26,Kitchen,Heater,0.632,26.333333333333332,1578.0,28.579166666666666,55.45208333333333,1,96,0.01
2025-10-26,Kitchen,Lights,0.065,2.7083333333333335,31.0,28.579166666666666,55.45208333333333,3,96,0.031
2025-10-26,Living Room,AC,4.9916,207.97916666666666,1799.0,28.579166666666666,55.45208333333333,11,96,0.115
2025-10-26,Living Room,Fan,0.3429,14.46875,100.0,28.579166666666666,55.45208333333333,12,96,0.125
2025-10-26,Living Room,Lights,0.1137,4.729166666666667,38.0,28.579166666666666,55.45208333333333,11,96,0.115
2025-10-26,Office,AC,6.2193,259.1354166666667,1711.0,28.579166666666666,55.45208333333333,15,96,0.156
2025-10-26,Office,Fan,0.35459999999999997,14.947916666666666,100.0,28.579166666666666,55.45208333333333,13,96,0.135
2025-10-26,Office,Lights,0.0978,4.072916666666667,32.0,28.579166666666666,55.45208333333333,10,96,0.104
2025-10-27,Bathroom,Heater,2.2249,92.69791666666667,2215.0,28.464583333333334,55.28958333333333,4,96,0.042
2025-10-27,Bathroom,Lights,0.0703,2.9270833333333335,32.0,28.464583333333334,55.28958333333333,4,96,0.042
2025-10-27,Bedroom,AC,5.4635,227.65625,1796.0,28.464583333333334,55.28958333333333,12,96,0.125
2025-10-27,Bedroom,Fan,0.3161,13.354166666666666,97.0,28.464583333333334,55.28958333333333,10,96,0.104
2025-10-27,Bedroom,Lights,0.09040000000000001,3.7604166666666665,40.0,28.464583333333334,55.28958333333333,6,96,0.062
2025-10-27,Kitchen,Heater,0.8175,34.0625,2320.0,28.464583333333334,55.28958333333333,1,96,0.01
2025-10-27,Kitchen,Lights,0.091,3.7916666666666665,39.0,28.464583333333334,55.28958333333333,7,96,0.073
2025-10-27,Living Room,AC,4.5244,188.51041666666666,1767.0,28.464583333333334,55.28958333333333,11,96,0.115
2025-10-27,Living Room,Fan,0.362,15.260416666666666,99.0,28.464583333333334,55.28958333333333,12,96,0.125
2025-10-27,Living Room,Lights,0.0701,2.9270833333333335,25.0,28.464583333333334,55.28958333333333,5,96,0.052
2025-10-27,Office,AC,3.1467,131.11458333333334,1797.0,28.464583333333334,55.28958333333333,6,96,0.062
2025-10-27,Office,Fan,0.36369999999999997,15.322916666666666,100.0,28.464583333333334,55.28958333333333,14,96,0.146
2025-10-27,Office,Lights,0.0824,3.4375,32.0,28.464583333333334,55.28958333333333,7,96,0.073
2025-10-28,Bathroom,Heater,0.6385000000000001,26.604166666666668,1604.0,28.610416666666666,55.08645833333333,1,96,0.01
2025-10-28,Bathroom,Lights,0.07100000000000001,2.9583333333333335,32.0,28.610416666666666,55.08645833333333,5,96,0.052
2025-10-28,Bedroom,AC,6.3292,263.7291666666667,1798.0,28.610416666666666,55.08645833333333,15,96,0.156
2025-10-28,Bedroom,Fan,0.3507,14.791666666666666,99.0,28.610416666666666,55.08645833333333,12,96,0.125
2025-10-28,Bedroom,Lights,0.0732,3.0520833333333335,37.0,28.610416666666666,55.08645833333333,4,96,0.042
2025-10-28,Kitchen,Heater,2.8155,117.3125,2264.0,28.610416666666666,55.08645833333333,5,96,0.052
2025-10-28,Kitchen,Lights,0.0795,3.3125,37.0,28.610416666666666,55.08645833333333,5,96,0.052
2025-10-28,Living Room,AC,4.6971,195.70833333333334,1615.0,28.610416666666666,55.08645833333333,11,96,0.115
2025-10-28,Living Room,Fan,0.2766,11.708333333333334,89.0,28.610416666666666,55.08645833333333,9,96,0.094
2025-10-28,Living Room,Lights,0.0837,3.4791666666666665,31.0,28.610416666666666,55.08645833333333,7,96,0.073
2025-10-28,Office,AC,4.3527000000000005,181.36458333333334,1764.0,28.610416666666666,55.08645833333333,9,96,0.094
2025-10-28,Office,Fan,0.2231,9.479166666666666,95.0,28.610416666666666,55.08645833333333,6,96,0.062
2025-10-28,Office,Lights,0.0913,3.8020833333333335,40.0,28.610416666666666,55.08645833333333,7,96,0.073
2025-10-29,Bathroom,Heater,1.5341,63.927083333333336,2145.0,28.514583333333334,55.32083333333333,3,96,0.031
2025-10-29,Bathroom,Lights,0.0737,3.0729166666666665,34.0,28.514583333333334,55.32083333333333,5,96,0.052
2025-10-29,Bedroom,AC,3.1033,129.30208333333334,1490.0,28.514583333333334,55.32083333333333,6,96,0.062
2025-10-29,Bedroom,Fan,0.2702,11.4375,95.0,28.514583333333334,55.32083333333333,8,96,0.083
2025-10-29,Bedroom,Lights,0.0931,3.875,36.0,28.514583333333334,55.32083333333333,9,96,0.094
2025-10-29,Kitchen,Heater,1.7962,74.84375,2340.0,28.514583333333334,55.32083333333333,3,96,0.031
2025-10-29,Kitchen,Lights,0.0918,3.8229166666666665,39.0,28.514583333333334,55.32083333333333,9,96,0.094
2025-10-29,Living Room,AC,6.13,255.42708333333334,1626.0,28.514583333333334,55.32083333333333,14,96,0.146
2025-10-29,Living Room,Fan,0.2909,12.302083333333334,96.0,28.514583333333334,55.32083333333333,10,96,0.104
2025-10-29,Living Room,Lights,0.0702,2.9270833333333335,35.0,28.514583333333334,55.32083333333333,4,96,0.042
2025-10-29,Office,AC,3.8154,158.97916666666666,1789.0,28.514583333333334,55.32083333333333,8,96,0.083
2025-10-29,Office,Fan,0.2998,12.666666666666666,98.0,28.514583333333334,55.32083333333333,10,96,0.104
2025-10-29,Office,Lights,0.1152,4.802083333333333,38.0,28.514583333333334,55.32083333333333,11,96,0.115
2025-10-30,Bathroom,Heater,1.9327,80.53125,2442.0,28.653125,55.55416666666667,3,96,0.031
2025-10-30,Bathroom,Lights,0.0928,3.8645833333333335,37.0,28.653125,55.55416666666667,8,96,0.083
2025-10-30,Bedroom,AC,4.8508000000000004,202.125,1748.0,28.653125,55.55416666666667,10,96,0.104
2025-10-30,Bedroom,Fan,0.3064,12.9375,97.0,28.653125,55.55416666666667,10,96,0.104
2025-10-30,Bedroom,Lights,0.0962,4.010416666666667,30.0,28.653125,55.55416666666667,10,96,0.104
2025-10-30,Kitchen,Heater,2.7954,116.47916666666667,2441.0,28.653125,55.55416666666667,5,96,0.052
2025-10-30,Kitchen,Lights,0.1114,4.635416666666667,39.0,28.653125,55.55416666666667,9,96,0.094
2025-10-30,Living Room,AC,4.2905,178.77083333333334,1772.0,28.653125,55.55416666666667,9,96,0.094
2025-10-30,Living Room,Fan,0.3598,15.166666666666666,98.0,28.653125,55.55416666666667,13,96,0.135
2025-10-30,Living Room,Lights,0.09430000000000001,3.9270833333333335,40.0,28.653125,55.55416666666667,7,96,0.073
2025-10-30,Office,AC,4.5534,189.72916666666666,1800.0,28.653125,55.55416666666667,10,96,0.104
2025-10-30,Office,Fan,0.24819999999999998,10.53125,94.0,28.653125,55.55416666666667,7,96,0.073
2025-10-30,Office,Lights,0.1161,4.833333333333333,38.0,28.653125,55.55416666666667,12,96,0.125
2025-10-31,Bathroom,Heater,1.3918,57.989583333333336,2328.0,28.61145833333333,55.237500000000004,2,96,0.021
2025-10-31,Bathroom,Lights,0.0886,3.6875,35.0,28.61145833333333,55.237500000000004,8,96,0.083
2025-10-31,Bedroom,AC,3.2215000000000003,134.22916666666666,1517.0,28.61145833333333,55.237500000000004,7,96,0.073
2025-10-31,Bedroom,Fan,0.3197,13.5,100.0,28.61145833333333,55.237500000000004,11,96,0.115
2025-10-31,Bedroom,Lights,0.0843,3.5104166666666665,35.0,28.61145833333333,55.237500000000004,7,96,0.073
2025-10-31,Kitchen,Heater,1.7435,72.64583333333333,2422.0,28.61145833333333,55.237500000000004,3,96,0.031
2025-10-31,Kitchen,Lights,0.0623,2.59375,31.0,28.61145833333333,55.237500000000004,3,96,0.031
2025-10-31,Living Room,AC,3.6084,150.35416666666666,1632.0,28.61145833333333,55.237500000000004,7,96,0.073
2025-10-31,Living Room,Fan,0.3263,13.770833333333334,95.0,28.61145833333333,55.237500000000004,12,96,0.125
2025-10-31,Living Room,Lights,0.0722,3.0104166666666665,28.0,28.61145833333333,55.237500000000004,5,96,0.052
2025-10-31,Office,AC,3.9329,163.875,1704.0,28.61145833333333,55.237500000000004,8,96,0.083
2025-10-31,Office,Fan,0.2835,11.989583333333334,97.0,28.61145833333333,55.237500000000004,9,96,0.094
2025-10-31,Office,Lights,0.1074,4.479166666666667,33.0,28.61145833333333,55.237500000000004,12,96,0.125
2025-11-01,Bathroom,Heater,0.7337,30.572916666666668,1985.0,23.62291666666667,45.540625,1,96,0.01
2025-11-01,Bathroom,Lights,0.1135,4.729166666666667,39.0,23.62291666666667,45.540625,11,96,0.115
2025-11-01,Bedroom,AC,6.1689,257.0520833333333,1778.0,23.62291666666667,45.540625,15,96,0.156
2025-11-01,Bedroom,Fan,0.3611,15.208333333333334,91.0,23.62291666666667,45.540625,14,96,0.146
2025-11-01,Bedroom,Lights,0.1164,4.854166666666667,38.0,23.62291666666667,45.540625,12,96,0.125
2025-11-01,Kitchen,Heater,3.8897,162.07291666666666,2428.0,23.62291666666667,45.540625,7,96,0.073
2025-11-01,Kitchen,Lights,0.081,3.375,38.0,23.62291666666667,45.540625,6,96,0.062
2025-11-01,Living Room,AC,8.443999999999999,351.84375,1746.0,23.62291666666667,45.540625,22,96,0.229
2025-11-01,Living Room,Fan,0.4033,16.96875,100.0,23.62291666666667,45.540625,15,96,0.156
2025-11-01,Living Room,Lights,0.0576,2.3958333333333335,31.0,23.62291666666667,45.540625,2,96,0.021
2025-11-01,Office,AC,6.1862,257.7708333333333,1708.0,23.62291666666667,45.540625,15,96,0.156
2025-11-01,Office,Fan,0.22849999999999998,9.708333333333334,84.0,23.62291666666667,45.540625,7,96,0.073
2025-11-01,Office,Lights,0.118,4.916666666666667,35.0,23.62291666666667,45.540625,12,96,0.125
2025-11-02,Bathroom,Heater,2.6001,108.34375,2141.0,23.648958333333336,44.9375,5,96,0.052
2025-11-02,Bathroom,Lights,0.0939,3.90625,36.0,23.648958333333336,44.9375,9,96,0.094
2025-11-02,Bedroom,AC,3.8717,161.32291666666666,1750.0,23.648958333333336,44.9375,8,96,0.083
2025-11-02,Bedroom,Fan,0.3258,13.75,89.0,23.648958333333336,44.9375,12,96,0.125
2025-11-02,Bedroom,Lights,0.0998,4.15625,38.0,23.648958333333336,44.9375,9,96,0.094
2025-11-02,Kitchen,Heater,2.3765,99.02083333333333,2344.0,23.648958333333336,44.9375,4,96,0.042
2025-11-02,Kitchen,Lights,0.0973,4.052083333333333,35.0,23.648958333333336,44.9375,10,96,0.104
2025-11-02,Living Room,AC,3.5453,147.72916666666666,1581.0,23.648958333333336,44.9375,8,96,0.083
2025-11-02,Living Room,Fan,0.4301,18.09375,96.0,23.648958333333336,44.9375,17,96,0.177
2025-11-02,Living Room,Lights,0.0932,3.875,35.0,23.648958333333336,44.9375,9,96,0.094
2025-11-02,Office,AC,4.3998,183.32291666666666,1795.0,23.648958333333336,44.9375,10,96,0.104
2025-11-02,Office,Fan,0.4138,17.416666666666668,99.0,23.648958333333336,44.9375,15,96,0.156
2025-11-02,Office,Lights,0.0989,4.114583333333333,36.0,23.648958333333336,44.9375,8,96,0.083
2025-11-03,Bathroom,Heater,1.5702,65.42708333333333,1906.0,23.442708333333332,45.78125,3,96,0.031
2025-11-03,Bathroom,Lights,0.1609,6.697916666666667,39.0,23.442708333333332,45.78125,15,96,0.156
2025-11-03,Bedroom,AC,3.8347,159.78125,1575.0,23.442708333333332,45.78125,8,96,0.083
2025-11-03,Bedroom,Fan,0.3522,14.84375,100.0,23.442708333333332,45.78125,12,96,0.125
2025-11-03,Bedroom,Lights,0.0807,3.3645833333333335,32.0,23.442708333333332,45.78125,7,96,0.073
2025-11-03,Kitchen,Heater,1.8114,75.47916666666667,2276.0,23.442708333333332,45.78125,3,96,0.031
2025-11-03,Kitchen,Lights,0.082,3.4166666666666665,39.0,23.442708333333332,45.78125,5,96,0.052
2025-11-03,Living Room,AC,5.1818,215.90625,1766.0,23.442708333333332,45.78125,12,96,0.125
2025-11-03,Living Room,Fan,0.2924,12.364583333333334,95.0,23.442708333333332,45.78125,9,96,0.094
2025-11-03,Living Room,Lights,0.0675,2.8125,35.0,23.442708333333332,45.78125,4,96,0.042
2025-11-03,Office,AC,2.2044,91.85416666666667,1552.0,23.442708333333332,45.78125,3,96,0.031
2025-11-03,Office,Fan,0.2904,12.28125,99.0,23.442708333333332,45.78125,9,96,0.094
2025-11-03,Office,Lights,0.0653,2.71875,30.0,23.442708333333332,45.78125,3,96,0.031
2025-11-04,Bathroom,Heater,1.1463,47.760416666666664,1907.0,23.59375,45.37291666666667,2,96,0.021
2025-11-04,Bathroom,Lights,0.0832,3.46875,40.0,23.59375,45.37291666666667,6,96,0.062
2025-11-04,Bedroom,AC,4.0217,167.57291666666666,1780.0,23.59375,45.37291666666667,8,96,0.083
2025-11-04,Bedroom,Fan,0.3112,13.145833333333334,100.0,23.59375,45.37291666666667,10,96,0.104
2025-11-04,Bedroom,Lights,0.0857,3.5729166666666665,37.0,23.59375,45.37291666666667,7,96,0.073
2025-11-04,Kitchen,Heater,1.9141,79.75,2363.0,23.59375,45.37291666666667,3,96,0.031
2025-11-04,Kitchen,Lights,0.0833,3.46875,38.0,23.59375,45.37291666666667,6,96,0.062
2025-11-04,Living Room,AC,2.193,91.375,1633.0,23.59375,45.37291666666667,3,96,0.031
2025-11-04,Living Room,Fan,0.2249,9.5625,96.0,23.59375,45.37291666666667,6,96,0.062
2025-11-04,Living Room,Lights,0.0943,3.9375,38.0,23.59375,45.37291666666667,8,96,0.083
2025-11-04,Office,AC,3.5904,149.60416666666666,1749.0,23.59375,45.37291666666667,7,96,0.073
2025-11-04,Office,Fan,0.24,10.1875,98.0,23.59375,45.37291666666667,6,96,0.062
2025-11-04,Office,Lights,0.0751,3.1354166666666665,32.0,23.59375,45.37291666666667,6,96,0.062
2025-11-05,Bathroom,Heater,3.0288,126.19791666666667,2352.0,23.639583333333334,45.00729166666667,5,96,0.052
2025-11-05,Bathroom,Lights,0.1031,4.291666666666667,39.0,23.639583333333334,45.00729166666667,9,96,0.094
2025-11-05,Bedroom,AC,4.1554,173.14583333333334,1733.0,23.639583333333334,45.00729166666667,8,96,0.083
2025-11-05,Bedroom,Fan,0.4004,16.854166666666668,97.0,23.639583333333334,45.00729166666667,15,96,0.156
2025-11-05,Bedroom,Lights,0.105,4.375,36.0,23.639583333333334,45.00729166666667,11,96,0.115
2025-11-05,Kitchen,Heater,1.7317,72.15625,2248.0,23.639583333333334,45.00729166666667,3,96,0.031
2025-11-05,Kitchen,Lights,0.0589,2.4479166666666665,19.0,23.639583333333334,45.00729166666667,4,96,0.042
2025-11-05,Living Room,AC,3.8017,158.40625,1712.0,23.639583333333334,45.00729166666667,8,96,0.083
2025-11-05,Living Room,Fan,0.3478,14.666666666666666,99.0,23.639583333333334,45.00729166666667,12,96,0.125
2025-11-05,Living Room,Lights,0.0836,3.4895833333333335,38.0,23.639583333333334,45.00729166666667,6,96,0.062
2025-11-05,Office,AC,3.4991,145.79166666666666,1626.0,23.639583333333334,45.00729166666667,7,96,0.073
2025-11-05,Office,Fan,0.3862,16.260416666666668,98.0,23.639583333333334,45.00729166666667,14,96,0.146
2025-11-05,Office,Lights,0.0842,3.5104166666666665,40.0,23.639583333333334,45.00729166666667,6,96,0.062
2025-11-06,Bathroom,Heater,2.693,112.20833333333333,2332.0,23.61145833333333,45.815625000000004,5,96,0.052
2025-11-06,Bathroom,Lights,0.0803,3.34375,37.0,23.61145833333333,45.815625000000004,6,96,0.062
2025-11-06,Bedroom,AC,2.9323,122.17708333333333,1657.0,23.61145833333333,45.815625000000004,5,96,0.052
2025-11-06,Bedroom,Fan,0.19999999999999998,8.520833333333334,85.0,23.61145833333333,45.815625000000004,5,96,0.052
2025-11-06,Bedroom,Lights,0.1179,4.90625,36.0,23.61145833333333,45.815625000000004,11,96,0.115
2025-11-06,Kitchen,Heater,1.6184,67.4375,2284.0,23.61145833333333,45.815625000000004,3,96,0.031
2025-11-06,Kitchen,Lights,0.0709,2.9583333333333335,32.0,23.61145833333333,45.815625000000004,4,96,0.042
2025-11-06,Living Room,AC,3.8004000000000002,158.34375,1783.0,23.61145833333333,45.815625000000004,7,96,0.073
2025-11-06,Living Room,Fan,0.3691,15.552083333333334,99.0,23.61145833333333,45.815625000000004,13,96,0.135
2025-11-06,Living Room,Lights,0.0924,3.8541666666666665,36.0,23.61145833333333,45.815625000000004,8,96,0.083
2025-11-06,Office,AC,4.6281,192.83333333333334,1711.0,23.61145833333333,45.815625000000004,10,96,0.104
2025-11-06,Office,Fan,0.2112,8.989583333333334,92.0,23.61145833333333,45.815625000000004,5,96,0.052
2025-11-06,Office,Lights,0.108,4.5,38.0,23.61145833333333,45.815625000000004,9,96,0.094
2025-11-07,Bathroom,Heater,1.3622999999999998,56.760416666666664,2287.0,23.412499999999998,45.380208333333336,2,96,0.021
2025-11-07,Bathroom,Lights,0.0655,2.7291666666666665,39.0,23.412499999999998,45.380208333333336,3,96,0.031
2025-11-07,Bedroom,AC,4.5572,189.88541666666666,1700.0,23.412499999999998,45.380208333333336,10,96,0.104
2025-11-07,Bedroom,Fan,0.3162,13.354166666666666,99.0,23.412499999999998,45.380208333333336,10,96,0.104
2025-11-07,Bedroom,Lights,0.0976,4.072916666666667,37.0,23.412499999999998,45.380208333333336,10,96,0.104
2025-11-07,Kitchen,Heater,1.2563,52.34375,2347.0,23.412499999999998,45.380208333333336,2,96,0.021
2025-11-07,Kitchen,Lights,0.0877,3.65625,36.0,23.412499999999998,45.380208333333336,7,96,0.073
2025-11-07,Living Room,AC,4.6536,193.89583333333334,1703.0,23.412499999999998,45.380208333333336,11,96,0.115
2025-11-07,Living Room,Fan,0.3517,14.833333333333334,100.0,23.412499999999998,45.380208333333336,12,96,0.125
2025-11-07,Living Room,Lights,0.1027,4.28125,40.0,23.412499999999998,45.380208333333336,7,96,0.073
2025-11-07,Office,AC,2.6353,109.80208333333333,1796.0,23.412499999999998,45.380208333333336,4,96,0.042
2025-11-07,Office,Fan,0.24719999999999998,10.489583333333334,99.0,23.412499999999998,45.380208333333336,7,96,0.073
2025-11-07,Office,Lights,0.0785,3.2708333333333335,39.0,23.412499999999998,45.380208333333336,4,96,0.042
2025-11-08,Bathroom,Heater,0.7543,31.427083333333332,2067.0,23.715625,45.22083333333333,1,96,0.01
2025-11-08,Bathroom,Lights,0.0753,3.1354166666666665,39.0,23.715625,45.22083333333333,4,96,0.042
2025-11-08,Bedroom,AC,4.3933,183.05208333333334,1759.0,23.715625,45.22083333333333,9,96,0.094
2025-11-08,Bedroom,Fan,0.29919999999999997,12.635416666666666,100.0,23.715625,45.22083333333333,10,96,0.104
2025-11-08,Bedroom,Lights,0.0975,4.0625,35.0,23.715625,45.22083333333333,9,96,0.094
2025-11-08,Kitchen,Heater,1.4804,61.6875,2497.0,23.715625,45.22083333333333,2,96,0.021
2025-11-08,Kitchen,Lights,0.0904,3.7604166666666665,39.0,23.715625,45.22083333333333,8,96,0.083
2025-11-08,Living Room,AC,4.5271,188.63541666666666,1749.0,23.715625,45.22083333333333,10,96,0.104
2025-11-08,Living Room,Fan,0.3311,13.958333333333334,96.0,23.715625,45.22083333333333,12,96,0.125
2025-11-08,Living Room,Lights,0.1127,4.697916666666667,32.0,23.715625,45.22083333333333,12,96,0.125
2025-11-08,Office,AC,5.1071,212.79166666666666,1757.0,23.715625,45.22083333333333,11,96,0.115
2025-11-08,Office,Fan,0.3347,14.114583333333334,95.0,23.715625,45.22083333333333,12,96,0.125
2025-11-08,Office,Lights,0.0889,3.6979166666666665,35.0,23.715625,45.22083333333333,7,96,0.073
2025-11-09,Bathroom,Heater,0.6415000000000001,26.729166666666668,1616.0,23.471875,45.203125,1,96,0.01
2025-11-09,Bathroom,Lights,0.1093,4.552083333333333,36.0,23.471875,45.203125,12,96,0.125
2025-11-09,Bedroom,AC,7.0866,295.2708333333333,1792.0,23.471875,45.203125,18,96,0.188
2025-11-09,Bedroom,Fan,0.4467,18.78125,100.0,23.471875,45.203125,17,96,0.177
2025-11-09,Bedroom,Lights,0.0667,2.78125,32.0,23.471875,45.203125,3,96,0.031
2025-11-09,Kitchen,Heater,2.2675,94.47916666666667,2338.0,23.471875,45.203125,4,96,0.042
2025-11-09,Kitchen,Lights,0.0807,3.3645833333333335,29.0,23.471875,45.203125,7,96,0.073
2025-11-09,Living Room,AC,6.2997,262.4895833333333,1764.0,23.471875,45.203125,14,96,0.146
2025-11-09,Living Room,Fan,0.3356,14.166666666666666,98.0,23.471875,45.203125,12,96,0.125
2025-11-09,Living Room,Lights,0.08120000000000001,3.375,35.0,23.471875,45.203125,6,96,0.062
2025-11-09,Office,AC,4.269,177.875,1705.0,23.471875,45.203125,9,96,0.094
2025-11-09,Office,Fan,0.3399,14.333333333333334,99.0,23.471875,45.203125,11,96,0.115
2025-11-09,Office,Lights,0.1077,4.489583333333333,36.0,23.471875,45.203125,12,96,0.125
2025-11-10,Bathroom,Heater,1.1078,46.15625,1896.0,23.306250000000002,45.53020833333333,2,96,0.021
2025-11-10,Bathroom,Lights,0.102,4.25,40.0,23.306250000000002,45.53020833333333,9,96,0.094
2025-11-10,Bedroom,AC,2.9065,121.10416666666667,1684.0,23.306250000000002,45.53020833333333,5,96,0.052
2025-11-10,Bedroom,Fan,0.3125,13.197916666666666,100.0,23.306250000000002,45.53020833333333,11,96,0.115
2025-11-10,Bedroom,Lights,0.109,4.541666666666667,40.0,23.306250000000002,45.53020833333333,12,96,0.125
2025-11-10,Kitchen,Heater,1.7073,71.13541666666667,2176.0,23.306250000000002,45.53020833333333,3,96,0.031
2025-11-10,Kitchen,Lights,0.0852,3.5520833333333335,40.0,23.306250000000002,45.53020833333333,5,96,0.052
2025-11-10,Living Room,AC,3.2606,135.85416666666666,1602.0,23.306250000000002,45.53020833333333,7,96,0.073
2025-11-10,Living Room,Fan,0.23299999999999998,9.895833333333334,81.0,23.306250000000002,45.53020833333333,7,96,0.073
2025-11-10,Living Room,Lights,0.1053,4.385416666666667,40.0,23.306250000000002,45.53020833333333,10,96,0.104
2025-11-10,Office,AC,3.8223000000000003,159.26041666666666,1608.0,23.306250000000002,45.53020833333333,8,96,0.083
2025-11-10,Office,Fan,0.22319999999999998,9.489583333333334,97.0,23.306250000000002,45.53020833333333,6,96,0.062
2025-11-10,Office,Lights,0.0959,4.0,36.0,23.306250000000002,45.53020833333333,7,96,0.073
2025-11-11,Bathroom,Heater,1.2388,51.614583333333336,2384.0,23.726041666666664,44.98854166666666,2,96,0.021
2025-11-11,Bathroom,Lights,0.071,2.9583333333333335,28.0,23.726041666666664,44.98854166666666,6,96,0.062
2025-11-11,Bedroom,AC,3.9945,166.44791666666666,1761.0,23.726041666666664,44.98854166666666,8,96,0.083
2025-11-11,Bedroom,Fan,0.23149999999999998,9.833333333333334,94.0,23.726041666666664,44.98854166666666,6,96,0.062
2025-11-11,Bedroom,Lights,0.1118,4.666666666666667,40.0,23.726041666666664,44.98854166666666,10,96,0.104
2025-11-11,Kitchen,Heater,0.7445,31.020833333333332,2028.0,23.726041666666664,44.98854166666666,1,96,0.01
2025-11-11,Kitchen,Lights,0.0801,3.34375,29.0,23.726041666666664,44.98854166666666,7,96,0.073
2025-11-11,Living Room,AC,3.5292000000000003,147.05208333333334,1697.0,23.726041666666664,44.98854166666666,7,96,0.073
2025-11-11,Living Room,Fan,0.2862,12.104166666666666,99.0,23.726041666666664,44.98854166666666,9,96,0.094
2025-11-11,Living Room,Lights,0.0575,2.3958333333333335,20.0,23.726041666666664,44.98854166666666,3,96,0.031
2025-11-11,Office,AC,4.1497,172.90625,1582.0,23.726041666666664,44.98854166666666,9,96,0.094
2025-11-11,Office,Fan,0.3374,14.239583333333334,90.0,23.726041666666664,44.98854166666666,13,96,0.135
2025-11-11,Office,Lights,0.0722,3.0104166666666665,36.0,23.726041666666664,44.98854166666666,5,96,0.052
2025-11-12,Bathroom,Heater,1.8118,75.48958333333333,2355.0,23.692708333333332,45.63958333333333,3,96,0.031
2025-11-12,Bathroom,Lights,0.0821,3.4166666666666665,31.0,23.692708333333332,45.63958333333333,6,96,0.062
2025-11-12,Bedroom,AC,2.4515000000000002,102.14583333333333,1716.0,23.692708333333332,45.63958333333333,4,96,0.042
2025-11-12,Bedroom,Fan,0.321,13.552083333333334,99.0,23.692708333333332,45.63958333333333,10,96,0.104
2025-11-12,Bedroom,Lights,0.0914,3.8125,40.0,23.692708333333332,45.63958333333333,6,96,0.062
2025-11-12,Kitchen,Heater,2.1635,90.14583333333333,2252.0,23.692708333333332,45.63958333333333,4,96,0.042
2025-11-12,Kitchen,Lights,0.0999,4.15625,39.0,23.692708333333332,45.63958333333333,7,96,0.073
2025-11-12,Living Room,AC,3.4132000000000002,142.21875,1773.0,23.692708333333332,45.63958333333333,7,96,0.073
2025-11-12,Living Room,Fan,0.318,13.427083333333334,100.0,23.692708333333332,45.63958333333333,11,96,0.115
2025-11-12,Living Room,Lights,0.0867,3.6145833333333335,28.0,23.692708333333332,45.63958333333333,8,96,0.083
2025-11-12,Office,AC,2.9442,122.67708333333333,1457.0,23.692708333333332,45.63958333333333,6,96,0.062
2025-11-12,Office,Fan,0.2142,9.114583333333334,100.0,23.692708333333332,45.63958333333333,5,96,0.052
2025-11-12,Office,Lights,0.0924,3.8541666666666665,39.0,23.692708333333332,45.63958333333333,7,96,0.073
2025-11-13,Bathroom,Heater,3.2543,135.59375,2367.0,23.5625,45.24166666666667,6,96,0.062
2025-11-13,Bathroom,Lights,0.0914,3.8125,36.0,23.5625,45.24166666666667,7,96,0.073
2025-11-13,Bedroom,AC,3.8337,159.73958333333334,1786.0,23.5625,45.24166666666667,7,96,0.073
2025-11-13,Bedroom,Fan,0.24769999999999998,10.510416666666666,99.0,23.5625,45.24166666666667,7,96,0.073
2025-11-13,Bedroom,Lights,0.0905,3.7708333333333335,36.0,23.5625,45.24166666666667,7,96,0.073
2025-11-13,Kitchen,Heater,2.239,93.29166666666667,2497.0,23.5625,45.24166666666667,4,96,0.042
2025-11-13,Kitchen,Lights,0.1072,4.46875,40.0,23.5625,45.24166666666667,11,96,0.115
2025-11-13,Living Room,AC,3.308,137.83333333333334,1800.0,23.5625,45.24166666666667,6,96,0.062
2025-11-13,Living Room,Fan,0.2893,12.239583333333334,96.0,23.5625,45.24166666666667,9,96,0.094
2025-11-13,Living Room,Lights,0.1047,4.364583333333333,38.0,23.5625,45.24166666666667,9,96,0.094
2025-11-13,Office,AC,4.4191,184.125,1772.0,23.5625,45.24166666666667,9,96,0.094
2025-11-13,Office,Fan,0.4003,16.84375,100.0,23.5625,45.24166666666667,14,96,0.146
2025-11-13,Office,Lights,0.0657,2.7395833333333335,37.0,23.5625,45.24166666666667,4,96,0.042
2025-11-14,Bathroom,Heater,1.7932000000000001,74.71875,2338.0,23.559375,46.23229166666667,3,96,0.031
2025-11-14,Bathroom,Lights,0.0814,3.3958333333333335,30.0,23.559375,46.23229166666667,6,96,0.062
2025-11-14,Bedroom,AC,4.1407,172.52083333333334,1775.0,23.559375,46.23229166666667,9,96,0.094
2025-11-14,Bedroom,Fan,0.28809999999999997,12.1875,98.0,23.559375,46.23229166666667,9,96,0.094
2025-11-14,Bedroom,Lights,0.0939,3.9166666666666665,40.0,23.559375,46.23229166666667,8,96,0.083
2025-11-14,Kitchen,Heater,0.24,10.0,10.0,23.559375,46.23229166666667,0,96,0.0
2025-11-14,Kitchen,Lights,0.1006,4.1875,34.0,23.559375,46.23229166666667,12,96,0.125
2025-11-14,Living Room,AC,5.5172,229.88541666666666,1775.0,23.559375,46.23229166666667,13,96,0.135
2025-11-14,Living Room,Fan,0.32239999999999996,13.604166666666666,99.0,23.559375,46.23229166666667,11,96,0.115
2025-11-14,Living Room,Lights,0.0812,3.3854166666666665,40.0,23.559375,46.23229166666667,6,96,0.062
2025-11-14,Office,AC,5.1124,213.01041666666666,1797.0,23.559375,46.23229166666667,11,96,0.115
2025-11-14,Office,Fan,0.2635,11.166666666666666,100.0,23.559375,46.23229166666667,7,96,0.073
2025-11-14,Office,Lights,0.074,3.0833333333333335,32.0,23.559375,46.23229166666667,4,96,0.042
2025-11-15,Bathroom,Heater,0.8397,34.989583333333336,2409.0,23.554166666666664,45.92916666666667,1,96,0.01
2025-11-15,Bathroom,Lights,0.0779,3.25,37.0,23.554166666666664,45.92916666666667,6,96,0.062
2025-11-15,Bedroom,AC,4.2521,177.16666666666666,1647.0,23.554166666666664,45.92916666666667,9,96,0.094
2025-11-15,Bedroom,Fan,0.3312,13.96875,95.0,23.554166666666664,45.92916666666667,12,96,0.125
2025-11-15,Bedroom,Lights,0.089,3.7083333333333335,40.0,23.554166666666664,45.92916666666667,7,96,0.073
2025-11-15,Kitchen,Heater,1.0126,42.1875,1571.0,23.554166666666664,45.92916666666667,2,96,0.021
2025-11-15,Kitchen,Lights,0.0854,3.5625,34.0,23.554166666666664,45.92916666666667,8,96,0.083
2025-11-15,Living Room,AC,6.0993,254.14583333333334,1785.0,23.554166666666664,45.92916666666667,15,96,0.156
2025-11-15,Living Room,Fan,0.374,15.760416666666666,95.0,23.554166666666664,45.92916666666667,14,96,0.146
2025-11-15,Living Room,Lights,0.0823,3.4270833333333335,36.0,23.554166666666664,45.92916666666667,7,96,0.073
2025-11-15,Office,AC,6.3951,266.4583333333333,1750.0,23.554166666666664,45.92916666666667,16,96,0.167
2025-11-15,Office,Fan,0.3781,15.927083333333334,98.0,23.554166666666664,45.92916666666667,14,96,0.146
2025-11-15,Office,Lights,0.09179999999999999,3.8229166666666665,39.0,23.554166666666664,45.92916666666667,7,96,0.073
2025-11-16,Bathroom,Heater,1.6300000000000001,67.91666666666667,2031.0,23.511458333333334,45.28020833333333,3,96,0.031
2025-11-16,Bathroom,Lights,0.0852,3.5520833333333335,38.0,23.511458333333334,45.28020833333333,6,96,0.062
2025-11-16,Bedroom,AC,6.1823,257.59375,1800.0,23.511458333333334,45.28020833333333,14,96,0.146
2025-11-16,Bedroom,Fan,0.48109999999999997,20.208333333333332,100.0,23.511458333333334,45.28020833333333,18,96,0.188
2025-11-16,Bedroom,Lights,0.0976,4.0625,40.0,23.511458333333334,45.28020833333333,8,96,0.083
2025-11-16,Kitchen,Heater,2.0769,86.54166666666667,2212.0,23.511458333333334,45.28020833333333,4,96,0.042
2025-11-16,Kitchen,Lights,0.066,2.75,29.0,23.511458333333334,45.28020833333333,4,96,0.042
2025-11-16,Living Room,AC,6.1538,256.40625,1698.0,23.511458333333334,45.28020833333333,15,96,0.156
2025-11-16,Living Room,Fan,0.3422,14.4375,98.0,23.511458333333334,45.28020833333333,12,96,0.125
2025-11-16,Living Room,Lights,0.1055,4.40625,40.0,23.511458333333334,45.28020833333333,10,96,0.104
2025-11-16,Office,AC,5.7646,240.19791666666666,1766.0,23.511458333333334,45.28020833333333,13,96,0.135
2025-11-16,Office,Fan,0.32649999999999996,13.78125,98.0,23.511458333333334,45.28020833333333,11,96,0.115
2025-11-16,Office,Lights,0.0885,3.6875,34.0,23.511458333333334,45.28020833333333,8,96,0.083
2025-11-17,Bathroom,Heater,2.4814,103.38541666666667,2388.0,23.556250000000002,44.987500000000004,4,96,0.042
2025-11-17,Bathroom,Lights,0.0828,3.4479166666666665,35.0,23.556250000000002,44.987500000000004,7,96,0.073
2025-11-17,Bedroom,AC,2.6465,110.27083333333333,1711.0,23.556250000000002,44.987500000000004,4,96,0.042
2025-11-17,Bedroom,Fan,0.3003,12.697916666666666,98.0,23.556250000000002,44.987500000000004,10,96,0.104
2025-11-17,Bedroom,Lights,0.10200000000000001,4.25,40.0,23.556250000000002,44.987500000000004,9,96,0.094
2025-11-17,Kitchen,Heater,1.131,47.125,2006.0,23.556250000000002,44.987500000000004,2,96,0.021
2025-11-17,Kitchen,Lights,0.071,2.9583333333333335,38.0,23.556250000000002,44.987500000000004,4,96,0.042
2025-11-17,Living Room,AC,3.1094,129.5625,1745.0,23.556250000000002,44.987500000000004,5,96,0.052
2025-11-17,Living Room,Fan,0.3145,13.28125,100.0,23.556250000000002,44.987500000000004,11,96,0.115
2025-11-17,Living Room,Lights,0.1016,4.229166666666667,35.0,23.556250000000002,44.987500000000004,8,96,0.083
2025-11-17,Office,AC,4.3588000000000005,181.61458333333334,1735.0,23.556250000000002,44.987500000000004,9,96,0.094
2025-11-17,Office,Fan,0.4253,17.885416666666668,96.0,23.556250000000002,44.987500000000004,17,96,0.177
2025-11-17,Office,Lights,0.08460000000000001,3.5208333333333335,35.0,23.556250000000002,44.987500000000004,6,96,0.062
2025-11-18,Bathroom,Heater,1.025,42.708333333333336,1642.0,23.260416666666668,45.21041666666667,2,96,0.021
2025-11-18,Bathroom,Lights,0.1286,5.354166666666667,35.0,23.260416666666668,45.21041666666667,13,96,0.135
2025-11-18,Bedroom,AC,2.4884,103.6875,1621.0,23.260416666666668,45.21041666666667,4,96,0.042
2025-11-18,Bedroom,Fan,0.37589999999999996,15.833333333333334,99.0,23.260416666666668,45.21041666666667,14,96,0.146
2025-11-18,Bedroom,Lights,0.09040000000000001,3.7604166666666665,35.0,23.260416666666668,45.21041666666667,6,96,0.062
2025-11-18,Kitchen,Heater,2.308,96.16666666666667,2441.0,23.260416666666668,45.21041666666667,4,96,0.042
2025-11-18,Kitchen,Lights,0.081,3.375,28.0,23.260416666666668,45.21041666666667,7,96,0.073
2025-11-18,Living Room,AC,3.9192,163.30208333333334,1798.0,23.260416666666668,45.21041666666667,8,96,0.083
2025-11-18,Living Room,Fan,0.3843,16.1875,100.0,23.260416666666668,45.21041666666667,14,96,0.146
2025-11-18,Living Room,Lights,0.1004,4.1875,37.0,23.260416666666668,45.21041666666667,8,96,0.083
2025-11-18,Office,AC,2.9855,124.39583333333333,1799.0,23.260416666666668,45.21041666666667,5,96,0.052
2025-11-18,Office,Fan,0.3119,13.177083333333334,99.0,23.260416666666668,45.21041666666667,10,96,0.104
2025-11-18,Office,Lights,0.1002,4.177083333333333,35.0,23.260416666666668,45.21041666666667,9,96,0.094
2025-11-19,Bathroom,Heater,3.8044,158.52083333333334,2409.0,23.616666666666664,45.28958333333333,7,96,0.073
2025-11-19,Bathroom,Lights,0.1122,4.677083333333333,39.0,23.616666666666664,45.28958333333333,11,96,0.115
2025-11-19,Bedroom,AC,2.2495,93.72916666666667,1507.0,23.616666666666664,45.28958333333333,3,96,0.031
2025-11-19,Bedroom,Fan,0.242,10.270833333333334,98.0,23.616666666666664,45.28958333333333,7,96,0.073
2025-11-19,Bedroom,Lights,0.0846,3.5208333333333335,39.0,23.616666666666664,45.28958333333333,7,96,0.073
2025-11-19,Kitchen,Heater,3.183,132.625,2124.0,23.616666666666664,45.28958333333333,6,96,0.062
2025-11-19,Kitchen,Lights,0.1108,4.614583333333333,35.0,23.616666666666664,45.28958333333333,11,96,0.115
2025-11-19,Living Room,AC,3.6282,151.17708333333334,1773.0,23.616666666666664,45.28958333333333,7,96,0.073
2025-11-19,Living Room,Fan,0.4149,17.458333333333332,100.0,23.616666666666664,45.28958333333333,16,96,0.167
2025-11-19,Living Room,Lights,0.0919,3.8333333333333335,39.0,23.616666666666664,45.28958333333333,8,96,0.083
2025-11-19,Office,AC,3.8006,158.35416666666666,1704.0,23.616666666666664,45.28958333333333,7,96,0.073
2025-11-19,Office,Fan,0.28859999999999997,12.197916666666666,89.0,23.616666666666664,45.28958333333333,10,96,0.104
2025-11-19,Office,Lights,0.0693,2.8854166666666665,27.0,23.616666666666664,45.28958333333333,5,96,0.052
2025-11-20,Bathroom,Heater,1.2026,50.104166666666664,2227.0,23.62708333333333,45.47604166666667,2,96,0.021
2025-11-20,Bathroom,Lights,0.0743,3.09375,39.0,23.62708333333333,45.47604166666667,4,96,0.042
2025-11-20,Bedroom,AC,2.7511,114.625,1586.0,23.62708333333333,45.47604166666667,5,96,0.052
2025-11-20,Bedroom,Fan,0.2929,12.385416666666666,91.0,23.62708333333333,45.47604166666667,10,96,0.104
2025-11-20,Bedroom,Lights,0.0725,3.0208333333333335,32.0,23.62708333333333,45.47604166666667,5,96,0.052
2025-11-20,Kitchen,Heater,1.5637,65.15625,1861.0,23.62708333333333,45.47604166666667,3,96,0.031
2025-11-20,Kitchen,Lights,0.108,4.5,40.0,23.62708333333333,45.47604166666667,10,96,0.104
2025-11-20,Living Room,AC,2.2355,93.14583333333333,1589.0,23.62708333333333,45.47604166666667,3,96,0.031
2025-11-20,Living Room,Fan,0.2425,10.291666666666666,88.0,23.62708333333333,45.47604166666667,7,96,0.073
2025-11-20,Living Room,Lights,0.1237,5.145833333333333,39.0,23.62708333333333,45.47604166666667,12,96,0.125
2025-11-20,Office,AC,2.175,90.625,1403.0,23.62708333333333,45.47604166666667,3,96,0.031
2025-11-20,Office,Fan,0.3906,16.4375,100.0,23.62708333333333,45.47604166666667,15,96,0.156
2025-11-20,Office,Lights,0.1022,4.260416666666667,36.0,23.62708333333333,45.47604166666667,9,96,0.094
2025-11-21,Bathroom,Heater,2.2859,95.25,2329.0,23.71666666666667,45.375,4,96,0.042
2025-11-21,Bathroom,Lights,0.0897,3.7291666666666665,39.0,23.71666666666667,45.375,7,96,0.073
2025-11-21,Bedroom,AC,3.2281,134.5,1635.0,23.71666666666667,45.375,6,96,0.062
2025-11-21,Bedroom,Fan,0.4002,16.84375,100.0,23.71666666666667,45.375,15,96,0.156
2025-11-21,Bedroom,Lights,0.0708,2.9479166666666665,40.0,23.71666666666667,45.375,3,96,0.031
2025-11-21,Kitchen,Heater,2.7363,114.01041666666667,2455.0,23.71666666666667,45.375,5,96,0.052
2025-11-21,Kitchen,Lights,0.09,3.75,40.0,23.71666666666667,45.375,6,96,0.062
2025-11-21,Living Room,AC,3.2905,137.10416666666666,1776.0,23.71666666666667,45.375,6,96,0.062
2025-11-21,Living Room,Fan,0.4147,17.4375,99.0,23.71666666666667,45.375,16,96,0.167
2025-11-21,Living Room,Lights,0.1008,4.197916666666667,39.0,23.71666666666667,45.375,8,96,0.083
2025-11-21,Office,AC,3.5197000000000003,146.65625,1800.0,23.71666666666667,45.375,7,96,0.073
2025-11-21,Office,Fan,0.4163,17.510416666666668,100.0,23.71666666666667,45.375,15,96,0.156
2025-11-21,Office,Lights,0.0695,2.8958333333333335,35.0,23.71666666666667,45.375,3,96,0.031
2025-11-22,Bathroom,Heater,3.9543,164.76041666666666,2499.0,23.433333333333334,45.72708333333333,7,96,0.073
2025-11-22,Bathroom,Lights,0.0752,3.1354166666666665,30.0,23.433333333333334,45.72708333333333,7,96,0.073
2025-11-22,Bedroom,AC,3.1576,131.57291666666666,1570.0,23.433333333333334,45.72708333333333,6,96,0.062
2025-11-22,Bedroom,Fan,0.3716,15.65625,100.0,23.433333333333334,45.72708333333333,14,96,0.146
2025-11-22,Bedroom,Lights,0.0935,3.8958333333333335,40.0,23.433333333333334,45.72708333333333,7,96,0.073
2025-11-22,Kitchen,Heater,1.7493999999999998,72.89583333333333,2328.0,23.433333333333334,45.72708333333333,3,96,0.031
2025-11-22,Kitchen,Lights,0.0851,3.5416666666666665,35.0,23.433333333333334,45.72708333333333,8,96,0.083
2025-11-22,Living Room,AC,5.8066,241.9375,1734.0,23.433333333333334,45.72708333333333,14,96,0.146
2025-11-22,Living Room,Fan,0.4518,18.989583333333332,95.0,23.433333333333334,45.72708333333333,18,96,0.188
2025-11-22,Living Room,Lights,0.1348,5.614583333333333,40.0,23.433333333333334,45.72708333333333,13,96,0.135
2025-11-22,Office,AC,3.6113,150.46875,1783.0,23.433333333333334,45.72708333333333,7,96,0.073
2025-11-22,Office,Fan,0.306,12.927083333333334,90.0,23.433333333333334,45.72708333333333,10,96,0.104
2025-11-22,Office,Lights,0.1017,4.239583333333333,38.0,23.433333333333334,45.72708333333333,9,96,0.094
2025-11-23,Bathroom,Heater,0.6183000000000001,25.760416666666668,1523.0,23.539583333333336,45.87291666666667,1,96,0.01
2025-11-23,Bathroom,Lights,0.1075,4.479166666666667,39.0,23.539583333333336,45.87291666666667,11,96,0.115
2025-11-23,Bedroom,AC,4.1906,174.61458333333334,1716.0,23.539583333333336,45.87291666666667,9,96,0.094
2025-11-23,Bedroom,Fan,0.3108,13.135416666666666,100.0,23.539583333333336,45.87291666666667,10,96,0.104
2025-11-23,Bedroom,Lights,0.0869,3.625,40.0,23.539583333333336,45.87291666666667,7,96,0.073
2025-11-23,Kitchen,Heater,1.207,50.291666666666664,2359.0,23.539583333333336,45.87291666666667,2,96,0.021
2025-11-23,Kitchen,Lights,0.0877,3.65625,32.0,23.539583333333336,45.87291666666667,8,96,0.083
2025-11-23,Living Room,AC,5.7148,238.11458333333334,1736.0,23.539583333333336,45.87291666666667,13,96,0.135
2025-11-23,Living Room,Fan,0.3216,13.572916666666666,94.0,23.539583333333336,45.87291666666667,11,96,0.115
2025-11-23,Living Room,Lights,0.0973,4.052083333333333,33.0,23.539583333333336,45.87291666666667,10,96,0.104
2025-11-23,Office,AC,5.3653,223.55208333333334,1670.0,23.539583333333336,45.87291666666667,13,96,0.135
2025-11-23,Office,Fan,0.41069999999999995,17.291666666666668,100.0,23.539583333333336,45.87291666666667,15,96,0.156
2025-11-23,Office,Lights,0.0716,2.9791666666666665,27.0,23.539583333333336,45.87291666666667,5,96,0.052
2025-11-24,Bathroom,Heater,0.8215,34.229166666666664,2336.0,23.413541666666664,45.32916666666667,1,96,0.01
2025-11-24,Bathroom,Lights,0.0872,3.625,38.0,23.413541666666664,45.32916666666667,8,96,0.083
2025-11-24,Bedroom,AC,3.6005000000000003,150.02083333333334,1687.0,23.413541666666664,45.32916666666667,7,96,0.073
2025-11-24,Bedroom,Fan,0.3609,15.21875,100.0,23.413541666666664,45.32916666666667,13,96,0.135
2025-11-24,Bedroom,Lights,0.0713,2.96875,35.0,23.413541666666664,45.32916666666667,5,96,0.052
2025-11-24,Kitchen,Heater,2.8261,117.75,2441.0,23.413541666666664,45.32916666666667,5,96,0.052
2025-11-24,Kitchen,Lights,0.1019,4.25,40.0,23.413541666666664,45.32916666666667,9,96,0.094
2025-11-24,Living Room,AC,3.4079,141.98958333333334,1667.0,23.413541666666664,45.32916666666667,7,96,0.073
2025-11-24,Living Room,Fan,0.2374,10.083333333333334,90.0,23.413541666666664,45.32916666666667,7,96,0.073
2025-11-24,Living Room,Lights,0.0811,3.3854166666666665,40.0,23.413541666666664,45.32916666666667,6,96,0.062
2025-11-24,Office,AC,3.4628,144.28125,1794.0,23.413541666666664,45.32916666666667,6,96,0.062
2025-11-24,Office,Fan,0.2707,11.46875,89.0,23.413541666666664,45.32916666666667,9,96,0.094
2025-11-24,Office,Lights,0.0692,2.8854166666666665,36.0,23.413541666666664,45.32916666666667,3,96,0.031
2025-11-25,Bathroom,Heater,4.4745,186.42708333333334,2499.0,23.601041666666664,46.171875,8,96,0.083
2025-11-25,Bathroom,Lights,0.0751,3.125,35.0,23.601041666666664,46.171875,5,96,0.052
2025-11-25,Bedroom,AC,4.0821,170.08333333333334,1779.0,23.601041666666664,46.171875,8,96,0.083
2025-11-25,Bedroom,Fan,0.22019999999999998,9.364583333333334,92.0,23.601041666666664,46.171875,6,96,0.062
2025-11-25,Bedroom,Lights,0.107,4.458333333333333,40.0,23.601041666666664,46.171875,11,96,0.115
2025-11-25,Kitchen,Heater,1.687,70.29166666666667,2402.0,23.601041666666664,46.171875,3,96,0.031
2025-11-25,Kitchen,Lights,0.0893,3.71875,37.0,23.601041666666664,46.171875,6,96,0.062
2025-11-25,Living Room,AC,2.2523,93.84375,1767.0,23.601041666666664,46.171875,3,96,0.031
2025-11-25,Living Room,Fan,0.39449999999999996,16.614583333333332,98.0,23.601041666666664,46.171875,15,96,0.156
2025-11-25,Living Room,Lights,0.1012,4.21875,39.0,23.601041666666664,46.171875,9,96,0.094
2025-11-25,Office,AC,4.8801,203.34375,1781.0,23.601041666666664,46.171875,10,96,0.104
2025-11-25,Office,Fan,0.4218,17.739583333333332,96.0,23.601041666666664,46.171875,17,96,0.177
2025-11-25,Office,Lights,0.0833,3.4791666666666665,36.0,23.601041666666664,46.171875,6,96,0.062
2025-11-26,Bathroom,Heater,0.24,10.0,10.0,23.54895833333333,45.73645833333333,0,96,0.0
2025-11-26,Bathroom,Lights,0.085,3.5416666666666665,33.0,23.54895833333333,45.73645833333333,8,96,0.083
2025-11-26,Bedroom,AC,4.2539,177.25,1749.0,23.54895833333333,45.73645833333333,9,96,0.094
2025-11-26,Bedroom,Fan,0.2687,11.375,98.0,23.54895833333333,45.73645833333333,8,96,0.083
2025-11-26,Bedroom,Lights,0.0855,3.5625,37.0,23.54895833333333,45.73645833333333,6,96,0.062
2025-11-26,Kitchen,Heater,1.2145000000000001,50.604166666666664,2172.0,23.54895833333333,45.73645833333333,2,96,0.021
2025-11-26,Kitchen,Lights,0.0778,3.2395833333333335,27.0,23.54895833333333,45.73645833333333,8,96,0.083
2025-11-26,Living Room,AC,2.4447,101.86458333333333,1511.0,23.54895833333333,45.73645833333333,4,96,0.042
2025-11-26,Living Room,Fan,0.3161,13.354166666666666,90.0,23.54895833333333,45.73645833333333,11,96,0.115
2025-11-26,Living Room,Lights,0.0968,4.03125,35.0,23.54895833333333,45.73645833333333,9,96,0.094
2025-11-26,Office,AC,2.4932000000000003,103.88541666666667,1552.0,23.54895833333333,45.73645833333333,4,96,0.042
2025-11-26,Office,Fan,0.31539999999999996,13.3125,99.0,23.54895833333333,45.73645833333333,11,96,0.115
2025-11-26,Office,Lights,0.0895,3.7291666666666665,36.0,23.54895833333333,45.73645833333333,8,96,0.083
2025-11-27,Bathroom,Heater,1.0338,43.072916666666664,1652.0,23.323958333333334,45.473958333333336,2,96,0.021
2025-11-27,Bathroom,Lights,0.074,3.0833333333333335,37.0,23.323958333333334,45.473958333333336,5,96,0.052
2025-11-27,Bedroom,AC,1.8780000000000001,78.25,1593.0,23.323958333333334,45.473958333333336,2,96,0.021
2025-11-27,Bedroom,Fan,0.3275,13.822916666666666,93.0,23.323958333333334,45.473958333333336,11,96,0.115
2025-11-27,Bedroom,Lights,0.1196,4.979166666666667,39.0,23.323958333333334,45.473958333333336,11,96,0.115
2025-11-27,Kitchen,Heater,3.1532,131.38541666666666,2327.0,23.323958333333334,45.473958333333336,6,96,0.062
2025-11-27,Kitchen,Lights,0.0881,3.6770833333333335,40.0,23.323958333333334,45.473958333333336,8,96,0.083
2025-11-27,Living Room,AC,4.1123,171.34375,1727.0,23.323958333333334,45.473958333333336,9,96,0.094
2025-11-27,Living Room,Fan,0.3779,15.916666666666666,98.0,23.323958333333334,45.473958333333336,14,96,0.146
2025-11-27,Living Room,Lights,0.0773,3.21875,39.0,23.323958333333334,45.473958333333336,6,96,0.062
2025-11-27,Office,AC,2.0757,86.48958333333333,1263.0,23.323958333333334,45.473958333333336,3,96,0.031
2025-11-27,Office,Fan,0.39039999999999997,16.4375,97.0,23.323958333333334,45.473958333333336,15,96,0.156
2025-11-27,Office,Lights,0.1013,4.21875,39.0,23.323958333333334,45.473958333333336,10,96,0.104
2025-11-28,Bathroom,Heater,2.3685,98.6875,2452.0,23.608333333333334,45.315625000000004,4,96,0.042
2025-11-28,Bathroom,Lights,0.0979,4.072916666666667,35.0,23.608333333333334,45.315625000000004,9,96,0.094
2025-11-28,Bedroom,AC,3.9528000000000003,164.70833333333334,1677.0,23.608333333333334,45.315625000000004,8,96,0.083
2025-11-28,Bedroom,Fan,0.415,17.46875,100.0,23.608333333333334,45.315625000000004,15,96,0.156
2025-11-28,Bedroom,Lights,0.0975,4.0625,39.0,23.608333333333334,45.315625000000004,8,96,0.083
2025-11-28,Kitchen,Heater,2.7994,116.64583333333333,2362.0,23.608333333333334,45.315625000000004,5,96,0.052
2025-11-28,Kitchen,Lights,0.102,4.25,38.0,23.608333333333334,45.315625000000004,9,96,0.094
2025-11-28,Living Room,AC,4.3716,182.15625,1762.0,23.608333333333334,45.315625000000004,9,96,0.094
2025-11-28,Living Room,Fan,0.3266,13.770833333333334,91.0,23.608333333333334,45.315625000000004,12,96,0.125
2025-11-28,Living Room,Lights,0.0903,3.7604166666666665,34.0,23.608333333333334,45.315625000000004,7,96,0.073
2025-11-28,Office,AC,2.749,114.54166666666667,1608.0,23.608333333333334,45.315625000000004,5,96,0.052
2025-11-28,Office,Fan,0.21619999999999998,9.197916666666666,94.0,23.608333333333334,45.315625000000004,6,96,0.062
2025-11-28,Office,Lights,0.0815,3.3958333333333335,30.0,23.608333333333334,45.315625000000004,7,96,0.073
2025-11-29,Bathroom,Heater,1.2315,51.3125,2018.0,23.569791666666664,45.885416666666664,2,96,0.021
2025-11-29,Bathroom,Lights,0.1019,4.25,40.0,23.569791666666664,45.885416666666664,10,96,0.104
2025-11-29,Bedroom,AC,5.917,246.54166666666666,1724.0,23.569791666666664,45.885416666666664,14,96,0.146
2025-11-29,Bedroom,Fan,0.3272,13.802083333333334,100.0,23.569791666666664,45.885416666666664,12,96,0.125
2025-11-29,Bedroom,Lights,0.0859,3.5729166666666665,39.0,23.569791666666664,45.885416666666664,6,96,0.062
2025-11-29,Kitchen,Heater,2.7634,115.14583333333333,2410.0,23.569791666666664,45.885416666666664,5,96,0.052
2025-11-29,Kitchen,Lights,0.0978,4.072916666666667,40.0,23.569791666666664,45.885416666666664,8,96,0.083
2025-11-29,Living Room,AC,4.9925,208.02083333333334,1793.0,23.569791666666664,45.885416666666664,11,96,0.115
2025-11-29,Living Room,Fan,0.4528,19.041666666666668,98.0,23.569791666666664,45.885416666666664,17,96,0.177
2025-11-29,Living Room,Lights,0.1004,4.1875,33.0,23.569791666666664,45.885416666666664,10,96,0.104
2025-11-29,Office,AC,5.4342,226.42708333333334,1736.0,23.569791666666664,45.885416666666664,13,96,0.135
2025-11-29,Office,Fan,0.25429999999999997,10.78125,100.0,23.569791666666664,45.885416666666664,7,96,0.073
2025-11-29,Office,Lights,0.1241,5.166666666666667,40.0,23.569791666666664,45.885416666666664,11,96,0.115
2025-11-30,Bathroom,Heater,2.1087,87.86458333333333,2075.0,23.526041666666668,45.26770833333333,4,96,0.042
2025-11-30,Bathroom,Lights,0.0904,3.7604166666666665,32.0,23.526041666666668,45.26770833333333,9,96,0.094
2025-11-30,Bedroom,AC,4.8149,200.625,1733.0,23.526041666666668,45.26770833333333,11,96,0.115
2025-11-30,Bedroom,Fan,0.3604,15.197916666666666,97.0,23.526041666666668,45.26770833333333,13,96,0.135
2025-11-30,Bedroom,Lights,0.0925,3.8541666666666665,33.0,23.526041666666668,45.26770833333333,10,96,0.104
2025-11-30,Kitchen,Heater,2.7276000000000002,113.64583333333333,2341.0,23.526041666666668,45.26770833333333,5,96,0.052
2025-11-30,Kitchen,Lights,0.0808,3.3645833333333335,35.0,23.526041666666668,45.26770833333333,6,96,0.062
2025-11-30,Living Room,AC,3.8738,161.40625,1771.0,23.526041666666668,45.26770833333333,8,96,0.083
2025-11-30,Living Room,Fan,0.4225,17.760416666666668,98.0,23.526041666666668,45.26770833333333,16,96,0.167
2025-11-30,Living Room,Lights,0.0984,4.104166666666667,40.0,23.526041666666668,45.26770833333333,9,96,0.094
2025-11-30,Office,AC,6.3339,263.90625,1775.0,23.526041666666668,45.26770833333333,15,96,0.156
2025-11-30,Office,Fan,0.2731,11.5625,98.0,23.526041666666668,45.26770833333333,9,96,0.094
2025-11-30,Office,Lights,0.1298,5.40625,40.0,23.526041666666668,45.26770833333333,11,96,0.115
2025-12-01,Bathroom,Heater,1.4482,60.34375,1746.0,19.505208333333332,45.54791666666667,3,96,0.031
2025-12-01,Bathroom,Lights,0.07050000000000001,2.9375,34.0,19.505208333333332,45.54791666666667,5,96,0.052
2025-12-01,Bedroom,AC,3.7631,156.80208333333334,1625.0,19.505208333333332,45.54791666666667,8,96,0.083
2025-12-01,Bedroom,Fan,0.4478,18.8125,98.0,19.505208333333332,45.54791666666667,16,96,0.167
2025-12-01,Bedroom,Lights,0.0702,2.9270833333333335,37.0,19.505208333333332,45.54791666666667,4,96,0.042
2025-12-01,Kitchen,Heater,0.8583000000000001,35.760416666666664,2483.0,19.505208333333332,45.54791666666667,1,96,0.01
2025-12-01,Kitchen,Lights,0.0698,2.90625,22.0,19.505208333333332,45.54791666666667,6,96,0.062
2025-12-01,Living Room,AC,3.9882,166.16666666666666,1736.0,19.505208333333332,45.54791666666667,8,96,0.083
2025-12-01,Living Room,Fan,0.3584,15.114583333333334,100.0,19.505208333333332,45.54791666666667,12,96,0.125
2025-12-01,Living Room,Lights,0.083,3.4583333333333335,38.0,19.505208333333332,45.54791666666667,5,96,0.052
2025-12-01,Office,AC,2.2739000000000003,94.75,1777.0,19.505208333333332,45.54791666666667,3,96,0.031
2025-12-01,Office,Fan,0.23859999999999998,10.135416666666666,93.0,19.505208333333332,45.54791666666667,7,96,0.073
2025-12-01,Office,Lights,0.0956,3.9791666666666665,38.0,19.505208333333332,45.54791666666667,8,96,0.083
2025-12-02,Bathroom,Heater,2.1546,89.77083333333333,2243.0,19.275000000000002,45.275,4,96,0.042
2025-12-02,Bathroom,Lights,0.0973,4.052083333333333,39.0,19.275000000000002,45.275,9,96,0.094
2025-12-02,Bedroom,AC,4.4196,184.14583333333334,1639.0,19.275000000000002,45.275,10,96,0.104
2025-12-02,Bedroom,Fan,0.2708,11.46875,99.0,19.275000000000002,45.275,8,96,0.083
2025-12-02,Bedroom,Lights,0.0902,3.7604166666666665,33.0,19.275000000000002,45.275,8,96,0.083
2025-12-02,Kitchen,Heater,2.6295,109.5625,2224.0,19.275000000000002,45.275,5,96,0.052
2025-12-02,Kitchen,Lights,0.1068,4.447916666666667,40.0,19.275000000000002,45.275,9,96,0.094
2025-12-02,Living Room,AC,3.3447,139.36458333333334,1768.0,19.275000000000002,45.275,6,96,0.062
2025-12-02,Living Room,Fan,0.254,10.770833333333334,98.0,19.275000000000002,45.275,7,96,0.073
2025-12-02,Living Room,Lights,0.0751,3.125,35.0,19.275000000000002,45.275,5,96,0.052
2025-12-02,Office,AC,4.2927,178.86458333333334,1740.0,19.275000000000002,45.275,9,96,0.094
2025-12-02,Office,Fan,0.3972,16.71875,100.0,19.275000000000002,45.275,14,96,0.146
2025-12-02,Office,Lights,0.0557,2.3229166666666665,33.0,19.275000000000002,45.275,1,96,0.01
2025-12-03,Bathroom,Heater,1.4648,61.03125,2460.0,19.622916666666665,45.553125,2,96,0.021
2025-12-03,Bathroom,Lights,0.1266,5.28125,39.0,19.622916666666665,45.553125,12,96,0.125
2025-12-03,Bedroom,AC,3.2965,137.35416666666666,1647.0,19.622916666666665,45.553125,6,96,0.062
2025-12-03,Bedroom,Fan,0.2915,12.322916666666666,100.0,19.622916666666665,45.553125,10,96,0.104
2025-12-03,Bedroom,Lights,0.0937,3.90625,39.0,19.622916666666665,45.553125,8,96,0.083
2025-12-03,Kitchen,Heater,1.1303,47.09375,1971.0,19.622916666666665,45.553125,2,96,0.021
2025-12-03,Kitchen,Lights,0.1129,4.697916666666667,38.0,19.622916666666665,45.553125,12,96,0.125
2025-12-03,Living Room,AC,2.4163,100.67708333333333,1539.0,19.622916666666665,45.553125,4,96,0.042
2025-12-03,Living Room,Fan,0.2848,12.041666666666666,96.0,19.622916666666665,45.553125,9,96,0.094
2025-12-03,Living Room,Lights,0.08,3.3333333333333335,33.0,19.622916666666665,45.553125,6,96,0.062
2025-12-03,Office,AC,3.4467,143.61458333333334,1523.0,19.622916666666665,45.553125,7,96,0.073
2025-12-03,Office,Fan,0.25289999999999996,10.71875,92.0,19.622916666666665,45.553125,8,96,0.083
2025-12-03,Office,Lights,0.0995,4.145833333333333,35.0,19.622916666666665,45.553125,9,96,0.094
2025-12-04,Bathroom,Heater,0.24,10.0,10.0,19.573958333333334,46.00416666666666,0,96,0.0
2025-12-04,Bathroom,Lights,0.061500000000000006,2.5625,33.0,19.573958333333334,46.00416666666666,3,96,0.031
2025-12-04,Bedroom,AC,4.2023,175.09375,1787.0,19.573958333333334,46.00416666666666,9,96,0.094
2025-12-04,Bedroom,Fan,0.2791,11.8125,95.0,19.573958333333334,46.00416666666666,9,96,0.094
2025-12-04,Bedroom,Lights,0.0691,2.875,35.0,19.573958333333334,46.00416666666666,4,96,0.042
2025-12-04,Kitchen,Heater,0.8492999999999999,35.385416666666664,2447.0,19.573958333333334,46.00416666666666,1,96,0.01
2025-12-04,Kitchen,Lights,0.084,3.5,39.0,19.573958333333334,46.00416666666666,5,96,0.052
2025-12-04,Living Room,AC,3.1429,130.94791666666666,1677.0,19.573958333333334,46.00416666666666,6,96,0.062
2025-12-04,Living Room,Fan,0.3386,14.291666666666666,99.0,19.573958333333334,46.00416666666666,11,96,0.115
2025-12-04,Living Room,Lights,0.0892,3.71875,38.0,19.573958333333334,46.00416666666666,7,96,0.073
2025-12-04,Office,AC,2.8936,120.5625,1690.0,19.573958333333334,46.00416666666666,5,96,0.052
2025-12-04,Office,Fan,0.25939999999999996,10.989583333333334,100.0,19.573958333333334,46.00416666666666,7,96,0.073
2025-12-04,Office,Lights,0.1068,4.447916666666667,34.0,19.573958333333334,46.00416666666666,11,96,0.115
2025-12-05,Bathroom,Heater,3.4684,144.52083333333334,2492.0,19.344791666666666,45.31875,6,96,0.062
2025-12-05,Bathroom,Lights,0.0983,4.09375,40.0,19.344791666666666,45.31875,9,96,0.094
2025-12-05,Bedroom,AC,3.7808,157.52083333333334,1771.0,19.344791666666666,45.31875,7,96,0.073
2025-12-05,Bedroom,Fan,0.295,12.46875,99.0,19.344791666666666,45.31875,9,96,0.094
2025-12-05,Bedroom,Lights,0.091,3.7916666666666665,38.0,19.344791666666666,45.31875,8,96,0.083
2025-12-05,Kitchen,Heater,2.3295,97.0625,2484.0,19.344791666666666,45.31875,4,96,0.042
2025-12-05,Kitchen,Lights,0.1221,5.09375,40.0,19.344791666666666,45.31875,11,96,0.115
2025-12-05,Living Room,AC,2.809,117.04166666666667,1707.0,19.344791666666666,45.31875,5,96,0.052
2025-12-05,Living Room,Fan,0.2663,11.28125,93.0,19.344791666666666,45.31875,8,96,0.083
2025-12-05,Living Room,Lights,0.0838,3.4895833333333335,36.0,19.344791666666666,45.31875,6,96,0.062
2025-12-05,Office,AC,2.654,110.58333333333333,1644.0,19.344791666666666,45.31875,4,96,0.042
2025-12-05,Office,Fan,0.36069999999999997,15.197916666666666,100.0,19.344791666666666,45.31875,12,96,0.125
2025-12-05,Office,Lights,0.0926,3.8541666666666665,35.0,19.344791666666666,45.31875,8,96,0.083
2025-12-06,Bathroom,Heater,1.8432,76.80208333333333,2364.0,19.472916666666666,45.41770833333334,3,96,0.031
2025-12-06,Bathroom,Lights,0.0826,3.4375,35.0,19.472916666666666,45.41770833333334,6,96,0.062
2025-12-06,Bedroom,AC,5.3683,223.67708333333334,1743.0,19.472916666666666,45.41770833333334,12,96,0.125
2025-12-06,Bedroom,Fan,0.2989,12.635416666666666,94.0,19.472916666666666,45.41770833333334,10,96,0.104
2025-12-06,Bedroom,Lights,0.0897,3.7291666666666665,40.0,19.472916666666666,45.41770833333334,7,96,0.073
2025-12-06,Kitchen,Heater,1.9234,80.14583333333333,2342.0,19.472916666666666,45.41770833333334,3,96,0.031
2025-12-06,Kitchen,Lights,0.1156,4.8125,40.0,19.472916666666666,45.41770833333334,10,96,0.104
2025-12-06,Living Room,AC,4.9338,205.58333333333334,1757.0,19.472916666666666,45.41770833333334,11,96,0.115
2025-12-06,Living Room,Fan,0.3061,12.927083333333334,86.0,19.472916666666666,45.41770833333334,11,96,0.115
2025-12-06,Living Room,Lights,0.1101,4.583333333333333,37.0,19.472916666666666,45.41770833333334,12,96,0.125
2025-12-06,Office,AC,7.5854,316.0625,1740.0,19.472916666666666,45.41770833333334,19,96,0.198
2025-12-06,Office,Fan,0.3709,15.635416666666666,100.0,19.472916666666666,45.41770833333334,13,96,0.135
2025-12-06,Office,Lights,0.1183,4.927083333333333,40.0,19.472916666666666,45.41770833333334,12,96,0.125
2025-12-07,Bathroom,Heater,1.1868,49.447916666666664,2284.0,19.681250000000002,46.15,2,96,0.021
2025-12-07,Bathroom,Lights,0.0883,3.6770833333333335,40.0,19.681250000000002,46.15,6,96,0.062
2025-12-07,Bedroom,AC,4.8695,202.90625,1800.0,19.681250000000002,46.15,10,96,0.104
2025-12-07,Bedroom,Fan,0.40149999999999997,16.895833333333332,95.0,19.681250000000002,46.15,15,96,0.156
2025-12-07,Bedroom,Lights,0.08940000000000001,3.7291666666666665,38.0,19.681250000000002,46.15,8,96,0.083
2025-12-07,Kitchen,Heater,2.1565,89.85416666666667,2039.0,19.681250000000002,46.15,4,96,0.042
2025-12-07,Kitchen,Lights,0.0939,3.9166666666666665,33.0,19.681250000000002,46.15,7,96,0.073
2025-12-07,Living Room,AC,3.8469,160.29166666666666,1573.0,19.681250000000002,46.15,8,96,0.083
2025-12-07,Living Room,Fan,0.2244,9.53125,98.0,19.681250000000002,46.15,6,96,0.062
2025-12-07,Living Room,Lights,0.0807,3.3645833333333335,38.0,19.681250000000002,46.15,6,96,0.062
2025-12-07,Office,AC,7.4595,310.8125,1776.0,19.681250000000002,46.15,19,96,0.198
2025-12-07,Office,Fan,0.25329999999999997,10.739583333333334,93.0,19.681250000000002,46.15,8,96,0.083
2025-12-07,Office,Lights,0.0811,3.375,30.0,19.681250000000002,46.15,6,96,0.062
2025-12-08,Bathroom,Heater,2.5083,104.51041666666667,2066.0,19.425,45.78229166666667,5,96,0.052
2025-12-08,Bathroom,Lights,0.0803,3.34375,36.0,19.425,45.78229166666667,5,96,0.052
2025-12-08,Bedroom,AC,2.6758,111.48958333333333,1350.0,19.425,45.78229166666667,5,96,0.052
2025-12-08,Bedroom,Fan,0.2704,11.447916666666666,95.0,19.425,45.78229166666667,8,96,0.083
2025-12-08,Bedroom,Lights,0.0721,3.0,32.0,19.425,45.78229166666667,5,96,0.052
2025-12-08,Kitchen,Heater,2.085,86.875,2293.0,19.425,45.78229166666667,4,96,0.042
2025-12-08,Kitchen,Lights,0.07970000000000001,3.3229166666666665,40.0,19.425,45.78229166666667,4,96,0.042
2025-12-08,Living Room,AC,2.8029,116.79166666666667,1722.0,19.425,45.78229166666667,5,96,0.052
2025-12-08,Living Room,Fan,0.2035,8.666666666666666,85.0,19.425,45.78229166666667,5,96,0.052
2025-12-08,Living Room,Lights,0.07930000000000001,3.3020833333333335,39.0,19.425,45.78229166666667,5,96,0.052
2025-12-08,Office,AC,3.7973,158.22916666666666,1721.0,19.425,45.78229166666667,8,96,0.083
2025-12-08,Office,Fan,0.2736,11.583333333333334,95.0,19.425,45.78229166666667,9,96,0.094
2025-12-08,Office,Lights,0.0563,2.34375,35.0,19.425,45.78229166666667,1,96,0.01
2025-12-09,Bathroom,Heater,0.24,10.0,10.0,19.622916666666665,45.33020833333333,0,96,0.0
2025-12-09,Bathroom,Lights,0.0856,3.5625,35.0,19.622916666666665,45.33020833333333,8,96,0.083
2025-12-09,Bedroom,AC,3.4385000000000003,143.27083333333334,1761.0,19.622916666666665,45.33020833333333,7,96,0.073
2025-12-09,Bedroom,Fan,0.2892,12.21875,98.0,19.622916666666665,45.33020833333333,10,96,0.104
2025-12-09,Bedroom,Lights,0.0695,2.8958333333333335,31.0,19.622916666666665,45.33020833333333,5,96,0.052
2025-12-09,Kitchen,Heater,3.1165,129.85416666666666,2442.0,19.622916666666665,45.33020833333333,5,96,0.052
2025-12-09,Kitchen,Lights,0.1093,4.5625,36.0,19.622916666666665,45.33020833333333,11,96,0.115
2025-12-09,Living Room,AC,2.9994,124.97916666666667,1712.0,19.622916666666665,45.33020833333333,5,96,0.052
2025-12-09,Living Room,Fan,0.35459999999999997,14.947916666666666,100.0,19.622916666666665,45.33020833333333,12,96,0.125
2025-12-09,Living Room,Lights,0.0625,2.6041666666666665,34.0,19.622916666666665,45.33020833333333,2,96,0.021
2025-12-09,Office,AC,3.7644,156.85416666666666,1695.0,19.622916666666665,45.33020833333333,8,96,0.083
2025-12-09,Office,Fan,0.30729999999999996,12.979166666666666,98.0,19.622916666666665,45.33020833333333,10,96,0.104
2025-12-09,Office,Lights,0.0901,3.75,40.0,19.622916666666665,45.33020833333333,7,96,0.073
2025-12-10,Bathroom,Heater,1.2983,54.09375,2434.0,19.573958333333334,45.52291666666667,2,96,0.021
2025-12-10,Bathroom,Lights,0.1328,5.53125,35.0,19.573958333333334,45.52291666666667,17,96,0.177
2025-12-10,Bedroom,AC,2.499,104.125,1461.0,19.573958333333334,45.52291666666667,4,96,0.042
2025-12-10,Bedroom,Fan,0.2557,10.833333333333334,95.0,19.573958333333334,45.52291666666667,7,96,0.073
2025-12-10,Bedroom,Lights,0.0837,3.4895833333333335,38.0,19.573958333333334,45.52291666666667,5,96,0.052
2025-12-10,Kitchen,Heater,2.7016999999999998,112.57291666666667,2360.0,19.573958333333334,45.52291666666667,5,96,0.052
2025-12-10,Kitchen,Lights,0.1133,4.71875,39.0,19.573958333333334,45.52291666666667,12,96,0.125
2025-12-10,Living Room,AC,4.1640999999999995,173.51041666666666,1738.0,19.573958333333334,45.52291666666667,9,96,0.094
2025-12-10,Living Room,Fan,0.3265,13.78125,100.0,19.573958333333334,45.52291666666667,12,96,0.125
2025-12-10,Living Room,Lights,0.1057,4.40625,40.0,19.573958333333334,45.52291666666667,9,96,0.094
2025-12-10,Office,AC,2.9276,121.97916666666667,1377.0,19.573958333333334,45.52291666666667,6,96,0.062
2025-12-10,Office,Fan,0.24639999999999998,10.447916666666666,96.0,19.573958333333334,45.52291666666667,7,96,0.073
2025-12-10,Office,Lights,0.0852,3.5416666666666665,35.0,19.573958333333334,45.52291666666667,6,96,0.062
2025-12-11,Bathroom,Heater,1.5933,66.38541666666667,2123.0,19.734375,45.33958333333334,3,96,0.031
2025-12-11,Bathroom,Lights,0.0761,3.1770833333333335,37.0,19.734375,45.33958333333334,5,96,0.052
2025-12-11,Bedroom,AC,2.6588000000000003,110.78125,1399.0,19.734375,45.33958333333334,5,96,0.052
2025-12-11,Bedroom,Fan,0.2463,10.447916666666666,97.0,19.734375,45.33958333333334,7,96,0.073
2025-12-11,Bedroom,Lights,0.093,3.8645833333333335,39.0,19.734375,45.33958333333334,8,96,0.083
2025-12-11,Kitchen,Heater,1.2388,51.614583333333336,2264.0,19.734375,45.33958333333334,2,96,0.021
2025-12-11,Kitchen,Lights,0.069,2.875,31.0,19.734375,45.33958333333334,4,96,0.042
2025-12-11,Living Room,AC,3.3323,138.84375,1748.0,19.734375,45.33958333333334,6,96,0.062
2025-12-11,Living Room,Fan,0.3006,12.697916666666666,95.0,19.734375,45.33958333333334,10,96,0.104
2025-12-11,Living Room,Lights,0.0745,3.1041666666666665,37.0,19.734375,45.33958333333334,5,96,0.052
2025-12-11,Office,AC,3.5696000000000003,148.73958333333334,1785.0,19.734375,45.33958333333334,7,96,0.073
2025-12-11,Office,Fan,0.2909,12.302083333333334,99.0,19.734375,45.33958333333334,9,96,0.094
2025-12-11,Office,Lights,0.0827,3.4479166666666665,37.0,19.734375,45.33958333333334,5,96,0.052
2025-12-12,Bathroom,Heater,1.1885,49.520833333333336,2114.0,19.384375000000002,45.61354166666666,2,96,0.021
2025-12-12,Bathroom,Lights,0.0851,3.5520833333333335,33.0,19.384375000000002,45.61354166666666,7,96,0.073
2025-12-12,Bedroom,AC,1.473,61.375,1142.0,19.384375000000002,45.61354166666666,1,96,0.01
2025-12-12,Bedroom,Fan,0.29019999999999996,12.270833333333334,92.0,19.384375000000002,45.61354166666666,10,96,0.104
2025-12-12,Bedroom,Lights,0.083,3.4583333333333335,37.0,19.384375000000002,45.61354166666666,6,96,0.062
2025-12-12,Kitchen,Heater,0.6553,27.302083333333332,1671.0,19.384375000000002,45.61354166666666,1,96,0.01
2025-12-12,Kitchen,Lights,0.0913,3.8020833333333335,38.0,19.384375000000002,45.61354166666666,7,96,0.073
2025-12-12,Living Room,AC,2.5242,105.17708333333333,1389.0,19.384375000000002,45.61354166666666,4,96,0.042
2025-12-12,Living Room,Fan,0.2203,9.364583333333334,98.0,19.384375000000002,45.61354166666666,6,96,0.062
2025-12-12,Living Room,Lights,0.0872,3.6354166666666665,38.0,19.384375000000002,45.61354166666666,5,96,0.052
2025-12-12,Office,AC,3.7329,155.53125,1730.0,19.384375000000002,45.61354166666666,7,96,0.073
2025-12-12,Office,Fan,0.23429999999999998,9.947916666666666,91.0,19.384375000000002,45.61354166666666,7,96,0.073
2025-12-12,Office,Lights,0.0966,4.020833333333333,37.0,19.384375000000002,45.61354166666666,8,96,0.083
2025-12-13,Bathroom,Heater,0.7613000000000001,31.71875,2095.0,19.620833333333334,45.80416666666667,1,96,0.01
2025-12-13,Bathroom,Lights,0.0798,3.3229166666666665,40.0,19.620833333333334,45.80416666666667,5,96,0.052
2025-12-13,Bedroom,AC,5.5183,229.92708333333334,1744.0,19.620833333333334,45.80416666666667,13,96,0.135
2025-12-13,Bedroom,Fan,0.524,21.989583333333332,100.0,19.620833333333334,45.80416666666667,21,96,0.219
2025-12-13,Bedroom,Lights,0.1138,4.729166666666667,34.0,19.620833333333334,45.80416666666667,12,96,0.125
2025-12-13,Kitchen,Heater,0.24,10.0,10.0,19.620833333333334,45.80416666666667,0,96,0.0
2025-12-13,Kitchen,Lights,0.09129999999999999,3.8020833333333335,39.0,19.620833333333334,45.80416666666667,7,96,0.073
2025-12-13,Living Room,AC,5.6668,236.11458333333334,1772.0,19.620833333333334,45.80416666666667,14,96,0.146
2025-12-13,Living Room,Fan,0.3509,14.802083333333334,99.0,19.620833333333334,45.80416666666667,12,96,0.125
2025-12-13,Living Room,Lights,0.08360000000000001,3.4791666666666665,35.0,19.620833333333334,45.80416666666667,6,96,0.062
2025-12-13,Office,AC,6.1687,257.0208333333333,1799.0,19.620833333333334,45.80416666666667,15,96,0.156
2025-12-13,Office,Fan,0.3162,13.354166666666666,96.0,19.620833333333334,45.80416666666667,11,96,0.115
2025-12-13,Office,Lights,0.0665,2.7708333333333335,36.0,19.620833333333334,45.80416666666667,3,96,0.031
2025-12-14,Bathroom,Heater,1.3467,56.114583333333336,2470.0,19.341666666666665,45.331250000000004,2,96,0.021
2025-12-14,Bathroom,Lights,0.1274,5.302083333333333,38.0,19.341666666666665,45.331250000000004,13,96,0.135
2025-12-14,Bedroom,AC,5.2989,220.79166666666666,1788.0,19.341666666666665,45.331250000000004,12,96,0.125
2025-12-14,Bedroom,Fan,0.33599999999999997,14.166666666666666,99.0,19.341666666666665,45.331250000000004,12,96,0.125
2025-12-14,Bedroom,Lights,0.11649999999999999,4.854166666666667,40.0,19.341666666666665,45.331250000000004,11,96,0.115
2025-12-14,Kitchen,Heater,0.6847,28.53125,1789.0,19.341666666666665,45.331250000000004,1,96,0.01
2025-12-14,Kitchen,Lights,0.1051,4.375,40.0,19.341666666666665,45.331250000000004,10,96,0.104
2025-12-14,Living Room,AC,4.8511,202.13541666666666,1786.0,19.341666666666665,45.331250000000004,10,96,0.104
2025-12-14,Living Room,Fan,0.4475,18.8125,100.0,19.341666666666665,45.331250000000004,17,96,0.177
2025-12-14,Living Room,Lights,0.0975,4.0625,36.0,19.341666666666665,45.331250000000004,10,96,0.104
2025-12-14,Office,AC,4.3523000000000005,181.34375,1667.0,19.341666666666665,45.331250000000004,9,96,0.094
2025-12-14,Office,Fan,0.3065,12.947916666666666,99.0,19.341666666666665,45.331250000000004,10,96,0.104
2025-12-14,Office,Lights,0.1097,4.572916666666667,40.0,19.341666666666665,45.331250000000004,9,96,0.094
2025-12-15,Bathroom,Heater,1.1824999999999999,49.270833333333336,1900.0,19.426041666666666,45.47708333333333,2,96,0.021
2025-12-15,Bathroom,Lights,0.0576,2.3958333333333335,23.0,19.426041666666666,45.47708333333333,2,96,0.021
2025-12-15,Bedroom,AC,3.1725,132.1875,1796.0,19.426041666666666,45.47708333333333,5,96,0.052
2025-12-15,Bedroom,Fan,0.3423,14.427083333333334,96.0,19.426041666666666,45.47708333333333,13,96,0.135
2025-12-15,Bedroom,Lights,0.0733,3.0520833333333335,31.0,19.426041666666666,45.47708333333333,5,96,0.052
2025-12-15,Kitchen,Heater,1.2628,52.614583333333336,2188.0,19.426041666666666,45.47708333333333,2,96,0.021
2025-12-15,Kitchen,Lights,0.0694,2.8854166666666665,27.0,19.426041666666666,45.47708333333333,6,96,0.062
2025-12-15,Living Room,AC,3.4616000000000002,144.22916666666666,1768.0,19.426041666666666,45.47708333333333,7,96,0.073
2025-12-15,Living Room,Fan,0.45249999999999996,19.020833333333332,98.0,19.426041666666666,45.47708333333333,18,96,0.188
2025-12-15,Living Room,Lights,0.089,3.7083333333333335,39.0,19.426041666666666,45.47708333333333,6,96,0.062
2025-12-15,Office,AC,2.9418,122.57291666666667,1707.0,19.426041666666666,45.47708333333333,5,96,0.052
2025-12-15,Office,Fan,0.27899999999999997,11.802083333333334,92.0,19.426041666666666,45.47708333333333,9,96,0.094
2025-12-15,Office,Lights,0.0974,4.0625,38.0,19.426041666666666,45.47708333333333,8,96,0.083
2025-12-16,Bathroom,Heater,1.5358,63.989583333333336,1763.0,19.554166666666667,45.87395833333333,3,96,0.031
2025-12-16,Bathroom,Lights,0.0725,3.0208333333333335,40.0,19.554166666666667,45.87395833333333,4,96,0.042
2025-12-16,Bedroom,AC,2.4781,103.25,1779.0,19.554166666666667,45.87395833333333,4,96,0.042
2025-12-16,Bedroom,Fan,0.30019999999999997,12.6875,91.0,19.554166666666667,45.87395833333333,10,96,0.104
2025-12-16,Bedroom,Lights,0.08499999999999999,3.5416666666666665,32.0,19.554166666666667,45.87395833333333,6,96,0.062
2025-12-16,Kitchen,Heater,1.2664,52.770833333333336,2453.0,19.554166666666667,45.87395833333333,2,96,0.021
2025-12-16,Kitchen,Lights,0.1205,5.020833333333333,38.0,19.554166666666667,45.87395833333333,13,96,0.135
2025-12-16,Living Room,AC,2.9233000000000002,121.8125,1745.0,19.554166666666667,45.87395833333333,5,96,0.052
2025-12-16,Living Room,Fan,0.41009999999999996,17.25,98.0,19.554166666666667,45.87395833333333,15,96,0.156
2025-12-16,Living Room,Lights,0.0717,2.9895833333333335,34.0,19.554166666666667,45.87395833333333,4,96,0.042
2025-12-16,Office,AC,2.9009,120.875,1693.0,19.554166666666667,45.87395833333333,5,96,0.052
2025-12-16,Office,Fan,0.2244,9.541666666666666,77.0,19.554166666666667,45.87395833333333,7,96,0.073
2025-12-16,Office,Lights,0.07100000000000001,2.9583333333333335,35.0,19.554166666666667,45.87395833333333,4,96,0.042
2025-12-17,Bathroom,Heater,1.6861000000000002,70.25,2483.0,19.556250000000002,45.08229166666666,3,96,0.031
2025-12-17,Bathroom,Lights,0.0728,3.03125,37.0,19.556250000000002,45.08229166666666,5,96,0.052
2025-12-17,Bedroom,AC,2.9383,122.4375,1768.0,19.556250000000002,45.08229166666666,5,96,0.052
2025-12-17,Bedroom,Fan,0.2219,9.427083333333334,86.0,19.556250000000002,45.08229166666666,6,96,0.062
2025-12-17,Bedroom,Lights,0.0849,3.53125,32.0,19.556250000000002,45.08229166666666,7,96,0.073
2025-12-17,Kitchen,Heater,3.0288,126.19791666666667,2456.0,19.556250000000002,45.08229166666666,5,96,0.052
2025-12-17,Kitchen,Lights,0.0847,3.53125,36.0,19.556250000000002,45.08229166666666,5,96,0.052
2025-12-17,Living Room,AC,3.0777,128.23958333333334,1473.0,19.556250000000002,45.08229166666666,6,96,0.062
2025-12-17,Living Room,Fan,0.3681,15.510416666666666,96.0,19.556250000000002,45.08229166666666,14,96,0.146
2025-12-17,Living Room,Lights,0.1116,4.645833333333333,39.0,19.556250000000002,45.08229166666666,10,96,0.104
2025-12-17,Office,AC,2.8776,119.90625,1754.0,19.556250000000002,45.08229166666666,5,96,0.052
2025-12-17,Office,Fan,0.2722,11.53125,98.0,19.556250000000002,45.08229166666666,8,96,0.083
2025-12-17,Office,Lights,0.0713,2.96875,30.0,19.556250000000002,45.08229166666666,4,96,0.042
2025-12-18,Bathroom,Heater,1.517,63.208333333333336,2077.0,19.540625000000002,45.87291666666667,3,96,0.031
2025-12-18,Bathroom,Lights,0.0991,4.125,40.0,19.540625000000002,45.87291666666667,8,96,0.083
2025-12-18,Bedroom,AC,2.857,119.04166666666667,1734.0,19.540625000000002,45.87291666666667,5,96,0.052
2025-12-18,Bedroom,Fan,0.34659999999999996,14.625,100.0,19.540625000000002,45.87291666666667,12,96,0.125
2025-12-18,Bedroom,Lights,0.0608,2.53125,35.0,19.540625000000002,45.87291666666667,3,96,0.031
2025-12-18,Kitchen,Heater,1.8594000000000002,77.47916666666667,2325.0,19.540625000000002,45.87291666666667,3,96,0.031
2025-12-18,Kitchen,Lights,0.10550000000000001,4.395833333333333,39.0,19.540625000000002,45.87291666666667,9,96,0.094
2025-12-18,Living Room,AC,4.4802,186.67708333333334,1735.0,19.540625000000002,45.87291666666667,10,96,0.104
2025-12-18,Living Room,Fan,0.3194,13.479166666666666,87.0,19.540625000000002,45.87291666666667,12,96,0.125
2025-12-18,Living Room,Lights,0.1094,4.5625,38.0,19.540625000000002,45.87291666666667,10,96,0.104
2025-12-18,Office,AC,2.8841,120.16666666666667,1599.0,19.540625000000002,45.87291666666667,5,96,0.052
2025-12-18,Office,Fan,0.298,12.59375,94.0,19.540625000000002,45.87291666666667,10,96,0.104
2025-12-18,Office,Lights,0.0983,4.09375,36.0,19.540625000000002,45.87291666666667,10,96,0.104
2025-12-19,Bathroom,Heater,2.2811,95.05208333333333,2297.0,19.646874999999998,45.473958333333336,4,96,0.042
2025-12-19,Bathroom,Lights,0.1032,4.302083333333333,39.0,19.646874999999998,45.473958333333336,10,96,0.104
2025-12-19,Bedroom,AC,3.1833,132.63541666666666,1643.0,19.646874999999998,45.473958333333336,6,96,0.062
2025-12-19,Bedroom,Fan,0.3377,14.25,98.0,19.646874999999998,45.473958333333336,11,96,0.115
2025-12-19,Bedroom,Lights,0.1003,4.177083333333333,40.0,19.646874999999998,45.473958333333336,10,96,0.104
2025-12-19,Kitchen,Heater,2.6524,110.52083333333333,2385.0,19.646874999999998,45.473958333333336,5,96,0.052
2025-12-19,Kitchen,Lights,0.0832,3.46875,35.0,19.646874999999998,45.473958333333336,6,96,0.062
2025-12-19,Living Room,AC,2.9279,122.0,1697.0,19.646874999999998,45.473958333333336,5,96,0.052
2025-12-19,Living Room,Fan,0.4889,20.541666666666668,100.0,19.646874999999998,45.473958333333336,20,96,0.208
2025-12-19,Living Room,Lights,0.0792,3.3020833333333335,33.0,19.646874999999998,45.473958333333336,6,96,0.062
2025-12-19,Office,AC,3.3582,139.92708333333334,1741.0,19.646874999999998,45.473958333333336,6,96,0.062
2025-12-19,Office,Fan,0.32589999999999997,13.760416666666666,100.0,19.646874999999998,45.473958333333336,11,96,0.115
2025-12-19,Office,Lights,0.093,3.875,40.0,19.646874999999998,45.473958333333336,7,96,0.073
2025-12-20,Bathroom,Heater,2.7752,115.63541666666667,2496.0,19.528125,45.31979166666667,5,96,0.052
2025-12-20,Bathroom,Lights,0.11939999999999999,4.96875,40.0,19.528125,45.31979166666667,11,96,0.115
2025-12-20,Bedroom,AC,6.9493,289.5625,1800.0,19.528125,45.31979166666667,16,96,0.167
2025-12-20,Bedroom,Fan,0.3355,14.15625,94.0,19.528125,45.31979166666667,12,96,0.125
2025-12-20,Bedroom,Lights,0.0938,3.90625,37.0,19.528125,45.31979166666667,7,96,0.073
2025-12-20,Kitchen,Heater,1.336,55.666666666666664,2327.0,19.528125,45.31979166666667,2,96,0.021
2025-12-20,Kitchen,Lights,0.0852,3.5416666666666665,36.0,19.528125,45.31979166666667,8,96,0.083
2025-12-20,Living Room,AC,5.2232,217.625,1792.0,19.528125,45.31979166666667,12,96,0.125
2025-12-20,Living Room,Fan,0.39449999999999996,16.604166666666668,100.0,19.528125,45.31979166666667,13,96,0.135
2025-12-20,Living Room,Lights,0.0904,3.7604166666666665,35.0,19.528125,45.31979166666667,7,96,0.073
2025-12-20,Office,AC,3.8095,158.72916666666666,1679.0,19.528125,45.31979166666667,8,96,0.083
2025-12-20,Office,Fan,0.3468,14.625,100.0,19.528125,45.31979166666667,12,96,0.125
2025-12-20,Office,Lights,0.1124,4.677083333333333,35.0,19.528125,45.31979166666667,12,96,0.125
2025-12-21,Bathroom,Heater,2.3581,98.25,2388.0,19.644791666666666,45.43333333333334,4,96,0.042
2025-12-21,Bathroom,Lights,0.0966,4.020833333333333,40.0,19.644791666666666,45.43333333333334,8,96,0.083
2025-12-21,Bedroom,AC,4.9785,207.4375,1771.0,19.644791666666666,45.43333333333334,12,96,0.125
2025-12-21,Bedroom,Fan,0.44029999999999997,18.510416666666668,100.0,19.644791666666666,45.43333333333334,17,96,0.177
2025-12-21,Bedroom,Lights,0.1019,4.239583333333333,40.0,19.644791666666666,45.43333333333334,10,96,0.104
2025-12-21,Kitchen,Heater,1.8394,76.64583333333333,2461.0,19.644791666666666,45.43333333333334,3,96,0.031
2025-12-21,Kitchen,Lights,0.1057,4.40625,40.0,19.644791666666666,45.43333333333334,7,96,0.073
2025-12-21,Living Room,AC,7.2705,302.9375,1792.0,19.644791666666666,45.43333333333334,17,96,0.177
2025-12-21,Living Room,Fan,0.365,15.385416666666666,93.0,19.644791666666666,45.43333333333334,14,96,0.146
2025-12-21,Living Room,Lights,0.1438,5.979166666666667,39.0,19.644791666666666,45.43333333333334,16,96,0.167
2025-12-21,Office,AC,5.1903,216.26041666666666,1773.0,19.644791666666666,45.43333333333334,12,96,0.125
2025-12-21,Office,Fan,0.48369999999999996,20.3125,100.0,19.644791666666666,45.43333333333334,19,96,0.198
2025-12-21,Office,Lights,0.08650000000000001,3.6041666666666665,40.0,19.644791666666666,45.43333333333334,8,96,0.083
2025-12-22,Bathroom,Heater,2.8696,119.5625,2404.0,19.486458333333335,46.00104166666667,5,96,0.052
2025-12-22,Bathroom,Lights,0.0822,3.4270833333333335,37.0,19.486458333333335,46.00104166666667,7,96,0.073
2025-12-22,Bedroom,AC,2.2341,93.08333333333333,1607.0,19.486458333333335,46.00104166666667,3,96,0.031
2025-12-22,Bedroom,Fan,0.4124,17.354166666666668,99.0,19.486458333333335,46.00104166666667,17,96,0.177
2025-12-22,Bedroom,Lights,0.0773,3.21875,35.0,19.486458333333335,46.00104166666667,6,96,0.062
2025-12-22,Kitchen,Heater,1.229,51.208333333333336,2453.0,19.486458333333335,46.00104166666667,2,96,0.021
2025-12-22,Kitchen,Lights,0.0739,3.0833333333333335,37.0,19.486458333333335,46.00104166666667,5,96,0.052
2025-12-22,Living Room,AC,2.7419000000000002,114.25,1425.0,19.486458333333335,46.00104166666667,5,96,0.052
2025-12-22,Living Room,Fan,0.251,10.645833333333334,100.0,19.486458333333335,46.00104166666667,7,96,0.073
2025-12-22,Living Room,Lights,0.1017,4.229166666666667,36.0,19.486458333333335,46.00104166666667,10,96,0.104
2025-12-22,Office,AC,1.8695000000000002,77.89583333333333,1620.0,19.486458333333335,46.00104166666667,2,96,0.021
2025-12-22,Office,Fan,0.2988,12.625,98.0,19.486458333333335,46.00104166666667,10,96,0.104
2025-12-22,Office,Lights,0.0944,3.9270833333333335,39.0,19.486458333333335,46.00104166666667,8,96,0.083
2025-12-23,Bathroom,Heater,3.4363,143.17708333333334,2239.0,19.485416666666666,45.32395833333334,7,96,0.073
2025-12-23,Bathroom,Lights,0.0536,2.2291666666666665,15.0,19.485416666666666,45.32395833333334,2,96,0.021
2025-12-23,Bedroom,AC,2.1683,90.34375,1799.0,19.485416666666666,45.32395833333334,3,96,0.031
2025-12-23,Bedroom,Fan,0.3038,12.84375,97.0,19.485416666666666,45.32395833333334,10,96,0.104
2025-12-23,Bedroom,Lights,0.0787,3.28125,40.0,19.485416666666666,45.32395833333334,5,96,0.052
2025-12-23,Kitchen,Heater,1.8605,77.52083333333333,2381.0,19.485416666666666,45.32395833333334,3,96,0.031
2025-12-23,Kitchen,Lights,0.0818,3.40625,40.0,19.485416666666666,45.32395833333334,6,96,0.062
2025-12-23,Living Room,AC,3.4815,145.0625,1785.0,19.485416666666666,45.32395833333334,6,96,0.062
2025-12-23,Living Room,Fan,0.2767,11.708333333333334,100.0,19.485416666666666,45.32395833333334,9,96,0.094
2025-12-23,Living Room,Lights,0.11,4.583333333333333,39.0,19.485416666666666,45.32395833333334,9,96,0.094
2025-12-23,Office,AC,3.8149,158.94791666666666,1774.0,19.485416666666666,45.32395833333334,8,96,0.083
2025-12-23,Office,Fan,0.32489999999999997,13.708333333333334,95.0,19.485416666666666,45.32395833333334,11,96,0.115
2025-12-23,Office,Lights,0.0794,3.3125,32.0,19.485416666666666,45.32395833333334,6,96,0.062
2025-12-24,Bathroom,Heater,2.6141,108.91666666666667,2367.0,19.358333333333334,45.15729166666667,5,96,0.052
2025-12-24,Bathroom,Lights,0.0948,3.9479166666666665,38.0,19.358333333333334,45.15729166666667,8,96,0.083
2025-12-24,Bedroom,AC,3.8595,160.8125,1621.0,19.358333333333334,45.15729166666667,8,96,0.083
2025-12-24,Bedroom,Fan,0.2534,10.75,97.0,19.358333333333334,45.15729166666667,7,96,0.073
2025-12-24,Bedroom,Lights,0.0701,2.9166666666666665,31.0,19.358333333333334,45.15729166666667,5,96,0.052
2025-12-24,Kitchen,Heater,1.6845,70.1875,2000.0,19.358333333333334,45.15729166666667,3,96,0.031
2025-12-24,Kitchen,Lights,0.0975,4.0625,36.0,19.358333333333334,45.15729166666667,8,96,0.083
2025-12-24,Living Room,AC,4.68,195.0,1781.0,19.358333333333334,45.15729166666667,10,96,0.104
2025-12-24,Living Room,Fan,0.3757,15.822916666666666,98.0,19.358333333333334,45.15729166666667,14,96,0.146
2025-12-24,Living Room,Lights,0.0936,3.90625,34.0,19.358333333333334,45.15729166666667,8,96,0.083
2025-12-24,Office,AC,3.6297,151.23958333333334,1658.0,19.358333333333334,45.15729166666667,7,96,0.073
2025-12-24,Office,Fan,0.3216,13.5625,96.0,19.358333333333334,45.15729166666667,11,96,0.115
2025-12-24,Office,Lights,0.072,3.0,38.0,19.358333333333334,45.15729166666667,5,96,0.052
2025-12-25,Bathroom,Heater,1.7843000000000002,74.34375,2466.0,19.301041666666666,46.06875,3,96,0.031
2025-12-25,Bathroom,Lights,0.0757,3.15625,34.0,19.301041666666666,46.06875,5,96,0.052
2025-12-25,Bedroom,AC,2.9365,122.35416666666667,1607.0,19.301041666666666,46.06875,6,96,0.062
2025-12-25,Bedroom,Fan,0.2857,12.083333333333334,95.0,19.301041666666666,46.06875,10,96,0.104
2025-12-25,Bedroom,Lights,0.0924,3.84375,35.0,19.301041666666666,46.06875,9,96,0.094
2025-12-25,Kitchen,Heater,1.797,74.875,2428.0,19.301041666666666,46.06875,3,96,0.031
2025-12-25,Kitchen,Lights,0.0943,3.9375,33.0,19.301041666666666,46.06875,8,96,0.083
2025-12-25,Living Room,AC,3.62,150.83333333333334,1729.0,19.301041666666666,46.06875,7,96,0.073
2025-12-25,Living Room,Fan,0.2789,11.791666666666666,95.0,19.301041666666666,46.06875,9,96,0.094
2025-12-25,Living Room,Lights,0.0666,2.7708333333333335,35.0,19.301041666666666,46.06875,3,96,0.031
2025-12-25,Office,AC,4.4207,184.19791666666666,1570.0,19.301041666666666,46.06875,10,96,0.104
2025-12-25,Office,Fan,0.2857,12.083333333333334,99.0,19.301041666666666,46.06875,9,96,0.094
2025-12-25,Office,Lights,0.0896,3.7395833333333335,37.0,19.301041666666666,46.06875,7,96,0.073
2025-12-26,Bathroom,Heater,4.0661,169.42708333333334,2472.0,19.740624999999998,45.11770833333333,8,96,0.083
2025-12-26,Bathroom,Lights,0.085,3.5416666666666665,36.0,19.740624999999998,45.11770833333333,8,96,0.083
2025-12-26,Bedroom,AC,3.4928,145.53125,1750.0,19.740624999999998,45.11770833333333,7,96,0.073
2025-12-26,Bedroom,Fan,0.24839999999999998,10.541666666666666,90.0,19.740624999999998,45.11770833333333,7,96,0.073
2025-12-26,Bedroom,Lights,0.0877,3.65625,40.0,19.740624999999998,45.11770833333333,6,96,0.062
2025-12-26,Kitchen,Heater,2.2173,92.38541666666667,2437.0,19.740624999999998,45.11770833333333,4,96,0.042
2025-12-26,Kitchen,Lights,0.1145,4.78125,33.0,19.740624999999998,45.11770833333333,12,96,0.125
2025-12-26,Living Room,AC,3.4706,144.60416666666666,1711.0,19.740624999999998,45.11770833333333,7,96,0.073
2025-12-26,Living Room,Fan,0.34409999999999996,14.510416666666666,100.0,19.740624999999998,45.11770833333333,12,96,0.125
2025-12-26,Living Room,Lights,0.0848,3.53125,38.0,19.740624999999998,45.11770833333333,6,96,0.062
2025-12-26,Office,AC,2.1874000000000002,91.14583333333333,1741.0,19.740624999999998,45.11770833333333,3,96,0.031
2025-12-26,Office,Fan,0.1812,7.739583333333333,85.0,19.740624999999998,45.11770833333333,4,96,0.042
2025-12-26,Office,Lights,0.0786,3.28125,34.0,19.740624999999998,45.11770833333333,5,96,0.052
2025-12-27,Bathroom,Heater,1.8027,75.11458333333333,2486.0,19.478125000000002,45.621874999999996,3,96,0.031
2025-12-27,Bathroom,Lights,0.0799,3.3229166666666665,37.0,19.478125000000002,45.621874999999996,6,96,0.062
2025-12-27,Bedroom,AC,7.4234,309.3020833333333,1774.0,19.478125000000002,45.621874999999996,18,96,0.188
2025-12-27,Bedroom,Fan,0.4052,17.041666666666668,98.0,19.478125000000002,45.621874999999996,16,96,0.167
2025-12-27,Bedroom,Lights,0.1065,4.4375,40.0,19.478125000000002,45.621874999999996,10,96,0.104
2025-12-27,Kitchen,Heater,1.3238,55.15625,2264.0,19.478125000000002,45.621874999999996,2,96,0.021
2025-12-27,Kitchen,Lights,0.0651,2.7083333333333335,36.0,19.478125000000002,45.621874999999996,4,96,0.042
2025-12-27,Living Room,AC,5.2316,217.98958333333334,1777.0,19.478125000000002,45.621874999999996,12,96,0.125
2025-12-27,Living Room,Fan,0.3759,15.833333333333334,97.0,19.478125000000002,45.621874999999996,13,96,0.135
2025-12-27,Living Room,Lights,0.1378,5.739583333333333,39.0,19.478125000000002,45.621874999999996,13,96,0.135
2025-12-27,Office,AC,4.9121,204.67708333333334,1700.0,19.478125000000002,45.621874999999996,11,96,0.115
2025-12-27,Office,Fan,0.3426,14.447916666666666,98.0,19.478125000000002,45.621874999999996,12,96,0.125
2025-12-27,Office,Lights,0.1022,4.25,40.0,19.478125000000002,45.621874999999996,12,96,0.125
2025-12-28,Bathroom,Heater,1.5402,64.17708333333333,1884.0,19.554166666666667,45.854166666666664,3,96,0.031
2025-12-28,Bathroom,Lights,0.1089,4.541666666666667,40.0,19.554166666666667,45.854166666666664,9,96,0.094
2025-12-28,Bedroom,AC,4.2732,178.04166666666666,1751.0,19.554166666666667,45.854166666666664,10,96,0.104
2025-12-28,Bedroom,Fan,0.33249999999999996,14.03125,98.0,19.554166666666667,45.854166666666664,12,96,0.125
2025-12-28,Bedroom,Lights,0.0863,3.59375,39.0,19.554166666666667,45.854166666666664,6,96,0.062
2025-12-28,Kitchen,Heater,2.7739000000000003,115.58333333333333,2302.0,19.554166666666667,45.854166666666664,5,96,0.052
2025-12-28,Kitchen,Lights,0.0849,3.53125,39.0,19.554166666666667,45.854166666666664,9,96,0.094
2025-12-28,Living Room,AC,4.8155,200.64583333333334,1678.0,19.554166666666667,45.854166666666664,11,96,0.115
2025-12-28,Living Room,Fan,0.35409999999999997,14.927083333333334,100.0,19.554166666666667,45.854166666666664,12,96,0.125
2025-12-28,Living Room,Lights,0.0993,4.135416666666667,39.0,19.554166666666667,45.854166666666664,8,96,0.083
2025-12-28,Office,AC,4.9643,206.84375,1748.0,19.554166666666667,45.854166666666664,11,96,0.115
2025-12-28,Office,Fan,0.24239999999999998,10.28125,93.0,19.554166666666667,45.854166666666664,7,96,0.073
2025-12-28,Office,Lights,0.0762,3.1770833333333335,33.0,19.554166666666667,45.854166666666664,5,96,0.052
2025-12-29,Bathroom,Heater,1.8885,78.6875,2488.0,19.517708333333335,45.07916666666667,3,96,0.031
2025-12-29,Bathroom,Lights,0.11460000000000001,4.770833333333333,40.0,19.517708333333335,45.07916666666667,9,96,0.094
2025-12-29,Bedroom,AC,4.9433,205.96875,1707.0,19.517708333333335,45.07916666666667,11,96,0.115
2025-12-29,Bedroom,Fan,0.3673,15.479166666666666,100.0,19.517708333333335,45.07916666666667,13,96,0.135
2025-12-29,Bedroom,Lights,0.105,4.375,40.0,19.517708333333335,45.07916666666667,10,96,0.104
2025-12-29,Kitchen,Heater,0.24,10.0,10.0,19.517708333333335,45.07916666666667,0,96,0.0
2025-12-29,Kitchen,Lights,0.064,2.6666666666666665,35.0,19.517708333333335,45.07916666666667,3,96,0.031
2025-12-29,Living Room,AC,3.1133,129.71875,1601.0,19.517708333333335,45.07916666666667,6,96,0.062
2025-12-29,Living Room,Fan,0.2557,10.833333333333334,99.0,19.517708333333335,45.07916666666667,7,96,0.073
2025-12-29,Living Room,Lights,0.0806,3.3541666666666665,28.0,19.517708333333335,45.07916666666667,6,96,0.062
2025-12-29,Office,AC,4.1197,171.65625,1798.0,19.517708333333335,45.07916666666667,9,96,0.094
2025-12-29,Office,Fan,0.3357,14.15625,99.0,19.517708333333335,45.07916666666667,11,96,0.115
2025-12-29,Office,Lights,0.1051,4.385416666666667,32.0,19.517708333333335,45.07916666666667,11,96,0.115
2025-12-30,Bathroom,Heater,3.0846,128.52083333333334,2142.0,19.653125,45.56354166666667,6,96,0.062
2025-12-30,Bathroom,Lights,0.0886,3.6979166666666665,29.0,19.653125,45.56354166666667,9,96,0.094
2025-12-30,Bedroom,AC,2.1375,89.0625,1689.0,19.653125,45.56354166666667,3,96,0.031
2025-12-30,Bedroom,Fan,0.2556,10.822916666666666,83.0,19.653125,45.56354166666667,8,96,0.083
2025-12-30,Bedroom,Lights,0.0927,3.8645833333333335,37.0,19.653125,45.56354166666667,8,96,0.083
2025-12-30,Kitchen,Heater,2.6738,111.40625,2211.0,19.653125,45.56354166666667,5,96,0.052
2025-12-30,Kitchen,Lights,0.1049,4.364583333333333,39.0,19.653125,45.56354166666667,8,96,0.083
2025-12-30,Living Room,AC,2.5032,104.30208333333333,1583.0,19.653125,45.56354166666667,4,96,0.042
2025-12-30,Living Room,Fan,0.3197,13.5,95.0,19.653125,45.56354166666667,10,96,0.104
2025-12-30,Living Room,Lights,0.1089,4.541666666666667,40.0,19.653125,45.56354166666667,10,96,0.104
2025-12-30,Office,AC,3.5278,146.98958333333334,1722.0,19.653125,45.56354166666667,7,96,0.073
2025-12-30,Office,Fan,0.2559,10.84375,100.0,19.653125,45.56354166666667,7,96,0.073
2025-12-30,Office,Lights,0.13,5.40625,40.0,19.653125,45.56354166666667,11,96,0.115
2025-12-31,Bathroom,Heater,1.8305,76.27083333333333,2437.0,19.394791666666666,45.25104166666667,3,96,0.031
2025-12-31,Bathroom,Lights,0.0995,4.145833333333333,39.0,19.394791666666666,45.25104166666667,9,96,0.094
2025-12-31,Bedroom,AC,2.9272,121.96875,1725.0,19.394791666666666,45.25104166666667,5,96,0.052
2025-12-31,Bedroom,Fan,0.4317,18.145833333333332,97.0,19.394791666666666,45.25104166666667,17,96,0.177
2025-12-31,Bedroom,Lights,0.1054,4.395833333333333,38.0,19.394791666666666,45.25104166666667,10,96,0.104
2025-12-31,Kitchen,Heater,1.8187,75.78125,2330.0,19.394791666666666,45.25104166666667,3,96,0.031
2025-12-31,Kitchen,Lights,0.0714,2.9791666666666665,33.0,19.394791666666666,45.25104166666667,4,96,0.042
2025-12-31,Living Room,AC,3.7145,154.77083333333334,1767.0,19.394791666666666,45.25104166666667,8,96,0.083
2025-12-31,Living Room,Fan,0.2577,10.916666666666666,98.0,19.394791666666666,45.25104166666667,8,96,0.083
2025-12-31,Living Room,Lights,0.05,2.0833333333333335,10.0,19.394791666666666,45.25104166666667,1,96,0.01
2025-12-31,Office,AC,2.6812,111.71875,1640.0,19.394791666666666,45.25104166666667,4,96,0.042
2025-12-31,Office,Fan,0.3447,14.541666666666666,98.0,19.394791666666666,45.25104166666667,12,96,0.125
2025-12-31,Office,Lights,0.095,3.9583333333333335,35.0,19.394791666666666,45.25104166666667,8,96,0.083
2026-01-01,Bathroom,Heater,0.24,10.0,10.0,18.482291666666665,45.26145833333334,0,96,0.0
2026-01-01,Bathroom,Lights,0.0678,2.8229166666666665,31.0,18.482291666666665,45.26145833333334,4,96,0.042
2026-01-01,Bedroom,AC,3.9844,166.01041666666666,1691.0,18.482291666666665,45.26145833333334,8,96,0.083
2026-01-01,Bedroom,Fan,0.3363,14.1875,100.0,18.482291666666665,45.26145833333334,11,96,0.115
2026-01-01,Bedroom,Lights,0.0806,3.3541666666666665,38.0,18.482291666666665,45.26145833333334,5,96,0.052
2026-01-01,Kitchen,Heater,1.241,51.708333333333336,2133.0,18.482291666666665,45.26145833333334,2,96,0.021
2026-01-01,Kitchen,Lights,0.0973,4.052083333333333,40.0,18.482291666666665,45.26145833333334,8,96,0.083
2026-01-01,Living Room,AC,2.9632,123.46875,1702.0,18.482291666666665,45.26145833333334,5,96,0.052
2026-01-01,Living Room,Fan,0.204,8.6875,89.0,18.482291666666665,45.26145833333334,5,96,0.052
2026-01-01,Living Room,Lights,0.0997,4.145833333333333,39.0,18.482291666666665,45.26145833333334,9,96,0.094
2026-01-01,Office,AC,1.691,70.45833333333333,1035.0,18.482291666666665,45.26145833333334,2,96,0.021
2026-01-01,Office,Fan,0.3288,13.875,99.0,18.482291666666665,45.26145833333334,10,96,0.104
2026-01-01,Office,Lights,0.081,3.375,38.0,18.482291666666665,45.26145833333334,7,96,0.073
2026-01-02,Bathroom,Heater,0.8025,33.4375,2260.0,18.373958333333334,45.543749999999996,1,96,0.01
2026-01-02,Bathroom,Lights,0.0946,3.9375,37.0,18.373958333333334,45.543749999999996,9,96,0.094
2026-01-02,Bedroom,AC,3.8615,160.89583333333334,1570.0,18.373958333333334,45.543749999999996,8,96,0.083
2026-01-02,Bedroom,Fan,0.3073,12.989583333333334,100.0,18.373958333333334,45.543749999999996,10,96,0.104
2026-01-02,Bedroom,Lights,0.08940000000000001,3.71875,39.0,18.373958333333334,45.543749999999996,6,96,0.062
2026-01-02,Kitchen,Heater,1.7151,71.45833333333333,2315.0,18.373958333333334,45.543749999999996,3,96,0.031
2026-01-02,Kitchen,Lights,0.0882,3.6770833333333335,38.0,18.373958333333334,45.543749999999996,7,96,0.073
2026-01-02,Living Room,AC,3.3157,138.15625,1708.0,18.373958333333334,45.543749999999996,6,96,0.062
2026-01-02,Living Room,Fan,0.23929999999999998,10.15625,87.0,18.373958333333334,45.543749999999996,7,96,0.073
2026-01-02,Living Room,Lights,0.0763,3.1770833333333335,28.0,18.373958333333334,45.543749999999996,6,96,0.062
2026-01-02,Office,AC,4.5891,191.20833333333334,1588.0,18.373958333333334,45.543749999999996,10,96,0.104
2026-01-02,Office,Fan,0.3661,15.427083333333334,100.0,18.373958333333334,45.543749999999996,13,96,0.135
2026-01-02,Office,Lights,0.0892,3.71875,32.0,18.373958333333334,45.543749999999996,9,96,0.094
2026-01-03,Bathroom,Heater,1.203,50.125,1985.0,18.539583333333333,45.07916666666667,2,96,0.021
2026-01-03,Bathroom,Lights,0.0915,3.8125,39.0,18.539583333333333,45.07916666666667,8,96,0.083
2026-01-03,Bedroom,AC,4.0955,170.64583333333334,1602.0,18.539583333333333,45.07916666666667,9,96,0.094
2026-01-03,Bedroom,Fan,0.3964,16.6875,98.0,18.539583333333333,45.07916666666667,16,96,0.167
2026-01-03,Bedroom,Lights,0.0742,3.09375,36.0,18.539583333333333,45.07916666666667,4,96,0.042
2026-01-03,Kitchen,Heater,0.7010000000000001,29.208333333333332,1854.0,18.539583333333333,45.07916666666667,1,96,0.01
2026-01-03,Kitchen,Lights,0.07150000000000001,2.9791666666666665,36.0,18.539583333333333,45.07916666666667,3,96,0.031
2026-01-03,Living Room,AC,5.1406,214.19791666666666,1786.0,18.539583333333333,45.07916666666667,12,96,0.125
2026-01-03,Living Room,Fan,0.30369999999999997,12.833333333333334,99.0,18.539583333333333,45.07916666666667,10,96,0.104
2026-01-03,Living Room,Lights,0.0836,3.4791666666666665,33.0,18.539583333333333,45.07916666666667,6,96,0.062
2026-01-03,Office,AC,4.8854999999999995,203.5625,1672.0,18.539583333333333,45.07916666666667,12,96,0.125
2026-01-03,Office,Fan,0.5014,21.052083333333332,99.0,18.539583333333333,45.07916666666667,19,96,0.198
2026-01-03,Office,Lights,0.1045,4.354166666666667,39.0,18.539583333333333,45.07916666666667,9,96,0.094
2026-01-04,Bathroom,Heater,1.5559,64.83333333333333,2016.0,18.521874999999998,46.072916666666664,3,96,0.031
2026-01-04,Bathroom,Lights,0.1623,6.760416666666667,40.0,18.521874999999998,46.072916666666664,17,96,0.177
2026-01-04,Bedroom,AC,3.3878,141.15625,1692.0,18.521874999999998,46.072916666666664,7,96,0.073
2026-01-04,Bedroom,Fan,0.2743,11.614583333333334,100.0,18.521874999999998,46.072916666666664,9,96,0.094
2026-01-04,Bedroom,Lights,0.0866,3.6041666666666665,35.0,18.521874999999998,46.072916666666664,7,96,0.073
2026-01-04,Kitchen,Heater,2.1766,90.6875,2287.0,18.521874999999998,46.072916666666664,4,96,0.042
2026-01-04,Kitchen,Lights,0.0852,3.5520833333333335,37.0,18.521874999999998,46.072916666666664,8,96,0.083
2026-01-04,Living Room,AC,3.979,165.79166666666666,1755.0,18.521874999999998,46.072916666666664,8,96,0.083
2026-01-04,Living Room,Fan,0.3552,14.96875,96.0,18.521874999999998,46.072916666666664,14,96,0.146
2026-01-04,Living Room,Lights,0.092,3.8333333333333335,37.0,18.521874999999998,46.072916666666664,9,96,0.094
2026-01-04,Office,AC,5.0491,210.375,1715.0,18.521874999999998,46.072916666666664,12,96,0.125
2026-01-04,Office,Fan,0.506,21.239583333333332,100.0,18.521874999999998,46.072916666666664,20,96,0.208
2026-01-04,Office,Lights,0.0816,3.3958333333333335,39.0,18.521874999999998,46.072916666666664,5,96,0.052
2026-01-05,Bathroom,Heater,1.7462,72.76041666666667,2341.0,18.438541666666666,45.71979166666667,3,96,0.031
2026-01-05,Bathroom,Lights,0.1067,4.4375,35.0,18.438541666666666,45.71979166666667,10,96,0.104
2026-01-05,Bedroom,AC,3.6305,151.27083333333334,1727.0,18.438541666666666,45.71979166666667,7,96,0.073
2026-01-05,Bedroom,Fan,0.2612,11.072916666666666,98.0,18.438541666666666,45.71979166666667,7,96,0.073
2026-01-05,Bedroom,Lights,0.11349999999999999,4.729166666666667,36.0,18.438541666666666,45.71979166666667,11,96,0.115
2026-01-05,Kitchen,Heater,1.7855,74.39583333333333,2447.0,18.438541666666666,45.71979166666667,3,96,0.031
2026-01-05,Kitchen,Lights,0.0737,3.0729166666666665,38.0,18.438541666666666,45.71979166666667,4,96,0.042
2026-01-05,Living Room,AC,2.9026,120.9375,1343.0,18.438541666666666,45.71979166666667,6,96,0.062
2026-01-05,Living Room,Fan,0.2537,10.760416666666666,98.0,18.438541666666666,45.71979166666667,7,96,0.073
2026-01-05,Living Room,Lights,0.0974,4.0625,38.0,18.438541666666666,45.71979166666667,8,96,0.083
2026-01-05,Office,AC,4.0182,167.42708333333334,1718.0,18.438541666666666,45.71979166666667,8,96,0.083
2026-01-05,Office,Fan,0.3034,12.8125,90.0,18.438541666666666,45.71979166666667,11,96,0.115
2026-01-05,Office,Lights,0.0712,2.96875,38.0,18.438541666666666,45.71979166666667,4,96,0.042
2026-01-06,Bathroom,Heater,2.1993,91.63541666666667,2471.0,18.582291666666666,45.35208333333333,4,96,0.042
2026-01-06,Bathroom,Lights,0.1047,4.364583333333333,39.0,18.582291666666666,45.35208333333333,11,96,0.115
2026-01-06,Bedroom,AC,3.2909,137.125,1585.0,18.582291666666666,45.35208333333333,7,96,0.073
2026-01-06,Bedroom,Fan,0.3097,13.083333333333334,91.0,18.582291666666666,45.35208333333333,11,96,0.115
2026-01-06,Bedroom,Lights,0.0708,2.9479166666666665,39.0,18.582291666666666,45.35208333333333,4,96,0.042
2026-01-06,Kitchen,Heater,1.9987000000000001,83.28125,2462.0,18.582291666666666,45.35208333333333,4,96,0.042
2026-01-06,Kitchen,Lights,0.0594,2.4791666666666665,21.0,18.582291666666666,45.35208333333333,3,96,0.031
2026-01-06,Living Room,AC,3.6083000000000003,150.34375,1678.0,18.582291666666666,45.35208333333333,7,96,0.073
2026-01-06,Living Room,Fan,0.2685,11.364583333333334,99.0,18.582291666666666,45.35208333333333,8,96,0.083
2026-01-06,Living Room,Lights,0.0742,3.09375,40.0,18.582291666666666,45.35208333333333,4,96,0.042
2026-01-06,Office,AC,3.11,129.58333333333334,1736.0,18.582291666666666,45.35208333333333,5,96,0.052
2026-01-06,Office,Fan,0.386,16.25,97.0,18.582291666666666,45.35208333333333,15,96,0.156
2026-01-06,Office,Lights,0.0691,2.875,19.0,18.582291666666666,45.35208333333333,6,96,0.062
2026-01-07,Bathroom,Heater,1.8527,77.19791666666667,2473.0,18.667708333333334,44.953125,3,96,0.031
2026-01-07,Bathroom,Lights,0.0888,3.6979166666666665,34.0,18.667708333333334,44.953125,9,96,0.094
2026-01-07,Bedroom,AC,3.8645,161.02083333333334,1689.0,18.667708333333334,44.953125,8,96,0.083
2026-01-07,Bedroom,Fan,0.3262,13.770833333333334,97.0,18.667708333333334,44.953125,11,96,0.115
2026-01-07,Bedroom,Lights,0.0942,3.9270833333333335,40.0,18.667708333333334,44.953125,7,96,0.073
2026-01-07,Kitchen,Heater,1.465,61.041666666666664,1796.0,18.667708333333334,44.953125,3,96,0.031
2026-01-07,Kitchen,Lights,0.0537,2.2395833333333335,17.0,18.667708333333334,44.953125,2,96,0.021
2026-01-07,Living Room,AC,3.2651,136.04166666666666,1794.0,18.667708333333334,44.953125,6,96,0.062
2026-01-07,Living Room,Fan,0.2428,10.302083333333334,100.0,18.667708333333334,44.953125,7,96,0.073
2026-01-07,Living Room,Lights,0.11850000000000001,4.9375,40.0,18.667708333333334,44.953125,11,96,0.115
2026-01-07,Office,AC,3.7059,154.41666666666666,1625.0,18.667708333333334,44.953125,8,96,0.083
2026-01-07,Office,Fan,0.3785,15.9375,100.0,18.667708333333334,44.953125,14,96,0.146
2026-01-07,Office,Lights,0.1203,5.010416666666667,40.0,18.667708333333334,44.953125,10,96,0.104
2026-01-08,Bathroom,Heater,1.746,72.75,2283.0,18.663541666666667,45.8375,3,96,0.031
2026-01-08,Bathroom,Lights,0.0858,3.5729166666666665,38.0,18.663541666666667,45.8375,7,96,0.073
2026-01-08,Bedroom,AC,3.743,155.95833333333334,1748.0,18.663541666666667,45.8375,7,96,0.073
2026-01-08,Bedroom,Fan,0.34299999999999997,14.46875,99.0,18.663541666666667,45.8375,13,96,0.135
2026-01-08,Bedroom,Lights,0.0947,3.9479166666666665,40.0,18.663541666666667,45.8375,7,96,0.073
2026-01-08,Kitchen,Heater,2.2251,92.70833333333333,2119.0,18.663541666666667,45.8375,4,96,0.042
2026-01-08,Kitchen,Lights,0.0896,3.7291666666666665,38.0,18.663541666666667,45.8375,8,96,0.083
2026-01-08,Living Room,AC,2.8203,117.51041666666667,1642.0,18.663541666666667,45.8375,5,96,0.052
2026-01-08,Living Room,Fan,0.3007,12.708333333333334,100.0,18.663541666666667,45.8375,10,96,0.104
2026-01-08,Living Room,Lights,0.09570000000000001,3.9895833333333335,40.0,18.663541666666667,45.8375,9,96,0.094
2026-01-08,Office,AC,2.7789,115.79166666666667,1541.0,18.663541666666667,45.8375,5,96,0.052
2026-01-08,Office,Fan,0.2722,11.520833333333334,100.0,18.663541666666667,45.8375,9,96,0.094
2026-01-08,Office,Lights,0.0765,3.1875,37.0,18.663541666666667,45.8375,7,96,0.073
2026-01-09,Bathroom,Heater,2.6582,110.76041666666667,2474.0,18.398958333333333,45.41458333333333,5,96,0.052
2026-01-09,Bathroom,Lights,0.0878,3.65625,39.0,18.398958333333333,45.41458333333333,7,96,0.073
2026-01-09,Bedroom,AC,4.1522,173.01041666666666,1692.0,18.398958333333333,45.41458333333333,9,96,0.094
2026-01-09,Bedroom,Fan,0.443,18.614583333333332,98.0,18.398958333333333,45.41458333333333,17,96,0.177
2026-01-09,Bedroom,Lights,0.0895,3.7291666666666665,35.0,18.398958333333333,45.41458333333333,9,96,0.094
2026-01-09,Kitchen,Heater,0.24,10.0,10.0,18.398958333333333,45.41458333333333,0,96,0.0
2026-01-09,Kitchen,Lights,0.07239999999999999,3.0208333333333335,27.0,18.398958333333333,45.41458333333333,5,96,0.052
2026-01-09,Living Room,AC,3.5891,149.54166666666666,1786.0,18.398958333333333,45.41458333333333,6,96,0.062
2026-01-09,Living Room,Fan,0.42069999999999996,17.697916666666668,100.0,18.398958333333333,45.41458333333333,16,96,0.167
2026-01-09,Living Room,Lights,0.0776,3.2291666666666665,32.0,18.398958333333333,45.41458333333333,5,96,0.052
2026-01-09,Office,AC,4.705,196.04166666666666,1780.0,18.398958333333333,45.41458333333333,10,96,0.104
2026-01-09,Office,Fan,0.2526,10.71875,100.0,18.398958333333333,45.41458333333333,7,96,0.073
2026-01-09,Office,Lights,0.0644,2.6875,37.0,18.398958333333333,45.41458333333333,2,96,0.021
2026-01-10,Bathroom,Heater,1.8049000000000002,75.20833333333333,2477.0,18.357291666666665,45.40416666666667,3,96,0.031
2026-01-10,Bathroom,Lights,0.1087,4.520833333333333,35.0,18.357291666666665,45.40416666666667,10,96,0.104
2026-01-10,Bedroom,AC,5.3789,224.11458333333334,1751.0,18.357291666666665,45.40416666666667,13,96,0.135
2026-01-10,Bedroom,Fan,0.3013,12.739583333333334,94.0,18.357291666666665,45.40416666666667,10,96,0.104
2026-01-10,Bedroom,Lights,0.0864,3.6041666666666665,39.0,18.357291666666665,45.40416666666667,7,96,0.073
2026-01-10,Kitchen,Heater,1.3907999999999998,57.947916666666664,2452.0,18.357291666666665,45.40416666666667,2,96,0.021
2026-01-10,Kitchen,Lights,0.0938,3.9166666666666665,35.0,18.357291666666665,45.40416666666667,8,96,0.083
2026-01-10,Living Room,AC,5.3558,223.16666666666666,1749.0,18.357291666666665,45.40416666666667,11,96,0.115
2026-01-10,Living Room,Fan,0.5019,21.083333333333332,98.0,18.357291666666665,45.40416666666667,20,96,0.208
2026-01-10,Living Room,Lights,0.1239,5.15625,39.0,18.357291666666665,45.40416666666667,12,96,0.125
2026-01-10,Office,AC,4.7867,199.44791666666666,1725.0,18.357291666666665,45.40416666666667,11,96,0.115
2026-01-10,Office,Fan,0.3993,16.802083333333332,100.0,18.357291666666665,45.40416666666667,15,96,0.156
2026-01-10,Office,Lights,0.1141,4.760416666666667,40.0,18.357291666666665,45.40416666666667,10,96,0.104
2026-01-11,Bathroom,Heater,1.8555,77.3125,2453.0,18.417708333333334,45.47708333333333,3,96,0.031
2026-01-11,Bathroom,Lights,0.1013,4.208333333333333,39.0,18.417708333333334,45.47708333333333,7,96,0.073
2026-01-11,Bedroom,AC,4.9969,208.20833333333334,1795.0,18.417708333333334,45.47708333333333,11,96,0.115
2026-01-11,Bedroom,Fan,0.3684,15.520833333333334,98.0,18.417708333333334,45.47708333333333,13,96,0.135
2026-01-11,Bedroom,Lights,0.0964,4.020833333333333,40.0,18.417708333333334,45.47708333333333,8,96,0.083
2026-01-11,Kitchen,Heater,1.7505,72.9375,2489.0,18.417708333333334,45.47708333333333,3,96,0.031
2026-01-11,Kitchen,Lights,0.079,3.2916666666666665,40.0,18.417708333333334,45.47708333333333,6,96,0.062
2026-01-11,Living Room,AC,7.0688,294.53125,1704.0,18.417708333333334,45.47708333333333,17,96,0.177
2026-01-11,Living Room,Fan,0.262,11.104166666666666,96.0,18.417708333333334,45.47708333333333,8,96,0.083
2026-01-11,Living Room,Lights,0.0916,3.8125,36.0,18.417708333333334,45.47708333333333,8,96,0.083
2026-01-11,Office,AC,2.7855000000000003,116.0625,1633.0,18.417708333333334,45.47708333333333,5,96,0.052
2026-01-11,Office,Fan,0.3054,12.90625,98.0,18.417708333333334,45.47708333333333,10,96,0.104
2026-01-11,Office,Lights,0.1132,4.71875,39.0,18.417708333333334,45.47708333333333,11,96,0.115
2026-01-12,Bathroom,Heater,3.1629,131.78125,2306.0,18.704166666666666,44.958333333333336,6,96,0.062
2026-01-12,Bathroom,Lights,0.0982,4.083333333333333,39.0,18.704166666666666,44.958333333333336,10,96,0.104
2026-01-12,Bedroom,AC,2.5774,107.39583333333333,1793.0,18.704166666666666,44.958333333333336,4,96,0.042
2026-01-12,Bedroom,Fan,0.22169999999999998,9.427083333333334,92.0,18.704166666666666,44.958333333333336,6,96,0.062
2026-01-12,Bedroom,Lights,0.0695,2.8958333333333335,33.0,18.704166666666666,44.958333333333336,4,96,0.042
2026-01-12,Kitchen,Heater,1.3727,57.197916666666664,2326.0,18.704166666666666,44.958333333333336,2,96,0.021
2026-01-12,Kitchen,Lights,0.0921,3.8333333333333335,39.0,18.704166666666666,44.958333333333336,7,96,0.073
2026-01-12,Living Room,AC,3.3053,137.71875,1752.0,18.704166666666666,44.958333333333336,6,96,0.062
2026-01-12,Living Room,Fan,0.2677,11.34375,97.0,18.704166666666666,44.958333333333336,8,96,0.083
2026-01-12,Living Room,Lights,0.0914,3.8125,40.0,18.704166666666666,44.958333333333336,7,96,0.073
2026-01-12,Office,AC,3.5932,149.71875,1762.0,18.704166666666666,44.958333333333336,8,96,0.083
2026-01-12,Office,Fan,0.3301,13.9375,100.0,18.704166666666666,44.958333333333336,12,96,0.125
2026-01-12,Office,Lights,0.082,3.4166666666666665,39.0,18.704166666666666,44.958333333333336,5,96,0.052
2026-01-13,Bathroom,Heater,0.687,28.625,1798.0,18.522916666666667,45.48854166666666,1,96,0.01
2026-01-13,Bathroom,Lights,0.0825,3.4375,37.0,18.522916666666667,45.48854166666666,6,96,0.062
2026-01-13,Bedroom,AC,3.2907,137.11458333333334,1516.0,18.522916666666667,45.48854166666666,7,96,0.073
2026-01-13,Bedroom,Fan,0.3261,13.770833333333334,97.0,18.522916666666667,45.48854166666666,12,96,0.125
2026-01-13,Bedroom,Lights,0.1092,4.552083333333333,37.0,18.522916666666667,45.48854166666666,9,96,0.094
2026-01-13,Kitchen,Heater,1.8305,76.27083333333333,2272.0,18.522916666666667,45.48854166666666,3,96,0.031
2026-01-13,Kitchen,Lights,0.09179999999999999,3.8229166666666665,37.0,18.522916666666667,45.48854166666666,7,96,0.073
2026-01-13,Living Room,AC,2.7611,115.04166666666667,1644.0,18.522916666666667,45.48854166666666,5,96,0.052
2026-01-13,Living Room,Fan,0.3692,15.552083333333334,100.0,18.522916666666667,45.48854166666666,14,96,0.146
2026-01-13,Living Room,Lights,0.0845,3.5208333333333335,34.0,18.522916666666667,45.48854166666666,7,96,0.073
2026-01-13,Office,AC,4.3477,181.15625,1793.0,18.522916666666667,45.48854166666666,9,96,0.094
2026-01-13,Office,Fan,0.2754,11.65625,96.0,18.522916666666667,45.48854166666666,8,96,0.083
2026-01-13,Office,Lights,0.1023,4.270833333333333,35.0,18.522916666666667,45.48854166666666,10,96,0.104
2026-01-14,Bathroom,Heater,1.2098,50.40625,2204.0,18.536458333333332,45.53541666666666,2,96,0.021
2026-01-14,Bathroom,Lights,0.1056,4.395833333333333,39.0,18.536458333333332,45.53541666666666,10,96,0.104
2026-01-14,Bedroom,AC,4.6865,195.27083333333334,1786.0,18.536458333333332,45.53541666666666,10,96,0.104
2026-01-14,Bedroom,Fan,0.2989,12.635416666666666,97.0,18.536458333333332,45.53541666666666,10,96,0.104
2026-01-14,Bedroom,Lights,0.0879,3.6666666666666665,37.0,18.536458333333332,45.53541666666666,7,96,0.073
2026-01-14,Kitchen,Heater,1.9080000000000001,79.5,1792.0,18.536458333333332,45.53541666666666,4,96,0.042
2026-01-14,Kitchen,Lights,0.06520000000000001,2.71875,33.0,18.536458333333332,45.53541666666666,3,96,0.031
2026-01-14,Living Room,AC,3.4852,145.21875,1789.0,18.536458333333332,45.53541666666666,7,96,0.073
2026-01-14,Living Room,Fan,0.2653,11.239583333333334,94.0,18.536458333333332,45.53541666666666,8,96,0.083
2026-01-14,Living Room,Lights,0.0816,3.40625,28.0,18.536458333333332,45.53541666666666,9,96,0.094
2026-01-14,Office,AC,4.0677,169.48958333333334,1716.0,18.536458333333332,45.53541666666666,8,96,0.083
2026-01-14,Office,Fan,0.34099999999999997,14.385416666666666,100.0,18.536458333333332,45.53541666666666,12,96,0.125
2026-01-14,Office,Lights,0.0987,4.114583333333333,38.0,18.536458333333332,45.53541666666666,9,96,0.094
2026-01-15,Bathroom,Heater,0.6575,27.395833333333332,1680.0,18.337500000000002,45.06041666666667,1,96,0.01
2026-01-15,Bathroom,Lights,0.0837,3.4895833333333335,40.0,18.337500000000002,45.06041666666667,6,96,0.062
2026-01-15,Bedroom,AC,3.3209,138.375,1476.0,18.337500000000002,45.06041666666667,7,96,0.073
2026-01-15,Bedroom,Fan,0.2943,12.4375,85.0,18.337500000000002,45.06041666666667,10,96,0.104
2026-01-15,Bedroom,Lights,0.0817,3.40625,38.0,18.337500000000002,45.06041666666667,6,96,0.062
2026-01-15,Kitchen,Heater,1.7675,73.64583333333333,2330.0,18.337500000000002,45.06041666666667,3,96,0.031
2026-01-15,Kitchen,Lights,0.0834,3.4791666666666665,40.0,18.337500000000002,45.06041666666667,6,96,0.062
2026-01-15,Living Room,AC,2.3367,97.36458333333333,1794.0,18.337500000000002,45.06041666666667,3,96,0.031
2026-01-15,Living Room,Fan,0.3316,13.989583333333334,99.0,18.337500000000002,45.06041666666667,12,96,0.125
2026-01-15,Living Room,Lights,0.1001,4.177083333333333,37.0,18.337500000000002,45.06041666666667,9,96,0.094
2026-01-15,Office,AC,3.6402,151.67708333333334,1721.0,18.337500000000002,45.06041666666667,7,96,0.073
2026-01-15,Office,Fan,0.2802,11.854166666666666,89.0,18.337500000000002,45.06041666666667,9,96,0.094
2026-01-15,Office,Lights,0.0988,4.114583333333333,40.0,18.337500000000002,45.06041666666667,10,96,0.104
2026-01-16,Bathroom,Heater,2.1202,88.34375,2265.0,18.565625,45.196875,4,96,0.042
2026-01-16,Bathroom,Lights,0.09620000000000001,4.010416666666667,40.0,18.565625,45.196875,7,96,0.073
2026-01-16,Bedroom,AC,2.4162,100.67708333333333,1453.0,18.565625,45.196875,4,96,0.042
2026-01-16,Bedroom,Fan,0.324,13.677083333333334,99.0,18.565625,45.196875,11,96,0.115
2026-01-16,Bedroom,Lights,0.1155,4.8125,40.0,18.565625,45.196875,13,96,0.135
2026-01-16,Kitchen,Heater,2.6988,112.44791666666667,2353.0,18.565625,45.196875,5,96,0.052
2026-01-16,Kitchen,Lights,0.1331,5.541666666666667,39.0,18.565625,45.196875,13,96,0.135
2026-01-16,Living Room,AC,3.8644000000000003,161.01041666666666,1799.0,18.565625,45.196875,8,96,0.083
2026-01-16,Living Room,Fan,0.3308,13.96875,99.0,18.565625,45.196875,11,96,0.115
2026-01-16,Living Room,Lights,0.1115,4.645833333333333,39.0,18.565625,45.196875,10,96,0.104
2026-01-16,Office,AC,4.9211,205.05208333333334,1798.0,18.565625,45.196875,11,96,0.115
2026-01-16,Office,Fan,0.3084,13.020833333333334,99.0,18.565625,45.196875,10,96,0.104
2026-01-16,Office,Lights,0.0783,3.2604166666666665,34.0,18.565625,45.196875,7,96,0.073
2026-01-17,Bathroom,Heater,1.29,53.75,2448.0,18.590625,45.07395833333334,2,96,0.021
2026-01-17,Bathroom,Lights,0.1205,5.010416666666667,39.0,18.590625,45.07395833333334,10,96,0.104
2026-01-17,Bedroom,AC,5.4863,228.59375,1693.0,18.590625,45.07395833333334,13,96,0.135
2026-01-17,Bedroom,Fan,0.3028,12.791666666666666,100.0,18.590625,45.07395833333334,11,96,0.115
2026-01-17,Bedroom,Lights,0.1178,4.90625,40.0,18.590625,45.07395833333334,12,96,0.125
2026-01-17,Kitchen,Heater,0.24,10.0,10.0,18.590625,45.07395833333334,0,96,0.0
2026-01-17,Kitchen,Lights,0.1145,4.78125,38.0,18.590625,45.07395833333334,11,96,0.115
2026-01-17,Living Room,AC,5.8605,244.19791666666666,1722.0,18.590625,45.07395833333334,14,96,0.146
2026-01-17,Living Room,Fan,0.3923,16.510416666666668,98.0,18.590625,45.07395833333334,14,96,0.146
2026-01-17,Living Room,Lights,0.0754,3.1354166666666665,40.0,18.590625,45.07395833333334,6,96,0.062
2026-01-17,Office,AC,5.8617,244.22916666666666,1735.0,18.590625,45.07395833333334,13,96,0.135
2026-01-17,Office,Fan,0.3212,13.552083333333334,99.0,18.590625,45.07395833333334,11,96,0.115
2026-01-17,Office,Lights,0.0901,3.75,39.0,18.590625,45.07395833333334,6,96,0.062
2026-01-18,Bathroom,Heater,1.615,67.29166666666667,2229.0,18.630208333333332,45.89166666666667,3,96,0.031
2026-01-18,Bathroom,Lights,0.1003,4.177083333333333,39.0,18.630208333333332,45.89166666666667,9,96,0.094
2026-01-18,Bedroom,AC,4.2162,175.67708333333334,1754.0,18.630208333333332,45.89166666666667,9,96,0.094
2026-01-18,Bedroom,Fan,0.41709999999999997,17.552083333333332,100.0,18.630208333333332,45.89166666666667,16,96,0.167
2026-01-18,Bedroom,Lights,0.0969,4.03125,34.0,18.630208333333332,45.89166666666667,9,96,0.094
2026-01-18,Kitchen,Heater,2.11,87.91666666666667,2028.0,18.630208333333332,45.89166666666667,4,96,0.042
2026-01-18,Kitchen,Lights,0.0771,3.2083333333333335,40.0,18.630208333333332,45.89166666666667,6,96,0.062
2026-01-18,Living Room,AC,3.9026,162.61458333333334,1791.0,18.630208333333332,45.89166666666667,7,96,0.073
2026-01-18,Living Room,Fan,0.3933,16.5625,98.0,18.630208333333332,45.89166666666667,15,96,0.156
2026-01-18,Living Room,Lights,0.08549999999999999,3.5625,37.0,18.630208333333332,45.89166666666667,8,96,0.083
2026-01-18,Office,AC,6.1926,258.0416666666667,1757.0,18.630208333333332,45.89166666666667,14,96,0.146
2026-01-18,Office,Fan,0.3806,16.03125,96.0,18.630208333333332,45.89166666666667,14,96,0.146
2026-01-18,Office,Lights,0.0859,3.5833333333333335,29.0,18.630208333333332,45.89166666666667,8,96,0.083
2026-01-19,Bathroom,Heater,2.7699,115.41666666666667,2210.0,18.64375,45.33020833333333,5,96,0.052
2026-01-19,Bathroom,Lights,0.0783,3.2604166666666665,35.0,18.64375,45.33020833333333,5,96,0.052
2026-01-19,Bedroom,AC,5.0259,209.41666666666666,1755.0,18.64375,45.33020833333333,10,96,0.104
2026-01-19,Bedroom,Fan,0.292,12.354166666666666,100.0,18.64375,45.33020833333333,9,96,0.094
2026-01-19,Bedroom,Lights,0.0848,3.53125,33.0,18.64375,45.33020833333333,6,96,0.062
2026-01-19,Kitchen,Heater,1.1935,49.729166666666664,2276.0,18.64375,45.33020833333333,2,96,0.021
2026-01-19,Kitchen,Lights,0.0805,3.3541666666666665,34.0,18.64375,45.33020833333333,6,96,0.062
2026-01-19,Living Room,AC,2.9195,121.64583333333333,1778.0,18.64375,45.33020833333333,5,96,0.052
2026-01-19,Living Room,Fan,0.3983,16.78125,100.0,18.64375,45.33020833333333,15,96,0.156
2026-01-19,Living Room,Lights,0.0794,3.3020833333333335,39.0,18.64375,45.33020833333333,5,96,0.052
2026-01-19,Office,AC,2.7765,115.6875,1756.0,18.64375,45.33020833333333,4,96,0.042
2026-01-19,Office,Fan,0.2397,10.166666666666666,93.0,18.64375,45.33020833333333,7,96,0.073
2026-01-19,Office,Lights,0.0917,3.8229166666666665,37.0,18.64375,45.33020833333333,8,96,0.083
2026-01-20,Bathroom,Heater,2.0212,84.21875,2029.0,18.680208333333333,45.385416666666664,4,96,0.042
2026-01-20,Bathroom,Lights,0.0681,2.8333333333333335,39.0,18.680208333333333,45.385416666666664,4,96,0.042
2026-01-20,Bedroom,AC,2.6153,108.96875,1744.0,18.680208333333333,45.385416666666664,4,96,0.042
2026-01-20,Bedroom,Fan,0.2737,11.59375,100.0,18.680208333333333,45.385416666666664,8,96,0.083
2026-01-20,Bedroom,Lights,0.0813,3.3854166666666665,34.0,18.680208333333333,45.385416666666664,6,96,0.062
2026-01-20,Kitchen,Heater,1.261,52.541666666666664,2160.0,18.680208333333333,45.385416666666664,2,96,0.021
2026-01-20,Kitchen,Lights,0.0598,2.4895833333333335,27.0,18.680208333333333,45.385416666666664,2,96,0.021
2026-01-20,Living Room,AC,3.5828,149.29166666666666,1782.0,18.680208333333333,45.385416666666664,7,96,0.073
2026-01-20,Living Room,Fan,0.246,10.4375,99.0,18.680208333333333,45.385416666666664,7,96,0.073
2026-01-20,Living Room,Lights,0.0918,3.8229166666666665,40.0,18.680208333333333,45.385416666666664,9,96,0.094
2026-01-20,Office,AC,3.1358,130.65625,1586.0,18.680208333333333,45.385416666666664,6,96,0.062
2026-01-20,Office,Fan,0.2556,10.833333333333334,98.0,18.680208333333333,45.385416666666664,7,96,0.073
2026-01-20,Office,Lights,0.0873,3.6354166666666665,40.0,18.680208333333333,45.385416666666664,6,96,0.062
2026-01-21,Bathroom,Heater,1.1893,49.552083333333336,2235.0,18.351041666666667,45.903124999999996,2,96,0.021
2026-01-21,Bathroom,Lights,0.0996,4.145833333333333,39.0,18.351041666666667,45.903124999999996,8,96,0.083
2026-01-21,Bedroom,AC,4.5403,189.17708333333334,1791.0,18.351041666666667,45.903124999999996,10,96,0.104
2026-01-21,Bedroom,Fan,0.35409999999999997,14.927083333333334,100.0,18.351041666666667,45.903124999999996,13,96,0.135
2026-01-21,Bedroom,Lights,0.09380000000000001,3.90625,40.0,18.351041666666667,45.903124999999996,8,96,0.083
2026-01-21,Kitchen,Heater,0.8275,34.479166666666664,2360.0,18.351041666666667,45.903124999999996,1,96,0.01
2026-01-21,Kitchen,Lights,0.0892,3.71875,36.0,18.351041666666667,45.903124999999996,7,96,0.073
2026-01-21,Living Room,AC,2.2566,94.02083333333333,1634.0,18.351041666666667,45.903124999999996,3,96,0.031
2026-01-21,Living Room,Fan,0.3502,14.760416666666666,100.0,18.351041666666667,45.903124999999996,12,96,0.125
2026-01-21,Living Room,Lights,0.077,3.2083333333333335,38.0,18.351041666666667,45.903124999999996,5,96,0.052
2026-01-21,Office,AC,5.1179,213.25,1779.0,18.351041666666667,45.903124999999996,12,96,0.125
2026-01-21,Office,Fan,0.3009,12.71875,98.0,18.351041666666667,45.903124999999996,10,96,0.104
2026-01-21,Office,Lights,0.0792,3.3020833333333335,32.0,18.351041666666667,45.903124999999996,7,96,0.073
2026-01-22,Bathroom,Heater,2.3838,99.32291666666667,2356.0,18.570833333333333,46.05625,4,96,0.042
2026-01-22,Bathroom,Lights,0.091,3.7916666666666665,38.0,18.570833333333333,46.05625,7,96,0.073
2026-01-22,Bedroom,AC,2.6319,109.66666666666667,1488.0,18.570833333333333,46.05625,5,96,0.052
2026-01-22,Bedroom,Fan,0.3087,13.041666666666666,100.0,18.570833333333333,46.05625,10,96,0.104
2026-01-22,Bedroom,Lights,0.0814,3.3958333333333335,33.0,18.570833333333333,46.05625,7,96,0.073
2026-01-22,Kitchen,Heater,2.4743,103.09375,2082.0,18.570833333333333,46.05625,5,96,0.052
2026-01-22,Kitchen,Lights,0.1027,4.28125,38.0,18.570833333333333,46.05625,10,96,0.104
2026-01-22,Living Room,AC,3.7284,155.35416666666666,1766.0,18.570833333333333,46.05625,7,96,0.073
2026-01-22,Living Room,Fan,0.4107,17.291666666666668,96.0,18.570833333333333,46.05625,15,96,0.156
2026-01-22,Living Room,Lights,0.0818,3.40625,37.0,18.570833333333333,46.05625,6,96,0.062
2026-01-22,Office,AC,3.1839,132.66666666666666,1781.0,18.570833333333333,46.05625,6,96,0.062
2026-01-22,Office,Fan,0.33409999999999995,14.104166666666666,97.0,18.570833333333333,46.05625,12,96,0.125
2026-01-22,Office,Lights,0.0898,3.7395833333333335,30.0,18.570833333333333,46.05625,9,96,0.094
2026-01-23,Bathroom,Heater,0.24,10.0,10.0,18.71875,45.471875000000004,0,96,0.0
2026-01-23,Bathroom,Lights,0.0805,3.3541666666666665,30.0,18.71875,45.471875000000004,6,96,0.062
2026-01-23,Bedroom,AC,3.3253,138.55208333333334,1755.0,18.71875,45.471875000000004,6,96,0.062
2026-01-23,Bedroom,Fan,0.3462,14.604166666666666,100.0,18.71875,45.471875000000004,12,96,0.125
2026-01-23,Bedroom,Lights,0.1018,4.25,40.0,18.71875,45.471875000000004,8,96,0.083
2026-01-23,Kitchen,Heater,1.8091000000000002,75.375,2431.0,18.71875,45.471875000000004,3,96,0.031
2026-01-23,Kitchen,Lights,0.0819,3.40625,40.0,18.71875,45.471875000000004,8,96,0.083
2026-01-23,Living Room,AC,2.8535,118.89583333333333,1712.0,18.71875,45.471875000000004,5,96,0.052
2026-01-23,Living Room,Fan,0.3659,15.40625,99.0,18.71875,45.471875000000004,13,96,0.135
2026-01-23,Living Room,Lights,0.0813,3.3854166666666665,38.0,18.71875,45.471875000000004,6,96,0.062
2026-01-23,Office,AC,3.4411,143.375,1783.0,18.71875,45.471875000000004,6,96,0.062
2026-01-23,Office,Fan,0.3333,14.0625,98.0,18.71875,45.471875000000004,12,96,0.125
2026-01-23,Office,Lights,0.0927,3.8645833333333335,35.0,18.71875,45.471875000000004,7,96,0.073
2026-01-24,Bathroom,Heater,1.8128000000000002,75.53125,2419.0,18.605208333333334,45.729166666666664,3,96,0.031
2026-01-24,Bathroom,Lights,0.096,3.9895833333333335,35.0,18.605208333333334,45.729166666666664,10,96,0.104
2026-01-24,Bedroom,AC,6.3272,263.6354166666667,1770.0,18.605208333333334,45.729166666666664,15,96,0.156
2026-01-24,Bedroom,Fan,0.3681,15.510416666666666,95.0,18.605208333333334,45.729166666666664,14,96,0.146
2026-01-24,Bedroom,Lights,0.08979999999999999,3.75,37.0,18.605208333333334,45.729166666666664,7,96,0.073
2026-01-24,Kitchen,Heater,0.6503,27.09375,1651.0,18.605208333333334,45.729166666666664,1,96,0.01
2026-01-24,Kitchen,Lights,0.093,3.875,34.0,18.605208333333334,45.729166666666664,8,96,0.083
2026-01-24,Living Room,AC,4.5904,191.27083333333334,1781.0,18.605208333333334,45.729166666666664,10,96,0.104
2026-01-24,Living Room,Fan,0.3938,16.583333333333332,100.0,18.605208333333334,45.729166666666664,15,96,0.156
2026-01-24,Living Room,Lights,0.0828,3.4479166666666665,40.0,18.605208333333334,45.729166666666664,7,96,0.073
2026-01-24,Office,AC,5.7074,237.8125,1754.0,18.605208333333334,45.729166666666664,14,96,0.146
2026-01-24,Office,Fan,0.35559999999999997,15.0,100.0,18.605208333333334,45.729166666666664,13,96,0.135
2026-01-24,Office,Lights,0.088,3.6666666666666665,34.0,18.605208333333334,45.729166666666664,9,96,0.094
2026-01-25,Bathroom,Heater,2.7938,116.41666666666667,2465.0,18.339583333333334,45.739583333333336,5,96,0.052
2026-01-25,Bathroom,Lights,0.1089,4.541666666666667,36.0,18.339583333333334,45.739583333333336,11,96,0.115
2026-01-25,Bedroom,AC,3.0261,126.09375,1709.0,18.339583333333334,45.739583333333336,6,96,0.062
2026-01-25,Bedroom,Fan,0.3307,13.947916666666666,99.0,18.339583333333334,45.739583333333336,11,96,0.115
2026-01-25,Bedroom,Lights,0.0996,4.145833333333333,36.0,18.339583333333334,45.739583333333336,9,96,0.094
2026-01-25,Kitchen,Heater,3.4346,143.10416666666666,2496.0,18.339583333333334,45.739583333333336,6,96,0.062
2026-01-25,Kitchen,Lights,0.0826,3.4375,34.0,18.339583333333334,45.739583333333336,7,96,0.073
2026-01-25,Living Room,AC,5.659,235.80208333333334,1761.0,18.339583333333334,45.739583333333336,13,96,0.135
2026-01-25,Living Room,Fan,0.3649,15.375,99.0,18.339583333333334,45.739583333333336,13,96,0.135
2026-01-25,Living Room,Lights,0.084,3.5,39.0,18.339583333333334,45.739583333333336,7,96,0.073
2026-01-25,Office,AC,6.4503,268.7604166666667,1742.0,18.339583333333334,45.739583333333336,15,96,0.156
2026-01-25,Office,Fan,0.4167,17.520833333333332,98.0,18.339583333333334,45.739583333333336,16,96,0.167
2026-01-25,Office,Lights,0.0747,3.1145833333333335,33.0,18.339583333333334,45.739583333333336,5,96,0.052
2026-01-26,Bathroom,Heater,1.8195000000000001,75.8125,2388.0,18.276041666666668,45.4,3,96,0.031
2026-01-26,Bathroom,Lights,0.0872,3.6354166666666665,40.0,18.276041666666668,45.4,6,96,0.062
2026-01-26,Bedroom,AC,3.4136,142.22916666666666,1713.0,18.276041666666668,45.4,7,96,0.073
2026-01-26,Bedroom,Fan,0.2667,11.302083333333334,92.0,18.276041666666668,45.4,8,96,0.083
2026-01-26,Bedroom,Lights,0.0889,3.7083333333333335,34.0,18.276041666666668,45.4,7,96,0.073
2026-01-26,Kitchen,Heater,2.0841,86.83333333333333,2455.0,18.276041666666668,45.4,4,96,0.042
2026-01-26,Kitchen,Lights,0.0965,4.020833333333333,37.0,18.276041666666668,45.4,8,96,0.083
2026-01-26,Living Room,AC,1.9887000000000001,82.86458333333333,1127.0,18.276041666666668,45.4,3,96,0.031
2026-01-26,Living Room,Fan,0.3625,15.28125,99.0,18.276041666666668,45.4,12,96,0.125
2026-01-26,Living Room,Lights,0.1211,5.041666666666667,39.0,18.276041666666668,45.4,14,96,0.146
2026-01-26,Office,AC,3.9694,165.39583333333334,1509.0,18.276041666666668,45.4,9,96,0.094
2026-01-26,Office,Fan,0.2748,11.635416666666666,93.0,18.276041666666668,45.4,9,96,0.094
2026-01-26,Office,Lights,0.0986,4.104166666666667,38.0,18.276041666666668,45.4,8,96,0.083
2026-01-27,Bathroom,Heater,2.5387,105.78125,2500.0,18.570833333333333,45.34479166666667,4,96,0.042
2026-01-27,Bathroom,Lights,0.0811,3.375,40.0,18.570833333333333,45.34479166666667,6,96,0.062
2026-01-27,Bedroom,AC,3.0061,125.26041666666667,1637.0,18.570833333333333,45.34479166666667,6,96,0.062
2026-01-27,Bedroom,Fan,0.2699,11.427083333333334,98.0,18.570833333333333,45.34479166666667,8,96,0.083
2026-01-27,Bedroom,Lights,0.0751,3.125,36.0,18.570833333333333,45.34479166666667,6,96,0.062
2026-01-27,Kitchen,Heater,1.2488,52.03125,2484.0,18.570833333333333,45.34479166666667,2,96,0.021
2026-01-27,Kitchen,Lights,0.0937,3.90625,36.0,18.570833333333333,45.34479166666667,8,96,0.083
2026-01-27,Living Room,AC,3.1847,132.69791666666666,1688.0,18.570833333333333,45.34479166666667,6,96,0.062
2026-01-27,Living Room,Fan,0.268,11.34375,100.0,18.570833333333333,45.34479166666667,8,96,0.083
2026-01-27,Living Room,Lights,0.1036,4.3125,38.0,18.570833333333333,45.34479166666667,10,96,0.104
2026-01-27,Office,AC,5.9126,246.36458333333334,1743.0,18.570833333333333,45.34479166666667,13,96,0.135
2026-01-27,Office,Fan,0.3201,13.510416666666666,95.0,18.570833333333333,45.34479166666667,11,96,0.115
2026-01-27,Office,Lights,0.0695,2.8958333333333335,34.0,18.570833333333333,45.34479166666667,4,96,0.042
2026-01-28,Bathroom,Heater,1.7907,74.61458333333333,2272.0,18.455208333333335,45.90520833333333,3,96,0.031
2026-01-28,Bathroom,Lights,0.0737,3.0729166666666665,32.0,18.455208333333335,45.90520833333333,5,96,0.052
2026-01-28,Bedroom,AC,2.7919,116.33333333333333,1636.0,18.455208333333335,45.90520833333333,5,96,0.052
2026-01-28,Bedroom,Fan,0.3203,13.520833333333334,99.0,18.455208333333335,45.90520833333333,11,96,0.115
2026-01-28,Bedroom,Lights,0.09280000000000001,3.8645833333333335,34.0,18.455208333333335,45.90520833333333,8,96,0.083
2026-01-28,Kitchen,Heater,2.1861,91.09375,2236.0,18.455208333333335,45.90520833333333,4,96,0.042
2026-01-28,Kitchen,Lights,0.0978,4.072916666666667,39.0,18.455208333333335,45.90520833333333,8,96,0.083
2026-01-28,Living Room,AC,4.54,189.16666666666666,1794.0,18.455208333333335,45.90520833333333,9,96,0.094
2026-01-28,Living Room,Fan,0.4044,17.020833333333332,100.0,18.455208333333335,45.90520833333333,15,96,0.156
2026-01-28,Living Room,Lights,0.0793,3.3020833333333335,39.0,18.455208333333335,45.90520833333333,5,96,0.052
2026-01-28,Office,AC,4.3125,179.6875,1761.0,18.455208333333335,45.90520833333333,9,96,0.094
2026-01-28,Office,Fan,0.439,18.46875,98.0,18.455208333333335,45.90520833333333,16,96,0.167
2026-01-28,Office,Lights,0.0834,3.46875,35.0,18.455208333333335,45.90520833333333,8,96,0.083
2026-01-29,Bathroom,Heater,1.9124999999999999,79.6875,2053.0,18.470833333333335,45.31666666666666,4,96,0.042
2026-01-29,Bathroom,Lights,0.0997,4.15625,35.0,18.470833333333335,45.31666666666666,10,96,0.104
2026-01-29,Bedroom,AC,4.5982,191.59375,1775.0,18.470833333333335,45.31666666666666,9,96,0.094
2026-01-29,Bedroom,Fan,0.317,13.385416666666666,93.0,18.470833333333335,45.31666666666666,11,96,0.115
2026-01-29,Bedroom,Lights,0.0758,3.15625,38.0,18.470833333333335,45.31666666666666,4,96,0.042
2026-01-29,Kitchen,Heater,1.2146,50.604166666666664,2375.0,18.470833333333335,45.31666666666666,2,96,0.021
2026-01-29,Kitchen,Lights,0.0765,3.1875,39.0,18.470833333333335,45.31666666666666,5,96,0.052
2026-01-29,Living Room,AC,3.5298,147.07291666666666,1773.0,18.470833333333335,45.31666666666666,6,96,0.062
2026-01-29,Living Room,Fan,0.39339999999999997,16.5625,99.0,18.470833333333335,45.31666666666666,14,96,0.146
2026-01-29,Living Room,Lights,0.0597,2.4895833333333335,37.0,18.470833333333335,45.31666666666666,2,96,0.021
2026-01-29,Office,AC,2.9754,123.97916666666667,1709.0,18.470833333333335,45.31666666666666,5,96,0.052
2026-01-29,Office,Fan,0.2849,12.052083333333334,98.0,18.470833333333335,45.31666666666666,9,96,0.094
2026-01-29,Office,Lights,0.0728,3.03125,30.0,18.470833333333335,45.31666666666666,4,96,0.042
2026-01-30,Bathroom,Heater,2.2596000000000003,94.14583333333333,2324.0,18.433333333333334,45.411458333333336,4,96,0.042
2026-01-30,Bathroom,Lights,0.092,3.8333333333333335,33.0,18.433333333333334,45.411458333333336,8,96,0.083
2026-01-30,Bedroom,AC,3.3829000000000002,140.94791666666666,1583.0,18.433333333333334,45.411458333333336,7,96,0.073
2026-01-30,Bedroom,Fan,0.26089999999999997,11.052083333333334,92.0,18.433333333333334,45.411458333333336,8,96,0.083
2026-01-30,Bedroom,Lights,0.1087,4.520833333333333,40.0,18.433333333333334,45.411458333333336,8,96,0.083
2026-01-30,Kitchen,Heater,1.6166,67.35416666666667,2043.0,18.433333333333334,45.411458333333336,3,96,0.031
2026-01-30,Kitchen,Lights,0.0653,2.71875,34.0,18.433333333333334,45.411458333333336,3,96,0.031
2026-01-30,Living Room,AC,2.5789,107.44791666666667,1591.0,18.433333333333334,45.411458333333336,4,96,0.042
2026-01-30,Living Room,Fan,0.30929999999999996,13.0625,100.0,18.433333333333334,45.411458333333336,10,96,0.104
2026-01-30,Living Room,Lights,0.1057,4.40625,40.0,18.433333333333334,45.411458333333336,9,96,0.094
2026-01-30,Office,AC,3.4799,144.98958333333334,1774.0,18.433333333333334,45.411458333333336,6,96,0.062
2026-01-30,Office,Fan,0.2607,11.041666666666666,100.0,18.433333333333334,45.411458333333336,8,96,0.083
2026-01-30,Office,Lights,0.0959,4.0,37.0,18.433333333333334,45.411458333333336,8,96,0.083
2026-01-31,Bathroom,Heater,1.1757,48.989583333333336,2150.0,18.780208333333334,45.55416666666667,2,96,0.021
2026-01-31,Bathroom,Lights,0.0771,3.21875,33.0,18.780208333333334,45.55416666666667,5,96,0.052
2026-01-31,Bedroom,AC,4.91,204.59375,1719.0,18.780208333333334,45.55416666666667,11,96,0.115
2026-01-31,Bedroom,Fan,0.31729999999999997,13.395833333333334,95.0,18.780208333333334,45.55416666666667,11,96,0.115
2026-01-31,Bedroom,Lights,0.0984,4.104166666666667,39.0,18.780208333333334,45.55416666666667,9,96,0.094
2026-01-31,Kitchen,Heater,1.836,76.5,2450.0,18.780208333333334,45.55416666666667,3,96,0.031
2026-01-31,Kitchen,Lights,0.0828,3.4479166666666665,36.0,18.780208333333334,45.55416666666667,5,96,0.052
2026-01-31,Living Room,AC,4.7734000000000005,198.88541666666666,1779.0,18.780208333333334,45.55416666666667,10,96,0.104
2026-01-31,Living Room,Fan,0.3005,12.697916666666666,93.0,18.780208333333334,45.55416666666667,10,96,0.104
2026-01-31,Living Room,Lights,0.0961,4.0,38.0,18.780208333333334,45.55416666666667,8,96,0.083
2026-01-31,Office,AC,4.0927999999999995,170.53125,1716.0,18.780208333333334,45.55416666666667,9,96,0.094
2026-01-31,Office,Fan,0.3455,14.5625,96.0,18.780208333333334,45.55416666666667,12,96,0.125
2026-01-31,Office,Lights,0.0818,3.40625,31.0,18.780208333333334,45.55416666666667,8,96,0.083
2026-02-01,Bathroom,Heater,2.717,113.20833333333333,2389.0,20.288541666666667,45.22708333333333,5,96,0.052
2026-02-01,Bathroom,Lights,0.065,2.7083333333333335,35.0,20.288541666666667,45.22708333333333,3,96,0.031
2026-02-01,Bedroom,AC,6.364,265.1666666666667,1750.0,20.288541666666667,45.22708333333333,15,96,0.156
2026-02-01,Bedroom,Fan,0.30079999999999996,12.708333333333334,95.0,20.288541666666667,45.22708333333333,10,96,0.104
2026-02-01,Bedroom,Lights,0.1144,4.760416666666667,35.0,20.288541666666667,45.22708333333333,11,96,0.115
2026-02-01,Kitchen,Heater,1.9585,81.60416666666667,2452.0,20.288541666666667,45.22708333333333,3,96,0.031
2026-02-01,Kitchen,Lights,0.0815,3.3958333333333335,40.0,20.288541666666667,45.22708333333333,5,96,0.052
2026-02-01,Living Room,AC,6.3262,263.59375,1749.0,20.288541666666667,45.22708333333333,15,96,0.156
2026-02-01,Living Room,Fan,0.3036,12.822916666666666,99.0,20.288541666666667,45.22708333333333,9,96,0.094
2026-02-01,Living Room,Lights,0.1064,4.427083333333333,35.0,20.288541666666667,45.22708333333333,12,96,0.125
2026-02-01,Office,AC,5.8193,242.46875,1748.0,20.288541666666667,45.22708333333333,14,96,0.146
2026-02-01,Office,Fan,0.34159999999999996,14.40625,99.0,20.288541666666667,45.22708333333333,12,96,0.125
2026-02-01,Office,Lights,0.067,2.7916666666666665,32.0,20.288541666666667,45.22708333333333,4,96,0.042
2026-02-02,Bathroom,Heater,2.1838,90.98958333333333,2449.0,20.6125,44.87708333333333,4,96,0.042
2026-02-02,Bathroom,Lights,0.1007,4.197916666666667,34.0,20.6125,44.87708333333333,9,96,0.094
2026-02-02,Bedroom,AC,3.8002000000000002,158.33333333333334,1711.0,20.6125,44.87708333333333,8,96,0.083
2026-02-02,Bedroom,Fan,0.2965,12.541666666666666,95.0,20.6125,44.87708333333333,10,96,0.104
2026-02-02,Bedroom,Lights,0.0722,3.0104166666666665,37.0,20.6125,44.87708333333333,3,96,0.031
2026-02-02,Kitchen,Heater,1.1284,47.020833333333336,1913.0,20.6125,44.87708333333333,2,96,0.021
2026-02-02,Kitchen,Lights,0.0891,3.71875,38.0,20.6125,44.87708333333333,7,96,0.073
2026-02-02,Living Room,AC,2.2545,93.9375,1751.0,20.6125,44.87708333333333,3,96,0.031
2026-02-02,Living Room,Fan,0.2863,12.104166666666666,99.0,20.6125,44.87708333333333,10,96,0.104
2026-02-02,Living Room,Lights,0.0876,3.6458333333333335,37.0,20.6125,44.87708333333333,8,96,0.083
2026-02-02,Office,AC,3.221,134.20833333333334,1728.0,20.6125,44.87708333333333,6,96,0.062
2026-02-02,Office,Fan,0.4189,17.625,96.0,20.6125,44.87708333333333,16,96,0.167
2026-02-02,Office,Lights,0.1042,4.34375,38.0,20.6125,44.87708333333333,8,96,0.083
2026-02-03,Bathroom,Heater,2.3064,96.10416666666667,2460.0,20.573958333333334,46.12083333333334,4,96,0.042
2026-02-03,Bathroom,Lights,0.0828,3.4479166666666665,39.0,20.573958333333334,46.12083333333334,6,96,0.062
2026-02-03,Bedroom,AC,3.181,132.54166666666666,1674.0,20.573958333333334,46.12083333333334,6,96,0.062
2026-02-03,Bedroom,Fan,0.3849,16.197916666666668,90.0,20.573958333333334,46.12083333333334,15,96,0.156
2026-02-03,Bedroom,Lights,0.1008,4.197916666666667,40.0,20.573958333333334,46.12083333333334,8,96,0.083
2026-02-03,Kitchen,Heater,0.7010000000000001,29.208333333333332,1854.0,20.573958333333334,46.12083333333334,1,96,0.01
2026-02-03,Kitchen,Lights,0.0849,3.53125,32.0,20.573958333333334,46.12083333333334,7,96,0.073
2026-02-03,Living Room,AC,3.3126,138.03125,1785.0,20.573958333333334,46.12083333333334,6,96,0.062
2026-02-03,Living Room,Fan,0.24889999999999998,10.552083333333334,97.0,20.573958333333334,46.12083333333334,7,96,0.073
2026-02-03,Living Room,Lights,0.0767,3.1979166666666665,33.0,20.573958333333334,46.12083333333334,5,96,0.052
2026-02-03,Office,AC,3.6142,150.59375,1787.0,20.573958333333334,46.12083333333334,7,96,0.073
2026-02-03,Office,Fan,0.288,12.177083333333334,100.0,20.573958333333334,46.12083333333334,9,96,0.094
2026-02-03,Office,Lights,0.085,3.5416666666666665,38.0,20.573958333333334,46.12083333333334,7,96,0.073
2026-02-04,Bathroom,Heater,1.6265,67.77083333333333,2024.0,20.392708333333335,45.69375,3,96,0.031
2026-02-04,Bathroom,Lights,0.0764,3.1875,29.0,20.392708333333335,45.69375,5,96,0.052
2026-02-04,Bedroom,AC,2.044,85.16666666666667,1392.0,20.392708333333335,45.69375,3,96,0.031
2026-02-04,Bedroom,Fan,0.3176,13.40625,100.0,20.392708333333335,45.69375,11,96,0.115
2026-02-04,Bedroom,Lights,0.0845,3.5208333333333335,39.0,20.392708333333335,45.69375,5,96,0.052
2026-02-04,Kitchen,Heater,2.4316,101.3125,2372.0,20.392708333333335,45.69375,4,96,0.042
2026-02-04,Kitchen,Lights,0.0702,2.9270833333333335,37.0,20.392708333333335,45.69375,5,96,0.052
2026-02-04,Living Room,AC,3.9533,164.72916666666666,1764.0,20.392708333333335,45.69375,8,96,0.083
2026-02-04,Living Room,Fan,0.3318,14.0,99.0,20.392708333333335,45.69375,12,96,0.125
2026-02-04,Living Room,Lights,0.0715,2.9791666666666665,21.0,20.392708333333335,45.69375,6,96,0.062
2026-02-04,Office,AC,2.5043,104.34375,1562.0,20.392708333333335,45.69375,4,96,0.042
2026-02-04,Office,Fan,0.4059,17.083333333333332,99.0,20.392708333333335,45.69375,15,96,0.156
2026-02-04,Office,Lights,0.1332,5.552083333333333,40.0,20.392708333333335,45.69375,14,96,0.146
2026-02-05,Bathroom,Heater,2.6505,110.4375,2279.0,20.519791666666666,45.715624999999996,5,96,0.052
2026-02-05,Bathroom,Lights,0.08750000000000001,3.6458333333333335,35.0,20.519791666666666,45.715624999999996,6,96,0.062
2026-02-05,Bedroom,AC,4.1667000000000005,173.60416666666666,1704.0,20.519791666666666,45.715624999999996,9,96,0.094
2026-02-05,Bedroom,Fan,0.32839999999999997,13.854166666666666,99.0,20.519791666666666,45.715624999999996,11,96,0.115
2026-02-05,Bedroom,Lights,0.09230000000000001,3.84375,36.0,20.519791666666666,45.715624999999996,7,96,0.073
2026-02-05,Kitchen,Heater,1.272,53.0,2181.0,20.519791666666666,45.715624999999996,2,96,0.021
2026-02-05,Kitchen,Lights,0.1042,4.34375,40.0,20.519791666666666,45.715624999999996,8,96,0.083
2026-02-05,Living Room,AC,4.6341,193.08333333333334,1768.0,20.519791666666666,45.715624999999996,10,96,0.104
2026-02-05,Living Room,Fan,0.3305,13.947916666666666,95.0,20.519791666666666,45.715624999999996,11,96,0.115
2026-02-05,Living Room,Lights,0.0592,2.46875,21.0,20.519791666666666,45.715624999999996,4,96,0.042
2026-02-05,Office,AC,3.1223,130.09375,1494.0,20.519791666666666,45.715624999999996,6,96,0.062
2026-02-05,Office,Fan,0.3438,14.5,97.0,20.519791666666666,45.715624999999996,12,96,0.125
2026-02-05,Office,Lights,0.0795,3.3125,38.0,20.519791666666666,45.715624999999996,5,96,0.052
2026-02-06,Bathroom,Heater,1.6243,67.67708333333333,2111.0,20.513541666666665,46.01770833333333,3,96,0.031
2026-02-06,Bathroom,Lights,0.0662,2.7604166666666665,36.0,20.513541666666665,46.01770833333333,3,96,0.031
2026-02-06,Bedroom,AC,3.5473,147.80208333333334,1598.0,20.513541666666665,46.01770833333333,7,96,0.073
2026-02-06,Bedroom,Fan,0.4077,17.145833333333332,94.0,20.513541666666665,46.01770833333333,16,96,0.167
2026-02-06,Bedroom,Lights,0.0723,3.0104166666666665,27.0,20.513541666666665,46.01770833333333,6,96,0.062
2026-02-06,Kitchen,Heater,0.633,26.375,1582.0,20.513541666666665,46.01770833333333,1,96,0.01
2026-02-06,Kitchen,Lights,0.0825,3.4375,40.0,20.513541666666665,46.01770833333333,7,96,0.073
2026-02-06,Living Room,AC,3.185,132.70833333333334,1728.0,20.513541666666665,46.01770833333333,6,96,0.062
2026-02-06,Living Room,Fan,0.1972,8.40625,100.0,20.513541666666665,46.01770833333333,4,96,0.042
2026-02-06,Living Room,Lights,0.0627,2.6145833333333335,33.0,20.513541666666665,46.01770833333333,3,96,0.031
2026-02-06,Office,AC,2.56,106.66666666666667,1794.0,20.513541666666665,46.01770833333333,4,96,0.042
2026-02-06,Office,Fan,0.3601,15.177083333333334,99.0,20.513541666666665,46.01770833333333,14,96,0.146
2026-02-06,Office,Lights,0.1075,4.479166666666667,38.0,20.513541666666665,46.01770833333333,10,96,0.104
2026-02-07,Bathroom,Heater,1.312,54.666666666666664,2367.0,20.561458333333334,45.153124999999996,2,96,0.021
2026-02-07,Bathroom,Lights,0.0736,3.0729166666666665,30.0,20.561458333333334,45.153124999999996,6,96,0.062
2026-02-07,Bedroom,AC,6.6375,276.5625,1746.0,20.561458333333334,45.153124999999996,16,96,0.167
2026-02-07,Bedroom,Fan,0.4226,17.770833333333332,92.0,20.561458333333334,45.153124999999996,17,96,0.177
2026-02-07,Bedroom,Lights,0.0818,3.40625,35.0,20.561458333333334,45.153124999999996,7,96,0.073
2026-02-07,Kitchen,Heater,1.3965,58.1875,2330.0,20.561458333333334,45.153124999999996,2,96,0.021
2026-02-07,Kitchen,Lights,0.0968,4.03125,40.0,20.561458333333334,45.153124999999996,7,96,0.073
2026-02-07,Living Room,AC,4.6787,194.94791666666666,1730.0,20.561458333333334,45.153124999999996,10,96,0.104
2026-02-07,Living Room,Fan,0.2245,9.541666666666666,90.0,20.561458333333334,45.153124999999996,6,96,0.062
2026-02-07,Living Room,Lights,0.1072,4.46875,37.0,20.561458333333334,45.153124999999996,11,96,0.115
2026-02-07,Office,AC,4.628,192.82291666666666,1727.0,20.561458333333334,45.153124999999996,10,96,0.104
2026-02-07,Office,Fan,0.295,12.46875,96.0,20.561458333333334,45.153124999999996,10,96,0.104
2026-02-07,Office,Lights,0.1072,4.46875,40.0,20.561458333333334,45.153124999999996,10,96,0.104
2026-02-08,Bathroom,Heater,1.3722999999999999,57.177083333333336,2379.0,20.508333333333333,45.784375000000004,2,96,0.021
2026-02-08,Bathroom,Lights,0.1048,4.364583333333333,39.0,20.508333333333333,45.784375000000004,9,96,0.094
2026-02-08,Bedroom,AC,4.2023,175.09375,1666.0,20.508333333333333,45.784375000000004,9,96,0.094
2026-02-08,Bedroom,Fan,0.4013,16.885416666666668,99.0,20.508333333333333,45.784375000000004,15,96,0.156
2026-02-08,Bedroom,Lights,0.089,3.7083333333333335,38.0,20.508333333333333,45.784375000000004,7,96,0.073
2026-02-08,Kitchen,Heater,0.24,10.0,10.0,20.508333333333333,45.784375000000004,0,96,0.0
2026-02-08,Kitchen,Lights,0.0828,3.4375,31.0,20.508333333333333,45.784375000000004,8,96,0.083
2026-02-08,Living Room,AC,3.3695,140.39583333333334,1790.0,20.508333333333333,45.784375000000004,6,96,0.062
2026-02-08,Living Room,Fan,0.3025,12.78125,98.0,20.508333333333333,45.784375000000004,11,96,0.115
2026-02-08,Living Room,Lights,0.1124,4.6875,40.0,20.508333333333333,45.784375000000004,12,96,0.125
2026-02-08,Office,AC,5.9177,246.5625,1774.0,20.508333333333333,45.784375000000004,14,96,0.146
2026-02-08,Office,Fan,0.3067,12.958333333333334,95.0,20.508333333333333,45.784375000000004,10,96,0.104
2026-02-08,Office,Lights,0.0982,4.09375,32.0,20.508333333333333,45.784375000000004,10,96,0.104
2026-02-09,Bathroom,Heater,1.6563,69.01041666666667,2186.0,20.664583333333333,45.803125,3,96,0.031
2026-02-09,Bathroom,Lights,0.09,3.7604166666666665,37.0,20.664583333333333,45.803125,7,96,0.073
2026-02-09,Bedroom,AC,3.1597,131.65625,1702.0,20.664583333333333,45.803125,6,96,0.062
2026-02-09,Bedroom,Fan,0.2956,12.5,96.0,20.664583333333333,45.803125,10,96,0.104
2026-02-09,Bedroom,Lights,0.081,3.375,33.0,20.664583333333333,45.803125,6,96,0.062
2026-02-09,Kitchen,Heater,3.2315,134.64583333333334,2314.0,20.664583333333333,45.803125,6,96,0.062
2026-02-09,Kitchen,Lights,0.0781,3.2604166666666665,35.0,20.664583333333333,45.803125,6,96,0.062
2026-02-09,Living Room,AC,4.1964,174.85416666666666,1770.0,20.664583333333333,45.803125,8,96,0.083
2026-02-09,Living Room,Fan,0.3454,14.5625,91.0,20.664583333333333,45.803125,12,96,0.125
2026-02-09,Living Room,Lights,0.0798,3.3229166666666665,29.0,20.664583333333333,45.803125,6,96,0.062
2026-02-09,Office,AC,2.8858,120.23958333333333,1680.0,20.664583333333333,45.803125,5,96,0.052
2026-02-09,Office,Fan,0.3295,13.90625,100.0,20.664583333333333,45.803125,11,96,0.115
2026-02-09,Office,Lights,0.062,2.5833333333333335,27.0,20.664583333333333,45.803125,3,96,0.031
2026-02-10,Bathroom,Heater,2.2656,94.39583333333333,2387.0,20.703125,45.15,4,96,0.042
2026-02-10,Bathroom,Lights,0.0683,2.84375,35.0,20.703125,45.15,3,96,0.031
2026-02-10,Bedroom,AC,2.7062,112.76041666666667,1624.0,20.703125,45.15,4,96,0.042
2026-02-10,Bedroom,Fan,0.3522,14.854166666666666,97.0,20.703125,45.15,12,96,0.125
2026-02-10,Bedroom,Lights,0.088,3.6666666666666665,40.0,20.703125,45.15,8,96,0.083
2026-02-10,Kitchen,Heater,3.2332,134.70833333333334,2239.0,20.703125,45.15,6,96,0.062
2026-02-10,Kitchen,Lights,0.095,3.9479166666666665,40.0,20.703125,45.15,7,96,0.073
2026-02-10,Living Room,AC,3.5581,148.25,1702.0,20.703125,45.15,7,96,0.073
2026-02-10,Living Room,Fan,0.3357,14.15625,96.0,20.703125,45.15,12,96,0.125
2026-02-10,Living Room,Lights,0.0929,3.875,34.0,20.703125,45.15,7,96,0.073
2026-02-10,Office,AC,3.9741,165.58333333333334,1661.0,20.703125,45.15,8,96,0.083
2026-02-10,Office,Fan,0.2889,12.21875,100.0,20.703125,45.15,9,96,0.094
2026-02-10,Office,Lights,0.0751,3.125,31.0,20.703125,45.15,5,96,0.052
2026-02-11,Bathroom,Heater,1.7226,71.77083333333333,2030.0,20.486458333333335,45.38229166666667,3,96,0.031
2026-02-11,Bathroom,Lights,0.0927,3.8541666666666665,39.0,20.486458333333335,45.38229166666667,8,96,0.083
2026-02-11,Bedroom,AC,3.0268,126.11458333333333,1671.0,20.486458333333335,45.38229166666667,6,96,0.062
2026-02-11,Bedroom,Fan,0.286,12.09375,100.0,20.486458333333335,45.38229166666667,9,96,0.094
2026-02-11,Bedroom,Lights,0.0743,3.09375,39.0,20.486458333333335,45.38229166666667,3,96,0.031
2026-02-11,Kitchen,Heater,3.0544,127.26041666666667,2484.0,20.486458333333335,45.38229166666667,5,96,0.052
2026-02-11,Kitchen,Lights,0.0932,3.8854166666666665,38.0,20.486458333333335,45.38229166666667,7,96,0.073
2026-02-11,Living Room,AC,4.2283,176.17708333333334,1711.0,20.486458333333335,45.38229166666667,9,96,0.094
2026-02-11,Living Room,Fan,0.15519999999999998,6.666666666666667,97.0,20.486458333333335,45.38229166666667,2,96,0.021
2026-02-11,Living Room,Lights,0.0881,3.6666666666666665,34.0,20.486458333333335,45.38229166666667,7,96,0.073
2026-02-11,Office,AC,3.2867,136.94791666666666,1679.0,20.486458333333335,45.38229166666667,6,96,0.062
2026-02-11,Office,Fan,0.4079,17.166666666666668,100.0,20.486458333333335,45.38229166666667,15,96,0.156
2026-02-11,Office,Lights,0.0963,4.010416666666667,38.0,20.486458333333335,45.38229166666667,9,96,0.094
2026-02-12,Bathroom,Heater,1.78,74.16666666666667,2417.0,20.610416666666666,45.86041666666667,3,96,0.031
2026-02-12,Bathroom,Lights,0.0871,3.625,39.0,20.610416666666666,45.86041666666667,7,96,0.073
2026-02-12,Bedroom,AC,5.0685,211.1875,1772.0,20.610416666666666,45.86041666666667,11,96,0.115
2026-02-12,Bedroom,Fan,0.2802,11.854166666666666,99.0,20.610416666666666,45.86041666666667,8,96,0.083
2026-02-12,Bedroom,Lights,0.094,3.9166666666666665,38.0,20.610416666666666,45.86041666666667,7,96,0.073
2026-02-12,Kitchen,Heater,1.5911,66.29166666666667,1856.0,20.610416666666666,45.86041666666667,3,96,0.031
2026-02-12,Kitchen,Lights,0.0754,3.1458333333333335,40.0,20.610416666666666,45.86041666666667,4,96,0.042
2026-02-12,Living Room,AC,3.2401,135.0,1756.0,20.610416666666666,45.86041666666667,6,96,0.062
2026-02-12,Living Room,Fan,0.2657,11.260416666666666,91.0,20.610416666666666,45.86041666666667,9,96,0.094
2026-02-12,Living Room,Lights,0.1103,4.59375,38.0,20.610416666666666,45.86041666666667,9,96,0.094
2026-02-12,Office,AC,3.4231000000000003,142.625,1463.0,20.610416666666666,45.86041666666667,7,96,0.073
2026-02-12,Office,Fan,0.34359999999999996,14.5,99.0,20.610416666666666,45.86041666666667,12,96,0.125
2026-02-12,Office,Lights,0.0798,3.3229166666666665,36.0,20.610416666666666,45.86041666666667,7,96,0.073
2026-02-13,Bathroom,Heater,1.135,47.291666666666664,1921.0,20.584374999999998,46.20520833333333,2,96,0.021
2026-02-13,Bathroom,Lights,0.08,3.3333333333333335,40.0,20.584374999999998,46.20520833333333,6,96,0.062
2026-02-13,Bedroom,AC,3.8791,161.63541666666666,1737.0,20.584374999999998,46.20520833333333,7,96,0.073
2026-02-13,Bedroom,Fan,0.31639999999999996,13.354166666666666,96.0,20.584374999999998,46.20520833333333,10,96,0.104
2026-02-13,Bedroom,Lights,0.1005,4.1875,34.0,20.584374999999998,46.20520833333333,9,96,0.094
2026-02-13,Kitchen,Heater,4.3811,182.54166666666666,2488.0,20.584374999999998,46.20520833333333,9,96,0.094
2026-02-13,Kitchen,Lights,0.0956,3.9895833333333335,37.0,20.584374999999998,46.20520833333333,6,96,0.062
2026-02-13,Living Room,AC,2.4727,103.03125,1591.0,20.584374999999998,46.20520833333333,4,96,0.042
2026-02-13,Living Room,Fan,0.2964,12.53125,98.0,20.584374999999998,46.20520833333333,9,96,0.094
2026-02-13,Living Room,Lights,0.1131,4.71875,40.0,20.584374999999998,46.20520833333333,10,96,0.104
2026-02-13,Office,AC,2.439,101.625,1742.0,20.584374999999998,46.20520833333333,4,96,0.042
2026-02-13,Office,Fan,0.3953,16.645833333333332,95.0,20.584374999999998,46.20520833333333,15,96,0.156
2026-02-13,Office,Lights,0.0661,2.75,35.0,20.584374999999998,46.20520833333333,3,96,0.031
2026-02-14,Bathroom,Heater,1.0742,44.760416666666664,1784.0,20.648958333333333,45.94375,2,96,0.021
2026-02-14,Bathroom,Lights,0.0961,4.0,36.0,20.648958333333333,45.94375,8,96,0.083
2026-02-14,Bedroom,AC,4.8188,200.78125,1763.0,20.648958333333333,45.94375,10,96,0.104
2026-02-14,Bedroom,Fan,0.3029,12.802083333333334,94.0,20.648958333333333,45.94375,10,96,0.104
2026-02-14,Bedroom,Lights,0.0753,3.1354166666666665,40.0,20.648958333333333,45.94375,5,96,0.052
2026-02-14,Kitchen,Heater,2.7357,113.98958333333333,2345.0,20.648958333333333,45.94375,5,96,0.052
2026-02-14,Kitchen,Lights,0.10300000000000001,4.291666666666667,39.0,20.648958333333333,45.94375,9,96,0.094
2026-02-14,Living Room,AC,4.2812,178.38541666666666,1682.0,20.648958333333333,45.94375,9,96,0.094
2026-02-14,Living Room,Fan,0.4007,16.864583333333332,99.0,20.648958333333333,45.94375,16,96,0.167
2026-02-14,Living Room,Lights,0.0903,3.7604166666666665,31.0,20.648958333333333,45.94375,8,96,0.083
2026-02-14,Office,AC,6.1682,257.0104166666667,1767.0,20.648958333333333,45.94375,14,96,0.146
2026-02-14,Office,Fan,0.32639999999999997,13.770833333333334,95.0,20.648958333333333,45.94375,12,96,0.125
2026-02-14,Office,Lights,0.1058,4.40625,38.0,20.648958333333333,45.94375,10,96,0.104
2026-02-15,Bathroom,Heater,1.8775,78.22916666666667,2484.0,20.701041666666665,45.13229166666667,3,96,0.031
2026-02-15,Bathroom,Lights,0.0998,4.15625,40.0,20.701041666666665,45.13229166666667,9,96,0.094
2026-02-15,Bedroom,AC,5.2201,217.5,1711.0,20.701041666666665,45.13229166666667,12,96,0.125
2026-02-15,Bedroom,Fan,0.388,16.333333333333332,96.0,20.701041666666665,45.13229166666667,15,96,0.156
2026-02-15,Bedroom,Lights,0.1044,4.34375,40.0,20.701041666666665,45.13229166666667,10,96,0.104
2026-02-15,Kitchen,Heater,1.129,47.041666666666664,2052.0,20.701041666666665,45.13229166666667,2,96,0.021
2026-02-15,Kitchen,Lights,0.08600000000000001,3.5833333333333335,33.0,20.701041666666665,45.13229166666667,8,96,0.083
2026-02-15,Living Room,AC,5.3593,223.30208333333334,1798.0,20.701041666666665,45.13229166666667,12,96,0.125
2026-02-15,Living Room,Fan,0.322,13.59375,100.0,20.701041666666665,45.13229166666667,11,96,0.115
2026-02-15,Living Room,Lights,0.0859,3.5729166666666665,39.0,20.701041666666665,45.13229166666667,6,96,0.062
2026-02-15,Office,AC,5.5353,230.63541666666666,1786.0,20.701041666666665,45.13229166666667,13,96,0.135
2026-02-15,Office,Fan,0.385,16.208333333333332,87.0,20.701041666666665,45.13229166666667,15,96,0.156
2026-02-15,Office,Lights,0.07680000000000001,3.1979166666666665,39.0,20.701041666666665,45.13229166666667,4,96,0.042
2026-02-16,Bathroom,Heater,1.5859999999999999,66.08333333333333,2332.0,20.619791666666668,45.786458333333336,3,96,0.031
2026-02-16,Bathroom,Lights,0.1286,5.354166666666667,39.0,20.619791666666668,45.786458333333336,12,96,0.125
2026-02-16,Bedroom,AC,4.9443,206.01041666666666,1692.0,20.619791666666668,45.786458333333336,12,96,0.125
2026-02-16,Bedroom,Fan,0.35869999999999996,15.114583333333334,99.0,20.619791666666668,45.786458333333336,12,96,0.125
2026-02-16,Bedroom,Lights,0.1021,4.25,38.0,20.619791666666668,45.786458333333336,7,96,0.073
2026-02-16,Kitchen,Heater,1.2733,53.052083333333336,2178.0,20.619791666666668,45.786458333333336,2,96,0.021
2026-02-16,Kitchen,Lights,0.1031,4.291666666666667,38.0,20.619791666666668,45.786458333333336,9,96,0.094
2026-02-16,Living Room,AC,3.5754,148.97916666666666,1781.0,20.619791666666668,45.786458333333336,7,96,0.073
2026-02-16,Living Room,Fan,0.28859999999999997,12.21875,100.0,20.619791666666668,45.786458333333336,9,96,0.094
2026-02-16,Living Room,Lights,0.0878,3.65625,38.0,20.619791666666668,45.786458333333336,7,96,0.073
2026-02-16,Office,AC,3.9145000000000003,163.10416666666666,1781.0,20.619791666666668,45.786458333333336,7,96,0.073
2026-02-16,Office,Fan,0.3364,14.1875,100.0,20.619791666666668,45.786458333333336,12,96,0.125
2026-02-16,Office,Lights,0.0845,3.5208333333333335,39.0,20.619791666666668,45.786458333333336,7,96,0.073
2026-02-17,Bathroom,Heater,1.8529,77.20833333333333,2437.0,20.588541666666668,45.703125,3,96,0.031
2026-02-17,Bathroom,Lights,0.0667,2.78125,34.0,20.588541666666668,45.703125,3,96,0.031
2026-02-17,Bedroom,AC,4.2764,178.1875,1677.0,20.588541666666668,45.703125,9,96,0.094
2026-02-17,Bedroom,Fan,0.3281,13.84375,91.0,20.588541666666668,45.703125,12,96,0.125
2026-02-17,Bedroom,Lights,0.1038,4.333333333333333,39.0,20.588541666666668,45.703125,10,96,0.104
2026-02-17,Kitchen,Heater,1.8028,75.11458333333333,2207.0,20.588541666666668,45.703125,3,96,0.031
2026-02-17,Kitchen,Lights,0.1071,4.458333333333333,39.0,20.588541666666668,45.703125,9,96,0.094
2026-02-17,Living Room,AC,3.1441,131.0,1763.0,20.588541666666668,45.703125,5,96,0.052
2026-02-17,Living Room,Fan,0.3151,13.3125,100.0,20.588541666666668,45.703125,10,96,0.104
2026-02-17,Living Room,Lights,0.0789,3.28125,36.0,20.588541666666668,45.703125,5,96,0.052
2026-02-17,Office,AC,3.0858,128.57291666666666,1603.0,20.588541666666668,45.703125,6,96,0.062
2026-02-17,Office,Fan,0.3477,14.65625,100.0,20.588541666666668,45.703125,12,96,0.125
2026-02-17,Office,Lights,0.1095,4.5625,38.0,20.588541666666668,45.703125,10,96,0.104
2026-02-18,Bathroom,Heater,1.8018999999999998,75.07291666666667,2271.0,20.630208333333332,45.6875,3,96,0.031
2026-02-18,Bathroom,Lights,0.1093,4.552083333333333,38.0,20.630208333333332,45.6875,9,96,0.094
2026-02-18,Bedroom,AC,3.5162,146.51041666666666,1724.0,20.630208333333332,45.6875,7,96,0.073
2026-02-18,Bedroom,Fan,0.4112,17.302083333333332,97.0,20.630208333333332,45.6875,15,96,0.156
2026-02-18,Bedroom,Lights,0.106,4.416666666666667,38.0,20.630208333333332,45.6875,9,96,0.094
2026-02-18,Kitchen,Heater,3.1297,130.40625,2265.0,20.630208333333332,45.6875,6,96,0.062
2026-02-18,Kitchen,Lights,0.1005,4.1875,38.0,20.630208333333332,45.6875,9,96,0.094
2026-02-18,Living Room,AC,4.3001,179.17708333333334,1732.0,20.630208333333332,45.6875,9,96,0.094
2026-02-18,Living Room,Fan,0.18109999999999998,7.739583333333333,89.0,20.630208333333332,45.6875,4,96,0.042
2026-02-18,Living Room,Lights,0.08940000000000001,3.7291666666666665,37.0,20.630208333333332,45.6875,6,96,0.062
2026-02-18,Office,AC,3.6369,151.54166666666666,1553.0,20.630208333333332,45.6875,7,96,0.073
2026-02-18,Office,Fan,0.2397,10.166666666666666,100.0,20.630208333333332,45.6875,7,96,0.073
2026-02-18,Office,Lights,0.0903,3.7604166666666665,34.0,20.630208333333332,45.6875,6,96,0.062
2026-02-19,Bathroom,Heater,1.839,76.625,2412.0,20.634375000000002,45.46979166666667,3,96,0.031
2026-02-19,Bathroom,Lights,0.0824,3.4375,40.0,20.634375000000002,45.46979166666667,6,96,0.062
2026-02-19,Bedroom,AC,4.2592,177.46875,1797.0,20.634375000000002,45.46979166666667,9,96,0.094
2026-02-19,Bedroom,Fan,0.37279999999999996,15.697916666666666,98.0,20.634375000000002,45.46979166666667,15,96,0.156
2026-02-19,Bedroom,Lights,0.0927,3.8645833333333335,39.0,20.634375000000002,45.46979166666667,8,96,0.083
2026-02-19,Kitchen,Heater,1.6235,67.64583333333333,2146.0,20.634375000000002,45.46979166666667,3,96,0.031
2026-02-19,Kitchen,Lights,0.0883,3.6770833333333335,40.0,20.634375000000002,45.46979166666667,7,96,0.073
2026-02-19,Living Room,AC,3.5773,149.05208333333334,1680.0,20.634375000000002,45.46979166666667,7,96,0.073
2026-02-19,Living Room,Fan,0.3308,13.958333333333334,98.0,20.634375000000002,45.46979166666667,12,96,0.125
2026-02-19,Living Room,Lights,0.0998,4.15625,38.0,20.634375000000002,45.46979166666667,7,96,0.073
2026-02-19,Office,AC,3.1327000000000003,130.53125,1508.0,20.634375000000002,45.46979166666667,6,96,0.062
2026-02-19,Office,Fan,0.4401,18.5,99.0,20.634375000000002,45.46979166666667,17,96,0.177
2026-02-19,Office,Lights,0.0833,3.46875,36.0,20.634375000000002,45.46979166666667,8,96,0.083
2026-02-20,Bathroom,Heater,1.2774,53.229166666666664,2181.0,20.484375,45.14270833333333,2,96,0.021
2026-02-20,Bathroom,Lights,0.0639,2.6666666666666665,20.0,20.484375,45.14270833333333,5,96,0.052
2026-02-20,Bedroom,AC,2.3947000000000003,99.78125,1741.0,20.484375,45.14270833333333,4,96,0.042
2026-02-20,Bedroom,Fan,0.39999999999999997,16.833333333333332,100.0,20.484375,45.14270833333333,15,96,0.156
2026-02-20,Bedroom,Lights,0.0687,2.8645833333333335,26.0,20.484375,45.14270833333333,4,96,0.042
2026-02-20,Kitchen,Heater,1.969,82.04166666666667,1965.0,20.484375,45.14270833333333,4,96,0.042
2026-02-20,Kitchen,Lights,0.07200000000000001,3.0,35.0,20.484375,45.14270833333333,4,96,0.042
2026-02-20,Living Room,AC,3.4687,144.53125,1698.0,20.484375,45.14270833333333,7,96,0.073
2026-02-20,Living Room,Fan,0.29569999999999996,12.5,99.0,20.484375,45.14270833333333,9,96,0.094
2026-02-20,Living Room,Lights,0.0614,2.5625,37.0,20.484375,45.14270833333333,2,96,0.021
2026-02-20,Office,AC,3.2384,134.9375,1672.0,20.484375,45.14270833333333,6,96,0.062
2026-02-20,Office,Fan,0.32749999999999996,13.822916666666666,100.0,20.484375,45.14270833333333,11,96,0.115
2026-02-20,Office,Lights,0.1031,4.302083333333333,39.0,20.484375,45.14270833333333,10,96,0.104
2026-02-21,Bathroom,Heater,1.6802000000000001,70.01041666666667,2221.0,20.403125,45.364583333333336,3,96,0.031
2026-02-21,Bathroom,Lights,0.0833,3.46875,35.0,20.403125,45.364583333333336,6,96,0.062
2026-02-21,Bedroom,AC,6.1514,256.3125,1780.0,20.403125,45.364583333333336,14,96,0.146
2026-02-21,Bedroom,Fan,0.2959,12.510416666666666,92.0,20.403125,45.364583333333336,10,96,0.104
2026-02-21,Bedroom,Lights,0.10149999999999999,4.229166666666667,32.0,20.403125,45.364583333333336,11,96,0.115
2026-02-21,Kitchen,Heater,1.1685,48.6875,2210.0,20.403125,45.364583333333336,2,96,0.021
2026-02-21,Kitchen,Lights,0.0918,3.8229166666666665,32.0,20.403125,45.364583333333336,10,96,0.104
2026-02-21,Living Room,AC,5.0495,210.39583333333334,1776.0,20.403125,45.364583333333336,12,96,0.125
2026-02-21,Living Room,Fan,0.3076,13.0,97.0,20.403125,45.364583333333336,10,96,0.104
2026-02-21,Living Room,Lights,0.0872,3.6354166666666665,34.0,20.403125,45.364583333333336,8,96,0.083
2026-02-21,Office,AC,5.841,243.375,1795.0,20.403125,45.364583333333336,13,96,0.135
2026-02-21,Office,Fan,0.3379,14.25,100.0,20.403125,45.364583333333336,11,96,0.115
2026-02-21,Office,Lights,0.081,3.375,37.0,20.403125,45.364583333333336,6,96,0.062
2026-02-22,Bathroom,Heater,1.3054999999999999,54.395833333333336,2167.0,20.442708333333332,46.165625,2,96,0.021
2026-02-22,Bathroom,Lights,0.1148,4.78125,39.0,20.442708333333332,46.165625,11,96,0.115
2026-02-22,Bedroom,AC,5.8293,242.88541666666666,1719.0,20.442708333333332,46.165625,14,96,0.146
2026-02-22,Bedroom,Fan,0.3177,13.416666666666666,98.0,20.442708333333332,46.165625,11,96,0.115
2026-02-22,Bedroom,Lights,0.0983,4.09375,40.0,20.442708333333332,46.165625,8,96,0.083
2026-02-22,Kitchen,Heater,0.7497,31.239583333333332,2049.0,20.442708333333332,46.165625,1,96,0.01
2026-02-22,Kitchen,Lights,0.0913,3.8020833333333335,35.0,20.442708333333332,46.165625,8,96,0.083
2026-02-22,Living Room,AC,4.5011,187.54166666666666,1798.0,20.442708333333332,46.165625,9,96,0.094
2026-02-22,Living Room,Fan,0.3704,15.59375,97.0,20.442708333333332,46.165625,14,96,0.146
2026-02-22,Living Room,Lights,0.0747,3.1145833333333335,31.0,20.442708333333332,46.165625,7,96,0.073
2026-02-22,Office,AC,4.132,172.16666666666666,1762.0,20.442708333333332,46.165625,9,96,0.094
2026-02-22,Office,Fan,0.2572,10.895833333333334,96.0,20.442708333333332,46.165625,8,96,0.083
2026-02-22,Office,Lights,0.0908,3.78125,38.0,20.442708333333332,46.165625,9,96,0.094
2026-02-23,Bathroom,Heater,1.6357000000000002,68.15625,2019.0,20.482291666666665,45.5625,3,96,0.031
2026-02-23,Bathroom,Lights,0.0662,2.7604166666666665,37.0,20.482291666666665,45.5625,3,96,0.031
2026-02-23,Bedroom,AC,4.8517,202.15625,1736.0,20.482291666666665,45.5625,12,96,0.125
2026-02-23,Bedroom,Fan,0.3004,12.6875,86.0,20.482291666666665,45.5625,11,96,0.115
2026-02-23,Bedroom,Lights,0.0677,2.8229166666666665,37.0,20.482291666666665,45.5625,4,96,0.042
2026-02-23,Kitchen,Heater,1.7268000000000001,71.94791666666667,2369.0,20.482291666666665,45.5625,3,96,0.031
2026-02-23,Kitchen,Lights,0.1055,4.395833333333333,40.0,20.482291666666665,45.5625,8,96,0.083
2026-02-23,Living Room,AC,3.3483,139.51041666666666,1433.0,20.482291666666665,45.5625,7,96,0.073
2026-02-23,Living Room,Fan,0.3721,15.677083333333334,98.0,20.482291666666665,45.5625,14,96,0.146
2026-02-23,Living Room,Lights,0.082,3.40625,39.0,20.482291666666665,45.5625,7,96,0.073
2026-02-23,Office,AC,3.4639,144.33333333333334,1702.0,20.482291666666665,45.5625,6,96,0.062
2026-02-23,Office,Fan,0.222,9.4375,87.0,20.482291666666665,45.5625,6,96,0.062
2026-02-23,Office,Lights,0.0872,3.6354166666666665,36.0,20.482291666666665,45.5625,7,96,0.073
2026-02-24,Bathroom,Heater,0.24,10.0,10.0,20.486458333333335,45.05104166666666,0,96,0.0
2026-02-24,Bathroom,Lights,0.0797,3.3125,40.0,20.486458333333335,45.05104166666666,5,96,0.052
2026-02-24,Bedroom,AC,2.8068,116.94791666666667,1775.0,20.486458333333335,45.05104166666666,5,96,0.052
2026-02-24,Bedroom,Fan,0.29,12.260416666666666,96.0,20.486458333333335,45.05104166666666,9,96,0.094
2026-02-24,Bedroom,Lights,0.0849,3.5416666666666665,30.0,20.486458333333335,45.05104166666666,7,96,0.073
2026-02-24,Kitchen,Heater,1.792,74.66666666666667,2394.0,20.486458333333335,45.05104166666666,3,96,0.031
2026-02-24,Kitchen,Lights,0.0853,3.5520833333333335,32.0,20.486458333333335,45.05104166666666,9,96,0.094
2026-02-24,Living Room,AC,3.691,153.78125,1770.0,20.486458333333335,45.05104166666666,7,96,0.073
2026-02-24,Living Room,Fan,0.22,9.354166666666666,99.0,20.486458333333335,45.05104166666666,6,96,0.062
2026-02-24,Living Room,Lights,0.0851,3.5416666666666665,39.0,20.486458333333335,45.05104166666666,5,96,0.052
2026-02-24,Office,AC,5.2867,220.28125,1782.0,20.486458333333335,45.05104166666666,11,96,0.115
2026-02-24,Office,Fan,0.2304,9.791666666666666,99.0,20.486458333333335,45.05104166666666,6,96,0.062
2026-02-24,Office,Lights,0.09620000000000001,4.010416666666667,40.0,20.486458333333335,45.05104166666666,8,96,0.083
2026-02-25,Bathroom,Heater,0.8575,35.729166666666664,2480.0,20.758333333333333,45.072916666666664,1,96,0.01
2026-02-25,Bathroom,Lights,0.0759,3.1666666666666665,37.0,20.758333333333333,45.072916666666664,4,96,0.042
2026-02-25,Bedroom,AC,3.7457000000000003,156.07291666666666,1734.0,20.758333333333333,45.072916666666664,8,96,0.083
2026-02-25,Bedroom,Fan,0.5087,21.354166666666668,98.0,20.758333333333333,45.072916666666664,21,96,0.219
2026-02-25,Bedroom,Lights,0.0865,3.6041666666666665,38.0,20.758333333333333,45.072916666666664,6,96,0.062
2026-02-25,Kitchen,Heater,1.2361,51.5,2349.0,20.758333333333333,45.072916666666664,2,96,0.021
2026-02-25,Kitchen,Lights,0.0843,3.5104166666666665,39.0,20.758333333333333,45.072916666666664,7,96,0.073
2026-02-25,Living Room,AC,5.9058,246.07291666666666,1793.0,20.758333333333333,45.072916666666664,14,96,0.146
2026-02-25,Living Room,Fan,0.4085,17.177083333333332,100.0,20.758333333333333,45.072916666666664,16,96,0.167
2026-02-25,Living Room,Lights,0.0707,2.9479166666666665,28.0,20.758333333333333,45.072916666666664,5,96,0.052
2026-02-25,Office,AC,4.4844,186.85416666666666,1788.0,20.758333333333333,45.072916666666664,9,96,0.094
2026-02-25,Office,Fan,0.17429999999999998,7.458333333333333,97.0,20.758333333333333,45.072916666666664,3,96,0.031
2026-02-25,Office,Lights,0.1088,4.53125,39.0,20.758333333333333,45.072916666666664,10,96,0.104
2026-02-26,Bathroom,Heater,2.6713,111.30208333333333,2405.0,20.658333333333335,45.55625,5,96,0.052
2026-02-26,Bathroom,Lights,0.0706,2.9375,31.0,20.658333333333335,45.55625,4,96,0.042
2026-02-26,Bedroom,AC,4.0132,167.21875,1745.0,20.658333333333335,45.55625,9,96,0.094
2026-02-26,Bedroom,Fan,0.2409,10.21875,85.0,20.658333333333335,45.55625,7,96,0.073
2026-02-26,Bedroom,Lights,0.08310000000000001,3.4583333333333335,35.0,20.658333333333335,45.55625,6,96,0.062
2026-02-26,Kitchen,Heater,0.24,10.0,10.0,20.658333333333335,45.55625,0,96,0.0
2026-02-26,Kitchen,Lights,0.0859,3.5729166666666665,40.0,20.658333333333335,45.55625,7,96,0.073
2026-02-26,Living Room,AC,3.3807,140.86458333333334,1787.0,20.658333333333335,45.55625,7,96,0.073
2026-02-26,Living Room,Fan,0.2889,12.21875,96.0,20.658333333333335,45.55625,9,96,0.094
2026-02-26,Living Room,Lights,0.0858,3.5729166666666665,38.0,20.658333333333335,45.55625,7,96,0.073
2026-02-26,Office,AC,3.0117000000000003,125.48958333333333,1746.0,20.658333333333335,45.55625,5,96,0.052
2026-02-26,Office,Fan,0.28159999999999996,11.916666666666666,98.0,20.658333333333335,45.55625,9,96,0.094
2026-02-26,Office,Lights,0.0795,3.3125,34.0,20.658333333333335,45.55625,6,96,0.062
2026-02-27,Bathroom,Heater,2.5568,106.53125,2138.0,20.544791666666665,45.53229166666667,5,96,0.052
2026-02-27,Bathroom,Lights,0.0922,3.84375,37.0,20.544791666666665,45.53229166666667,7,96,0.073
2026-02-27,Bedroom,AC,1.8190000000000002,75.79166666666667,1316.0,20.544791666666665,45.53229166666667,2,96,0.021
2026-02-27,Bedroom,Fan,0.262,11.104166666666666,98.0,20.544791666666665,45.53229166666667,8,96,0.083
2026-02-27,Bedroom,Lights,0.0753,3.1354166666666665,27.0,20.544791666666665,45.53229166666667,6,96,0.062
2026-02-27,Kitchen,Heater,0.6467,26.947916666666668,1637.0,20.544791666666665,45.53229166666667,1,96,0.01
2026-02-27,Kitchen,Lights,0.099,4.125,34.0,20.544791666666665,45.53229166666667,11,96,0.115
2026-02-27,Living Room,AC,3.5768,149.03125,1665.0,20.544791666666665,45.53229166666667,7,96,0.073
2026-02-27,Living Room,Fan,0.2857,12.083333333333334,99.0,20.544791666666665,45.53229166666667,9,96,0.094
2026-02-27,Living Room,Lights,0.0645,2.6875,28.0,20.544791666666665,45.53229166666667,3,96,0.031
2026-02-27,Office,AC,3.5567,148.1875,1783.0,20.544791666666665,45.53229166666667,7,96,0.073
2026-02-27,Office,Fan,0.155,6.65625,89.0,20.544791666666665,45.53229166666667,2,96,0.021
2026-02-27,Office,Lights,0.08940000000000001,3.71875,33.0,20.544791666666665,45.53229166666667,8,96,0.083
2026-02-28,Bathroom,Heater,1.2502,52.09375,2145.0,20.65625,45.2875,2,96,0.021
2026-02-28,Bathroom,Lights,0.0993,4.135416666666667,39.0,20.65625,45.2875,9,96,0.094
2026-02-28,Bedroom,AC,3.6607000000000003,152.53125,1758.0,20.65625,45.2875,7,96,0.073
2026-02-28,Bedroom,Fan,0.4058,17.072916666666668,99.0,20.65625,45.2875,15,96,0.156
2026-02-28,Bedroom,Lights,0.0966,4.020833333333333,35.0,20.65625,45.2875,10,96,0.104
2026-02-28,Kitchen,Heater,0.8187000000000001,34.114583333333336,2325.0,20.65625,45.2875,1,96,0.01
2026-02-28,Kitchen,Lights,0.0625,2.6041666666666665,33.0,20.65625,45.2875,3,96,0.031
2026-02-28,Living Room,AC,5.636,234.82291666666666,1674.0,20.65625,45.2875,14,96,0.146
2026-02-28,Living Room,Fan,0.4466,18.760416666666668,99.0,20.65625,45.2875,17,96,0.177
2026-02-28,Living Room,Lights,0.0876,3.6458333333333335,39.0,20.65625,45.2875,8,96,0.083
2026-02-28,Office,AC,6.0157,250.65625,1787.0,20.65625,45.2875,13,96,0.135
2026-02-28,Office,Fan,0.2302,9.78125,98.0,20.65625,45.2875,6,96,0.062
2026-02-28,Office,Lights,0.0883,3.6770833333333335,36.0,20.65625,45.2875,7,96,0.073
2026-03-01,Bathroom,Heater,1.9248,80.19791666666667,2369.0,25.54375,56.29479166666667,3,96,0.031
2026-03-01,Bathroom,Lights,0.0784,3.2708333333333335,32.0,25.54375,56.29479166666667,7,96,0.073
2026-03-01,Bedroom,AC,2.8583000000000003,119.09375,1501.0,25.54375,56.29479166666667,5,96,0.052
2026-03-01,Bedroom,Fan,0.429,18.041666666666668,100.0,25.54375,56.29479166666667,16,96,0.167
2026-03-01,Bedroom,Lights,0.0987,4.104166666666667,39.0,25.54375,56.29479166666667,9,96,0.094
2026-03-01,Kitchen,Heater,1.6315000000000002,67.97916666666667,2037.0,25.54375,56.29479166666667,3,96,0.031
2026-03-01,Kitchen,Lights,0.1024,4.260416666666667,36.0,25.54375,56.29479166666667,9,96,0.094
2026-03-01,Living Room,AC,6.0656,252.72916666666666,1772.0,25.54375,56.29479166666667,14,96,0.146
2026-03-01,Living Room,Fan,0.3362,14.177083333333334,98.0,25.54375,56.29479166666667,11,96,0.115
2026-03-01,Living Room,Lights,0.13269999999999998,5.520833333333333,39.0,25.54375,56.29479166666667,14,96,0.146
2026-03-01,Office,AC,4.8097,200.39583333333334,1775.0,25.54375,56.29479166666667,10,96,0.104
2026-03-01,Office,Fan,0.414,17.416666666666668,98.0,25.54375,56.29479166666667,16,96,0.167
2026-03-01,Office,Lights,0.085,3.5416666666666665,40.0,25.54375,56.29479166666667,8,96,0.083
2026-03-02,Bathroom,Heater,1.3482,56.177083333333336,2409.0,25.58125,55.440625000000004,2,96,0.021
2026-03-02,Bathroom,Lights,0.078,3.25,38.0,25.58125,55.440625000000004,5,96,0.052
2026-03-02,Bedroom,AC,2.3917,99.65625,1780.0,25.58125,55.440625000000004,3,96,0.031
2026-03-02,Bedroom,Fan,0.2645,11.208333333333334,94.0,25.58125,55.440625000000004,8,96,0.083
2026-03-02,Bedroom,Lights,0.0901,3.7604166666666665,37.0,25.58125,55.440625000000004,8,96,0.083
2026-03-02,Kitchen,Heater,2.7253,113.55208333333333,2426.0,25.58125,55.440625000000004,5,96,0.052
2026-03-02,Kitchen,Lights,0.1094,4.5625,40.0,25.58125,55.440625000000004,9,96,0.094
2026-03-02,Living Room,AC,3.5829,149.28125,1495.0,25.58125,55.440625000000004,8,96,0.083
2026-03-02,Living Room,Fan,0.2998,12.666666666666666,96.0,25.58125,55.440625000000004,10,96,0.104
2026-03-02,Living Room,Lights,0.08360000000000001,3.4895833333333335,36.0,25.58125,55.440625000000004,5,96,0.052
2026-03-02,Office,AC,3.1206,130.02083333333334,1774.0,25.58125,55.440625000000004,5,96,0.052
2026-03-02,Office,Fan,0.4279,17.989583333333332,98.0,25.58125,55.440625000000004,16,96,0.167
2026-03-02,Office,Lights,0.0774,3.2291666666666665,33.0,25.58125,55.440625000000004,4,96,0.042
2026-03-03,Bathroom,Heater,1.2938,53.90625,2360.0,25.619791666666668,55.96979166666667,2,96,0.021
2026-03-03,Bathroom,Lights,0.0717,2.9895833333333335,33.0,25.619791666666668,55.96979166666667,5,96,0.052
2026-03-03,Bedroom,AC,4.2145,175.59375,1758.0,25.619791666666668,55.96979166666667,9,96,0.094
2026-03-03,Bedroom,Fan,0.3616,15.239583333333334,97.0,25.619791666666668,55.96979166666667,13,96,0.135
2026-03-03,Bedroom,Lights,0.0743,3.09375,39.0,25.619791666666668,55.96979166666667,5,96,0.052
2026-03-03,Kitchen,Heater,1.0678,44.489583333333336,1720.0,25.619791666666668,55.96979166666667,2,96,0.021
2026-03-03,Kitchen,Lights,0.09280000000000001,3.8645833333333335,35.0,25.619791666666668,55.96979166666667,7,96,0.073
2026-03-03,Living Room,AC,2.7248,113.53125,1681.0,25.619791666666668,55.96979166666667,5,96,0.052
2026-03-03,Living Room,Fan,0.2787,11.802083333333334,97.0,25.619791666666668,55.96979166666667,8,96,0.083
2026-03-03,Living Room,Lights,0.0735,3.0625,39.0,25.619791666666668,55.96979166666667,5,96,0.052
2026-03-03,Office,AC,3.2526,135.52083333333334,1775.0,25.619791666666668,55.96979166666667,6,96,0.062
2026-03-03,Office,Fan,0.3393,14.3125,100.0,25.619791666666668,55.96979166666667,12,96,0.125
2026-03-03,Office,Lights,0.0837,3.4895833333333335,38.0,25.619791666666668,55.96979166666667,6,96,0.062
2026-03-04,Bathroom,Heater,1.1493,47.885416666666664,1923.0,25.778125,55.22604166666667,2,96,0.021
2026-03-04,Bathroom,Lights,0.0928,3.8645833333333335,39.0,25.778125,55.22604166666667,8,96,0.083
2026-03-04,Bedroom,AC,3.6046,150.1875,1677.0,25.778125,55.22604166666667,7,96,0.073
2026-03-04,Bedroom,Fan,0.3014,12.739583333333334,96.0,25.778125,55.22604166666667,10,96,0.104
2026-03-04,Bedroom,Lights,0.0911,3.7916666666666665,40.0,25.778125,55.22604166666667,7,96,0.073
2026-03-04,Kitchen,Heater,2.3403,97.51041666666667,2459.0,25.778125,55.22604166666667,4,96,0.042
2026-03-04,Kitchen,Lights,0.0843,3.5104166666666665,37.0,25.778125,55.22604166666667,8,96,0.083
2026-03-04,Living Room,AC,3.8685,161.1875,1778.0,25.778125,55.22604166666667,8,96,0.083
2026-03-04,Living Room,Fan,0.2527,10.708333333333334,98.0,25.778125,55.22604166666667,8,96,0.083
2026-03-04,Living Room,Lights,0.1017,4.229166666666667,35.0,25.778125,55.22604166666667,9,96,0.094
2026-03-04,Office,AC,3.9302,163.76041666666666,1463.0,25.778125,55.22604166666667,9,96,0.094
2026-03-04,Office,Fan,0.3106,13.125,100.0,25.778125,55.22604166666667,10,96,0.104
2026-03-04,Office,Lights,0.0756,3.1458333333333335,35.0,25.778125,55.22604166666667,4,96,0.042
2026-03-05,Bathroom,Heater,2.3034,95.97916666666667,2401.0,25.344791666666666,56.074999999999996,4,96,0.042
2026-03-05,Bathroom,Lights,0.0756,3.1458333333333335,35.0,25.344791666666666,56.074999999999996,4,96,0.042
2026-03-05,Bedroom,AC,5.4936,228.90625,1693.0,25.344791666666666,56.074999999999996,12,96,0.125
2026-03-05,Bedroom,Fan,0.2944,12.447916666666666,98.0,25.344791666666666,56.074999999999996,9,96,0.094
2026-03-05,Bedroom,Lights,0.0599,2.5,18.0,25.344791666666666,56.074999999999996,4,96,0.042
2026-03-05,Kitchen,Heater,1.3258,55.239583333333336,2472.0,25.344791666666666,56.074999999999996,2,96,0.021
2026-03-05,Kitchen,Lights,0.0825,3.4375,31.0,25.344791666666666,56.074999999999996,7,96,0.073
2026-03-05,Living Room,AC,4.7238,196.82291666666666,1773.0,25.344791666666666,56.074999999999996,10,96,0.104
2026-03-05,Living Room,Fan,0.2818,11.927083333333334,99.0,25.344791666666666,56.074999999999996,8,96,0.083
2026-03-05,Living Room,Lights,0.0931,3.875,39.0,25.344791666666666,56.074999999999996,9,96,0.094
2026-03-05,Office,AC,4.7549,198.11458333333334,1695.0,25.344791666666666,56.074999999999996,11,96,0.115
2026-03-05,Office,Fan,0.3324,14.020833333333334,99.0,25.344791666666666,56.074999999999996,11,96,0.115
2026-03-05,Office,Lights,0.103,4.291666666666667,32.0,25.344791666666666,56.074999999999996,10,96,0.104
2026-03-06,Bathroom,Heater,2.4792,103.30208333333333,2216.0,25.45625,55.72291666666666,5,96,0.052
2026-03-06,Bathroom,Lights,0.1072,4.458333333333333,39.0,25.45625,55.72291666666666,7,96,0.073
2026-03-06,Bedroom,AC,2.0906000000000002,87.11458333333333,1515.0,25.45625,55.72291666666666,3,96,0.031
2026-03-06,Bedroom,Fan,0.2697,11.427083333333334,88.0,25.45625,55.72291666666666,9,96,0.094
2026-03-06,Bedroom,Lights,0.1021,4.25,39.0,25.45625,55.72291666666666,8,96,0.083
2026-03-06,Kitchen,Heater,1.9547,81.44791666666667,2462.0,25.45625,55.72291666666666,3,96,0.031
2026-03-06,Kitchen,Lights,0.0746,3.1041666666666665,28.0,25.45625,55.72291666666666,5,96,0.052
2026-03-06,Living Room,AC,4.0911,170.45833333333334,1704.0,25.45625,55.72291666666666,8,96,0.083
2026-03-06,Living Room,Fan,0.3685,15.520833333333334,100.0,25.45625,55.72291666666666,14,96,0.146
2026-03-06,Living Room,Lights,0.0747,3.1145833333333335,39.0,25.45625,55.72291666666666,4,96,0.042
2026-03-06,Office,AC,4.0854,170.21875,1755.0,25.45625,55.72291666666666,8,96,0.083
2026-03-06,Office,Fan,0.37879999999999997,15.947916666666666,100.0,25.45625,55.72291666666666,15,96,0.156
2026-03-06,Office,Lights,0.0683,2.84375,30.0,25.45625,55.72291666666666,5,96,0.052
2026-03-07,Bathroom,Heater,1.7039,70.98958333333333,2379.0,25.663541666666664,55.729166666666664,3,96,0.031
2026-03-07,Bathroom,Lights,0.1171,4.885416666666667,40.0,25.663541666666664,55.729166666666664,9,96,0.094
2026-03-07,Bedroom,AC,3.6867,153.61458333333334,1773.0,25.663541666666664,55.729166666666664,7,96,0.073
2026-03-07,Bedroom,Fan,0.3746,15.770833333333334,97.0,25.663541666666664,55.729166666666664,14,96,0.146
2026-03-07,Bedroom,Lights,0.0757,3.15625,31.0,25.663541666666664,55.729166666666664,7,96,0.073
2026-03-07,Kitchen,Heater,1.7894,74.5625,2346.0,25.663541666666664,55.729166666666664,3,96,0.031
2026-03-07,Kitchen,Lights,0.11599999999999999,4.833333333333333,40.0,25.663541666666664,55.729166666666664,11,96,0.115
2026-03-07,Living Room,AC,6.0120000000000005,250.51041666666666,1732.0,25.663541666666664,55.729166666666664,15,96,0.156
2026-03-07,Living Room,Fan,0.2946,12.458333333333334,100.0,25.663541666666664,55.729166666666664,10,96,0.104
2026-03-07,Living Room,Lights,0.1005,4.1875,40.0,25.663541666666664,55.729166666666664,10,96,0.104
2026-03-07,Office,AC,4.2846,178.53125,1590.0,25.663541666666664,55.729166666666664,10,96,0.104
2026-03-07,Office,Fan,0.3407,14.364583333333334,96.0,25.663541666666664,55.729166666666664,13,96,0.135
2026-03-07,Office,Lights,0.0874,3.6354166666666665,39.0,25.663541666666664,55.729166666666664,8,96,0.083
2026-03-08,Bathroom,Heater,1.253,52.208333333333336,2376.0,25.428124999999998,54.984375,2,96,0.021
2026-03-08,Bathroom,Lights,0.1173,4.885416666666667,40.0,25.428124999999998,54.984375,9,96,0.094
2026-03-08,Bedroom,AC,4.6663,194.42708333333334,1687.0,25.428124999999998,54.984375,11,96,0.115
2026-03-08,Bedroom,Fan,0.4263,17.9375,94.0,25.428124999999998,54.984375,17,96,0.177
2026-03-08,Bedroom,Lights,0.1009,4.208333333333333,39.0,25.428124999999998,54.984375,9,96,0.094
2026-03-08,Kitchen,Heater,1.7127,71.36458333333333,2071.0,25.428124999999998,54.984375,3,96,0.031
2026-03-08,Kitchen,Lights,0.1004,4.177083333333333,40.0,25.428124999999998,54.984375,10,96,0.104
2026-03-08,Living Room,AC,5.6979,237.40625,1701.0,25.428124999999998,54.984375,13,96,0.135
2026-03-08,Living Room,Fan,0.35,14.760416666666666,99.0,25.428124999999998,54.984375,12,96,0.125
2026-03-08,Living Room,Lights,0.0897,3.7395833333333335,34.0,25.428124999999998,54.984375,9,96,0.094
2026-03-08,Office,AC,6.925,288.5416666666667,1696.0,25.428124999999998,54.984375,17,96,0.177
2026-03-08,Office,Fan,0.2969,12.552083333333334,92.0,25.428124999999998,54.984375,10,96,0.104
2026-03-08,Office,Lights,0.0944,3.9270833333333335,40.0,25.428124999999998,54.984375,7,96,0.073
2026-03-09,Bathroom,Heater,0.24,10.0,10.0,25.73125,55.40520833333333,0,96,0.0
2026-03-09,Bathroom,Lights,0.0867,3.6145833333333335,38.0,25.73125,55.40520833333333,6,96,0.062
2026-03-09,Bedroom,AC,3.4865,145.27083333333334,1718.0,25.73125,55.40520833333333,7,96,0.073
2026-03-09,Bedroom,Fan,0.3694,15.572916666666666,99.0,25.73125,55.40520833333333,13,96,0.135
2026-03-09,Bedroom,Lights,0.0923,3.8541666666666665,37.0,25.73125,55.40520833333333,8,96,0.083
2026-03-09,Kitchen,Heater,1.2275,51.145833333333336,2450.0,25.73125,55.40520833333333,2,96,0.021
2026-03-09,Kitchen,Lights,0.0833,3.46875,39.0,25.73125,55.40520833333333,5,96,0.052
2026-03-09,Living Room,AC,4.2781,178.25,1742.0,25.73125,55.40520833333333,10,96,0.104
2026-03-09,Living Room,Fan,0.2168,9.21875,99.0,25.73125,55.40520833333333,5,96,0.052
2026-03-09,Living Room,Lights,0.0702,2.9270833333333335,32.0,25.73125,55.40520833333333,5,96,0.052
2026-03-09,Office,AC,4.6657,194.40625,1641.0,25.73125,55.40520833333333,11,96,0.115
2026-03-09,Office,Fan,0.17509999999999998,7.489583333333333,74.0,25.73125,55.40520833333333,4,96,0.042
2026-03-09,Office,Lights,0.086,3.5833333333333335,35.0,25.73125,55.40520833333333,6,96,0.062
2026-03-10,Bathroom,Heater,1.7177999999999998,71.57291666666667,2324.0,25.636458333333334,55.208333333333336,3,96,0.031
2026-03-10,Bathroom,Lights,0.0993,4.135416666666667,32.0,25.636458333333334,55.208333333333336,10,96,0.104
2026-03-10,Bedroom,AC,3.037,126.54166666666667,1714.0,25.636458333333334,55.208333333333336,6,96,0.062
2026-03-10,Bedroom,Fan,0.2801,11.854166666666666,99.0,25.636458333333334,55.208333333333336,9,96,0.094
2026-03-10,Bedroom,Lights,0.08360000000000001,3.4895833333333335,37.0,25.636458333333334,55.208333333333336,7,96,0.073
2026-03-10,Kitchen,Heater,2.5697,107.07291666666667,2385.0,25.636458333333334,55.208333333333336,5,96,0.052
2026-03-10,Kitchen,Lights,0.1024,4.270833333333333,37.0,25.636458333333334,55.208333333333336,8,96,0.083
2026-03-10,Living Room,AC,4.4457,185.23958333333334,1726.0,25.636458333333334,55.208333333333336,9,96,0.094
2026-03-10,Living Room,Fan,0.3114,13.145833333333334,99.0,25.636458333333334,55.208333333333336,10,96,0.104
2026-03-10,Living Room,Lights,0.0961,4.0,34.0,25.636458333333334,55.208333333333336,11,96,0.115
2026-03-10,Office,AC,2.7542,114.76041666666667,1733.0,25.636458333333334,55.208333333333336,4,96,0.042
2026-03-10,Office,Fan,0.3314,13.989583333333334,93.0,25.636458333333334,55.208333333333336,12,96,0.125
2026-03-10,Office,Lights,0.1033,4.302083333333333,40.0,25.636458333333334,55.208333333333336,11,96,0.115
2026-03-11,Bathroom,Heater,1.3024,54.270833333333336,2137.0,25.583333333333332,56.020833333333336,2,96,0.021
2026-03-11,Bathroom,Lights,0.1004,4.177083333333333,35.0,25.583333333333332,56.020833333333336,11,96,0.115
2026-03-11,Bedroom,AC,4.0738,169.73958333333334,1719.0,25.583333333333332,56.020833333333336,8,96,0.083
2026-03-11,Bedroom,Fan,0.33599999999999997,14.177083333333334,100.0,25.583333333333332,56.020833333333336,12,96,0.125
2026-03-11,Bedroom,Lights,0.1041,4.34375,37.0,25.583333333333332,56.020833333333336,10,96,0.104
2026-03-11,Kitchen,Heater,2.088,87.0,2385.0,25.583333333333332,56.020833333333336,4,96,0.042
2026-03-11,Kitchen,Lights,0.073,3.0416666666666665,37.0,25.583333333333332,56.020833333333336,4,96,0.042
2026-03-11,Living Room,AC,3.2616,135.90625,1785.0,25.583333333333332,56.020833333333336,6,96,0.062
2026-03-11,Living Room,Fan,0.325,13.71875,99.0,25.583333333333332,56.020833333333336,11,96,0.115
2026-03-11,Living Room,Lights,0.0989,4.125,40.0,25.583333333333332,56.020833333333336,7,96,0.073
2026-03-11,Office,AC,4.1605,173.35416666666666,1563.0,25.583333333333332,56.020833333333336,9,96,0.094
2026-03-11,Office,Fan,0.1883,8.041666666666666,90.0,25.583333333333332,56.020833333333336,4,96,0.042
2026-03-11,Office,Lights,0.0945,3.9479166666666665,37.0,25.583333333333332,56.020833333333336,8,96,0.083
2026-03-12,Bathroom,Heater,2.1203,88.34375,2431.0,25.489583333333332,55.09479166666667,4,96,0.042
2026-03-12,Bathroom,Lights,0.0975,4.0625,39.0,25.489583333333332,55.09479166666667,9,96,0.094
2026-03-12,Bedroom,AC,3.9386,164.10416666666666,1771.0,25.489583333333332,55.09479166666667,8,96,0.083
2026-03-12,Bedroom,Fan,0.2493,10.572916666666666,100.0,25.489583333333332,55.09479166666667,7,96,0.073
2026-03-12,Bedroom,Lights,0.0722,3.0104166666666665,40.0,25.489583333333332,55.09479166666667,4,96,0.042
2026-03-12,Kitchen,Heater,1.8147000000000002,75.61458333333333,2422.0,25.489583333333332,55.09479166666667,3,96,0.031
2026-03-12,Kitchen,Lights,0.0725,3.0208333333333335,30.0,25.489583333333332,55.09479166666667,5,96,0.052
2026-03-12,Living Room,AC,3.5596,148.3125,1532.0,25.489583333333332,55.09479166666667,8,96,0.083
2026-03-12,Living Room,Fan,0.2976,12.583333333333334,96.0,25.489583333333332,55.09479166666667,10,96,0.104
2026-03-12,Living Room,Lights,0.1088,4.53125,40.0,25.489583333333332,55.09479166666667,10,96,0.104
2026-03-12,Office,AC,3.2848,136.86458333333334,1680.0,25.489583333333332,55.09479166666667,6,96,0.062
2026-03-12,Office,Fan,0.2863,12.104166666666666,98.0,25.489583333333332,55.09479166666667,9,96,0.094
2026-03-12,Office,Lights,0.0953,3.96875,39.0,25.489583333333332,55.09479166666667,8,96,0.083
2026-03-13,Bathroom,Heater,2.2528,93.86458333333333,2439.0,25.599999999999998,55.65729166666667,4,96,0.042
2026-03-13,Bathroom,Lights,0.0918,3.8333333333333335,37.0,25.599999999999998,55.65729166666667,6,96,0.062
2026-03-13,Bedroom,AC,4.0927,170.53125,1789.0,25.599999999999998,55.65729166666667,8,96,0.083
2026-03-13,Bedroom,Fan,0.4091,17.208333333333332,100.0,25.599999999999998,55.65729166666667,15,96,0.156
2026-03-13,Bedroom,Lights,0.095,3.9583333333333335,40.0,25.599999999999998,55.65729166666667,8,96,0.083
2026-03-13,Kitchen,Heater,1.2229999999999999,50.958333333333336,2056.0,25.599999999999998,55.65729166666667,2,96,0.021
2026-03-13,Kitchen,Lights,0.1074,4.479166666666667,38.0,25.599999999999998,55.65729166666667,10,96,0.104
2026-03-13,Living Room,AC,4.5647,190.19791666666666,1730.0,25.599999999999998,55.65729166666667,10,96,0.104
2026-03-13,Living Room,Fan,0.3502,14.760416666666666,100.0,25.599999999999998,55.65729166666667,12,96,0.125
2026-03-13,Living Room,Lights,0.076,3.1666666666666665,37.0,25.599999999999998,55.65729166666667,5,96,0.052
2026-03-13,Office,AC,3.6103,150.42708333333334,1631.0,25.599999999999998,55.65729166666667,8,96,0.083
2026-03-13,Office,Fan,0.3631,15.302083333333334,99.0,25.599999999999998,55.65729166666667,14,96,0.146
2026-03-13,Office,Lights,0.0783,3.2604166666666665,37.0,25.599999999999998,55.65729166666667,6,96,0.062
2026-03-14,Bathroom,Heater,0.24,10.0,10.0,25.473958333333332,55.380208333333336,0,96,0.0
2026-03-14,Bathroom,Lights,0.0971,4.052083333333333,38.0,25.473958333333332,55.380208333333336,7,96,0.073
2026-03-14,Bedroom,AC,5.9305,247.10416666666666,1761.0,25.473958333333332,55.380208333333336,14,96,0.146
2026-03-14,Bedroom,Fan,0.2961,12.520833333333334,99.0,25.473958333333332,55.380208333333336,10,96,0.104
2026-03-14,Bedroom,Lights,0.0928,3.8645833333333335,39.0,25.473958333333332,55.380208333333336,8,96,0.083
2026-03-14,Kitchen,Heater,2.0955,87.3125,2214.0,25.473958333333332,55.380208333333336,4,96,0.042
2026-03-14,Kitchen,Lights,0.1066,4.447916666666667,38.0,25.473958333333332,55.380208333333336,11,96,0.115
2026-03-14,Living Room,AC,5.572,232.16666666666666,1756.0,25.473958333333332,55.380208333333336,13,96,0.135
2026-03-14,Living Room,Fan,0.2185,9.291666666666666,83.0,25.473958333333332,55.380208333333336,6,96,0.062
2026-03-14,Living Room,Lights,0.1073,4.46875,40.0,25.473958333333332,55.380208333333336,10,96,0.104
2026-03-14,Office,AC,4.6166,192.36458333333334,1782.0,25.473958333333332,55.380208333333336,11,96,0.115
2026-03-14,Office,Fan,0.3764,15.864583333333334,96.0,25.473958333333332,55.380208333333336,13,96,0.135
2026-03-14,Office,Lights,0.1164,4.854166666666667,39.0,25.473958333333332,55.380208333333336,14,96,0.146
2026-03-15,Bathroom,Heater,1.379,57.458333333333336,2379.0,25.488541666666666,55.31666666666666,2,96,0.021
2026-03-15,Bathroom,Lights,0.0775,3.2291666666666665,39.0,25.488541666666666,55.31666666666666,4,96,0.042
2026-03-15,Bedroom,AC,6.1142,254.75,1781.0,25.488541666666666,55.31666666666666,14,96,0.146
2026-03-15,Bedroom,Fan,0.3771,15.885416666666666,98.0,25.488541666666666,55.31666666666666,14,96,0.146
2026-03-15,Bedroom,Lights,0.0688,2.8645833333333335,24.0,25.488541666666666,55.31666666666666,5,96,0.052
2026-03-15,Kitchen,Heater,1.211,50.458333333333336,2214.0,25.488541666666666,55.31666666666666,2,96,0.021
2026-03-15,Kitchen,Lights,0.108,4.5,39.0,25.488541666666666,55.31666666666666,10,96,0.104
2026-03-15,Living Room,AC,5.2753,219.80208333333334,1723.0,25.488541666666666,55.31666666666666,12,96,0.125
2026-03-15,Living Room,Fan,0.3915,16.479166666666668,96.0,25.488541666666666,55.31666666666666,15,96,0.156
2026-03-15,Living Room,Lights,0.093,3.875,40.0,25.488541666666666,55.31666666666666,7,96,0.073
2026-03-15,Office,AC,5.2624,219.26041666666666,1790.0,25.488541666666666,55.31666666666666,13,96,0.135
2026-03-15,Office,Fan,0.3082,13.020833333333334,98.0,25.488541666666666,55.31666666666666,10,96,0.104
2026-03-15,Office,Lights,0.1489,6.197916666666667,40.0,25.488541666666666,55.31666666666666,16,96,0.167
2026-03-16,Bathroom,Heater,1.225,51.041666666666664,2196.0,25.76875,55.958333333333336,2,96,0.021
2026-03-16,Bathroom,Lights,0.0695,2.8958333333333335,36.0,25.76875,55.958333333333336,4,96,0.042
2026-03-16,Bedroom,AC,4.6305000000000005,192.9375,1664.0,25.76875,55.958333333333336,11,96,0.115
2026-03-16,Bedroom,Fan,0.3423,14.4375,93.0,25.76875,55.958333333333336,13,96,0.135
2026-03-16,Bedroom,Lights,0.0933,3.8854166666666665,39.0,25.76875,55.958333333333336,8,96,0.083
2026-03-16,Kitchen,Heater,0.671,27.958333333333332,1734.0,25.76875,55.958333333333336,1,96,0.01
2026-03-16,Kitchen,Lights,0.1048,4.364583333333333,40.0,25.76875,55.958333333333336,8,96,0.083
2026-03-16,Living Room,AC,3.7458,156.07291666666666,1638.0,25.76875,55.958333333333336,8,96,0.083
2026-03-16,Living Room,Fan,0.2181,9.270833333333334,80.0,25.76875,55.958333333333336,6,96,0.062
2026-03-16,Living Room,Lights,0.0853,3.5520833333333335,39.0,25.76875,55.958333333333336,7,96,0.073
2026-03-16,Office,AC,2.5513,106.30208333333333,1600.0,25.76875,55.958333333333336,4,96,0.042
2026-03-16,Office,Fan,0.2009,8.5625,96.0,25.76875,55.958333333333336,5,96,0.052
2026-03-16,Office,Lights,0.0845,3.5208333333333335,40.0,25.76875,55.958333333333336,7,96,0.073
2026-03-17,Bathroom,Heater,0.24,10.0,10.0,25.527083333333334,55.64791666666667,0,96,0.0
2026-03-17,Bathroom,Lights,0.0963,4.010416666666667,35.0,25.527083333333334,55.64791666666667,9,96,0.094
2026-03-17,Bedroom,AC,4.0506,168.78125,1800.0,25.527083333333334,55.64791666666667,9,96,0.094
2026-03-17,Bedroom,Fan,0.29359999999999997,12.416666666666666,97.0,25.527083333333334,55.64791666666667,10,96,0.104
2026-03-17,Bedroom,Lights,0.0851,3.5416666666666665,34.0,25.527083333333334,55.64791666666667,8,96,0.083
2026-03-17,Kitchen,Heater,1.3563,56.510416666666664,2243.0,25.527083333333334,55.64791666666667,2,96,0.021
2026-03-17,Kitchen,Lights,0.0922,3.84375,39.0,25.527083333333334,55.64791666666667,6,96,0.062
2026-03-17,Living Room,AC,3.5158,146.48958333333334,1756.0,25.527083333333334,55.64791666666667,7,96,0.073
2026-03-17,Living Room,Fan,0.4044,17.03125,96.0,25.527083333333334,55.64791666666667,15,96,0.156
2026-03-17,Living Room,Lights,0.0993,4.145833333333333,36.0,25.527083333333334,55.64791666666667,9,96,0.094
2026-03-17,Office,AC,3.0887000000000002,128.69791666666666,1658.0,25.527083333333334,55.64791666666667,6,96,0.062
2026-03-17,Office,Fan,0.321,13.541666666666666,99.0,25.527083333333334,55.64791666666667,11,96,0.115
2026-03-17,Office,Lights,0.10099999999999999,4.208333333333333,33.0,25.527083333333334,55.64791666666667,10,96,0.104
2026-03-18,Bathroom,Heater,0.7745,32.270833333333336,2148.0,25.491666666666664,56.106249999999996,1,96,0.01
2026-03-18,Bathroom,Lights,0.0806,3.3541666666666665,39.0,25.491666666666664,56.106249999999996,6,96,0.062
2026-03-18,Bedroom,AC,3.372,140.5,1720.0,25.491666666666664,56.106249999999996,6,96,0.062
2026-03-18,Bedroom,Fan,0.2332,9.90625,98.0,25.491666666666664,56.106249999999996,6,96,0.062
2026-03-18,Bedroom,Lights,0.0967,4.03125,32.0,25.491666666666664,56.106249999999996,10,96,0.104
2026-03-18,Kitchen,Heater,1.7815,74.22916666666667,2404.0,25.491666666666664,56.106249999999996,3,96,0.031
2026-03-18,Kitchen,Lights,0.1315,5.479166666666667,40.0,25.491666666666664,56.106249999999996,11,96,0.115
2026-03-18,Living Room,AC,2.9933,124.72916666666667,1424.0,25.491666666666664,56.106249999999996,6,96,0.062
2026-03-18,Living Room,Fan,0.3638,15.333333333333334,100.0,25.491666666666664,56.106249999999996,13,96,0.135
2026-03-18,Living Room,Lights,0.1035,4.302083333333333,39.0,25.491666666666664,56.106249999999996,10,96,0.104
2026-03-18,Office,AC,2.2568,94.03125,1714.0,25.491666666666664,56.106249999999996,3,96,0.031
2026-03-18,Office,Fan,0.3368,14.208333333333334,91.0,25.491666666666664,56.106249999999996,12,96,0.125
2026-03-18,Office,Lights,0.096,4.0,39.0,25.491666666666664,56.106249999999996,7,96,0.073
2026-03-19,Bathroom,Heater,0.6927,28.864583333333332,1821.0,25.39270833333333,55.646875,1,96,0.01
2026-03-19,Bathroom,Lights,0.0804,3.3541666666666665,34.0,25.39270833333333,55.646875,6,96,0.062
2026-03-19,Bedroom,AC,3.7615,156.72916666666666,1616.0,25.39270833333333,55.646875,8,96,0.083
2026-03-19,Bedroom,Fan,0.3383,14.270833333333334,99.0,25.39270833333333,55.646875,12,96,0.125
2026-03-19,Bedroom,Lights,0.1153,4.802083333333333,37.0,25.39270833333333,55.646875,13,96,0.135
2026-03-19,Kitchen,Heater,2.8365,118.17708333333333,2415.0,25.39270833333333,55.646875,5,96,0.052
2026-03-19,Kitchen,Lights,0.1023,4.260416666666667,38.0,25.39270833333333,55.646875,8,96,0.083
2026-03-19,Living Room,AC,2.7994,116.64583333333333,1700.0,25.39270833333333,55.646875,5,96,0.052
2026-03-19,Living Room,Fan,0.33499999999999996,14.135416666666666,99.0,25.39270833333333,55.646875,12,96,0.125
2026-03-19,Living Room,Lights,0.0797,3.3229166666666665,39.0,25.39270833333333,55.646875,5,96,0.052
2026-03-19,Office,AC,4.0067,166.94791666666666,1698.0,25.39270833333333,55.646875,8,96,0.083
2026-03-19,Office,Fan,0.2522,10.697916666666666,98.0,25.39270833333333,55.646875,7,96,0.073
2026-03-19,Office,Lights,0.0592,2.46875,28.0,25.39270833333333,55.646875,3,96,0.031
2026-03-20,Bathroom,Heater,2.3312,97.13541666666667,2487.0,25.573958333333334,55.475,4,96,0.042
2026-03-20,Bathroom,Lights,0.0889,3.6979166666666665,38.0,25.573958333333334,55.475,9,96,0.094
2026-03-20,Bedroom,AC,2.4343,101.42708333333333,1559.0,25.573958333333334,55.475,4,96,0.042
2026-03-20,Bedroom,Fan,0.385,16.21875,98.0,25.573958333333334,55.475,14,96,0.146
2026-03-20,Bedroom,Lights,0.1155,4.8125,38.0,25.573958333333334,55.475,10,96,0.104
2026-03-20,Kitchen,Heater,1.0545,43.9375,1720.0,25.573958333333334,55.475,2,96,0.021
2026-03-20,Kitchen,Lights,0.1053,4.385416666666667,40.0,25.573958333333334,55.475,8,96,0.083
2026-03-20,Living Room,AC,4.6219,192.57291666666666,1648.0,25.573958333333334,55.475,11,96,0.115
2026-03-20,Living Room,Fan,0.2437,10.34375,99.0,25.573958333333334,55.475,7,96,0.073
2026-03-20,Living Room,Lights,0.0843,3.5104166666666665,38.0,25.573958333333334,55.475,7,96,0.073
2026-03-20,Office,AC,1.8807,78.36458333333333,1774.0,25.573958333333334,55.475,2,96,0.021
2026-03-20,Office,Fan,0.3593,15.145833333333334,100.0,25.573958333333334,55.475,12,96,0.125
2026-03-20,Office,Lights,0.0584,2.4375,33.0,25.573958333333334,55.475,2,96,0.021
2026-03-21,Bathroom,Heater,2.008,83.66666666666667,1896.0,25.403125,55.38854166666667,4,96,0.042
2026-03-21,Bathroom,Lights,0.1052,4.385416666666667,39.0,25.403125,55.38854166666667,9,96,0.094
2026-03-21,Bedroom,AC,5.3185,221.60416666666666,1748.0,25.403125,55.38854166666667,11,96,0.115
2026-03-21,Bedroom,Fan,0.3958,16.666666666666668,96.0,25.403125,55.38854166666667,14,96,0.146
2026-03-21,Bedroom,Lights,0.0869,3.625,35.0,25.403125,55.38854166666667,6,96,0.062
2026-03-21,Kitchen,Heater,0.7875,32.8125,2200.0,25.403125,55.38854166666667,1,96,0.01
2026-03-21,Kitchen,Lights,0.10930000000000001,4.552083333333333,40.0,25.403125,55.38854166666667,10,96,0.104
2026-03-21,Living Room,AC,5.9315,247.14583333333334,1730.0,25.403125,55.38854166666667,13,96,0.135
2026-03-21,Living Room,Fan,0.3974,16.729166666666668,95.0,25.403125,55.38854166666667,15,96,0.156
2026-03-21,Living Room,Lights,0.1169,4.875,39.0,25.403125,55.38854166666667,10,96,0.104
2026-03-21,Office,AC,6.1776,257.40625,1763.0,25.403125,55.38854166666667,14,96,0.146
2026-03-21,Office,Fan,0.4185,17.604166666666668,99.0,25.403125,55.38854166666667,16,96,0.167
2026-03-21,Office,Lights,0.07919999999999999,3.3020833333333335,33.0,25.403125,55.38854166666667,6,96,0.062
2026-03-22,Bathroom,Heater,1.687,70.29166666666667,2141.0,25.473958333333332,55.28958333333333,3,96,0.031
2026-03-22,Bathroom,Lights,0.1162,4.84375,40.0,25.473958333333332,55.28958333333333,11,96,0.115
2026-03-22,Bedroom,AC,3.3712,140.46875,1677.0,25.473958333333332,55.28958333333333,6,96,0.062
2026-03-22,Bedroom,Fan,0.3587,15.114583333333334,95.0,25.473958333333332,55.28958333333333,13,96,0.135
2026-03-22,Bedroom,Lights,0.0931,3.875,38.0,25.473958333333332,55.28958333333333,8,96,0.083
2026-03-22,Kitchen,Heater,3.0054,125.22916666666667,2483.0,25.473958333333332,55.28958333333333,5,96,0.052
2026-03-22,Kitchen,Lights,0.0809,3.3645833333333335,32.0,25.473958333333332,55.28958333333333,7,96,0.073
2026-03-22,Living Room,AC,4.211,175.45833333333334,1742.0,25.473958333333332,55.28958333333333,9,96,0.094
2026-03-22,Living Room,Fan,0.3983,16.770833333333332,94.0,25.473958333333332,55.28958333333333,16,96,0.167
2026-03-22,Living Room,Lights,0.1129,4.697916666666667,39.0,25.473958333333332,55.28958333333333,10,96,0.104
2026-03-22,Office,AC,3.2494,135.38541666666666,1679.0,25.473958333333332,55.28958333333333,6,96,0.062
2026-03-22,Office,Fan,0.3641,15.354166666666666,97.0,25.473958333333332,55.28958333333333,13,96,0.135
2026-03-22,Office,Lights,0.1158,4.822916666666667,40.0,25.473958333333332,55.28958333333333,12,96,0.125
2026-03-23,Bathroom,Heater,1.1107,46.28125,1846.0,25.603125000000002,55.19479166666667,2,96,0.021
2026-03-23,Bathroom,Lights,0.1085,4.520833333333333,39.0,25.603125000000002,55.19479166666667,8,96,0.083
2026-03-23,Bedroom,AC,3.5909,149.625,1705.0,25.603125000000002,55.19479166666667,7,96,0.073
2026-03-23,Bedroom,Fan,0.2555,10.833333333333334,93.0,25.603125000000002,55.19479166666667,8,96,0.083
2026-03-23,Bedroom,Lights,0.081,3.375,36.0,25.603125000000002,55.19479166666667,5,96,0.052
2026-03-23,Kitchen,Heater,1.7818999999999998,74.25,2145.0,25.603125000000002,55.19479166666667,3,96,0.031
2026-03-23,Kitchen,Lights,0.0917,3.8229166666666665,38.0,25.603125000000002,55.19479166666667,8,96,0.083
2026-03-23,Living Room,AC,4.3334,180.5625,1758.0,25.603125000000002,55.19479166666667,10,96,0.104
2026-03-23,Living Room,Fan,0.3383,14.270833333333334,94.0,25.603125000000002,55.19479166666667,12,96,0.125
2026-03-23,Living Room,Lights,0.0715,2.9791666666666665,37.0,25.603125000000002,55.19479166666667,3,96,0.031
2026-03-23,Office,AC,4.6361,193.17708333333334,1717.0,25.603125000000002,55.19479166666667,10,96,0.104
2026-03-23,Office,Fan,0.3811,16.041666666666668,99.0,25.603125000000002,55.19479166666667,14,96,0.146
2026-03-23,Office,Lights,0.1028,4.291666666666667,37.0,25.603125000000002,55.19479166666667,9,96,0.094
2026-03-24,Bathroom,Heater,1.2453,51.885416666666664,2222.0,25.37708333333333,55.365625,2,96,0.021
2026-03-24,Bathroom,Lights,0.106,4.416666666666667,40.0,25.37708333333333,55.365625,8,96,0.083
2026-03-24,Bedroom,AC,1.5413000000000001,64.21875,1415.0,25.37708333333333,55.365625,1,96,0.01
2026-03-24,Bedroom,Fan,0.29969999999999997,12.666666666666666,97.0,25.37708333333333,55.365625,10,96,0.104
2026-03-24,Bedroom,Lights,0.0842,3.5104166666666665,37.0,25.37708333333333,55.365625,7,96,0.073
2026-03-24,Kitchen,Heater,0.8278000000000001,34.489583333333336,2361.0,25.37708333333333,55.365625,1,96,0.01
2026-03-24,Kitchen,Lights,0.0925,3.8541666666666665,34.0,25.37708333333333,55.365625,8,96,0.083
2026-03-24,Living Room,AC,2.3665000000000003,98.60416666666667,1681.0,25.37708333333333,55.365625,3,96,0.031
2026-03-24,Living Room,Fan,0.41,17.25,100.0,25.37708333333333,55.365625,15,96,0.156
2026-03-24,Living Room,Lights,0.061900000000000004,2.5833333333333335,21.0,25.37708333333333,55.365625,3,96,0.031
2026-03-24,Office,AC,3.8362,159.84375,1713.0,25.37708333333333,55.365625,8,96,0.083
2026-03-24,Office,Fan,0.3696,15.5625,100.0,25.37708333333333,55.365625,13,96,0.135
2026-03-24,Office,Lights,0.0907,3.78125,40.0,25.37708333333333,55.365625,6,96,0.062
2026-03-25,Bathroom,Heater,1.6204,67.52083333333333,2053.0,25.385416666666668,55.39479166666666,3,96,0.031
2026-03-25,Bathroom,Lights,0.0721,3.0,35.0,25.385416666666668,55.39479166666666,4,96,0.042
2026-03-25,Bedroom,AC,3.9434,164.30208333333334,1756.0,25.385416666666668,55.39479166666666,8,96,0.083
2026-03-25,Bedroom,Fan,0.3431,14.479166666666666,98.0,25.385416666666668,55.39479166666666,12,96,0.125
2026-03-25,Bedroom,Lights,0.1236,5.15625,40.0,25.385416666666668,55.39479166666666,13,96,0.135
2026-03-25,Kitchen,Heater,1.5322,63.84375,1836.0,25.385416666666668,55.39479166666666,3,96,0.031
2026-03-25,Kitchen,Lights,0.0964,4.010416666666667,40.0,25.385416666666668,55.39479166666666,8,96,0.083
2026-03-25,Living Room,AC,3.8528000000000002,160.53125,1625.0,25.385416666666668,55.39479166666666,8,96,0.083
2026-03-25,Living Room,Fan,0.3336,14.072916666666666,98.0,25.385416666666668,55.39479166666666,11,96,0.115
2026-03-25,Living Room,Lights,0.0853,3.5520833333333335,40.0,25.385416666666668,55.39479166666666,7,96,0.073
2026-03-25,Office,AC,4.3761,182.33333333333334,1788.0,25.385416666666668,55.39479166666666,9,96,0.094
2026-03-25,Office,Fan,0.3018,12.760416666666666,99.0,25.385416666666668,55.39479166666666,9,96,0.094
2026-03-25,Office,Lights,0.094,3.9166666666666665,40.0,25.385416666666668,55.39479166666666,7,96,0.073
2026-03-26,Bathroom,Heater,0.6443,26.84375,1627.0,25.601041666666664,55.55833333333334,1,96,0.01
2026-03-26,Bathroom,Lights,0.1139,4.75,35.0,25.601041666666664,55.55833333333334,11,96,0.115
2026-03-26,Bedroom,AC,3.5722,148.84375,1663.0,25.601041666666664,55.55833333333334,8,96,0.083
2026-03-26,Bedroom,Fan,0.2869,12.135416666666666,92.0,25.601041666666664,55.55833333333334,10,96,0.104
2026-03-26,Bedroom,Lights,0.0905,3.7708333333333335,35.0,25.601041666666664,55.55833333333334,7,96,0.073
2026-03-26,Kitchen,Heater,2.2555,93.97916666666667,2312.0,25.601041666666664,55.55833333333334,4,96,0.042
2026-03-26,Kitchen,Lights,0.09040000000000001,3.7604166666666665,35.0,25.601041666666664,55.55833333333334,7,96,0.073
2026-03-26,Living Room,AC,3.837,159.875,1661.0,25.601041666666664,55.55833333333334,9,96,0.094
2026-03-26,Living Room,Fan,0.2723,11.53125,100.0,25.601041666666664,55.55833333333334,8,96,0.083
2026-03-26,Living Room,Lights,0.0948,3.9479166666666665,39.0,25.601041666666664,55.55833333333334,8,96,0.083
2026-03-26,Office,AC,4.1244,171.85416666666666,1707.0,25.601041666666664,55.55833333333334,9,96,0.094
2026-03-26,Office,Fan,0.36269999999999997,15.28125,95.0,25.601041666666664,55.55833333333334,13,96,0.135
2026-03-26,Office,Lights,0.0886,3.6875,36.0,25.601041666666664,55.55833333333334,6,96,0.062
2026-03-27,Bathroom,Heater,0.856,35.666666666666664,2474.0,25.40625,55.3125,1,96,0.01
2026-03-27,Bathroom,Lights,0.1075,4.479166666666667,38.0,25.40625,55.3125,11,96,0.115
2026-03-27,Bedroom,AC,3.7875,157.8125,1748.0,25.40625,55.3125,7,96,0.073
2026-03-27,Bedroom,Fan,0.3462,14.59375,95.0,25.40625,55.3125,12,96,0.125
2026-03-27,Bedroom,Lights,0.08,3.3229166666666665,35.0,25.40625,55.3125,7,96,0.073
2026-03-27,Kitchen,Heater,2.0609,85.875,2469.0,25.40625,55.3125,4,96,0.042
2026-03-27,Kitchen,Lights,0.0751,3.125,34.0,25.40625,55.3125,6,96,0.062
2026-03-27,Living Room,AC,3.4061,141.91666666666666,1751.0,25.40625,55.3125,7,96,0.073
2026-03-27,Living Room,Fan,0.3882,16.34375,100.0,25.40625,55.3125,15,96,0.156
2026-03-27,Living Room,Lights,0.0856,3.5625,35.0,25.40625,55.3125,8,96,0.083
2026-03-27,Office,AC,3.1106000000000003,129.61458333333334,1666.0,25.40625,55.3125,6,96,0.062
2026-03-27,Office,Fan,0.21889999999999998,9.3125,99.0,25.40625,55.3125,5,96,0.052
2026-03-27,Office,Lights,0.0929,3.875,40.0,25.40625,55.3125,6,96,0.062
2026-03-28,Bathroom,Heater,1.496,62.333333333333336,1860.0,25.702083333333334,55.643750000000004,3,96,0.031
2026-03-28,Bathroom,Lights,0.12,4.989583333333333,35.0,25.702083333333334,55.643750000000004,12,96,0.125
2026-03-28,Bedroom,AC,6.2183,259.09375,1740.0,25.702083333333334,55.643750000000004,15,96,0.156
2026-03-28,Bedroom,Fan,0.3313,13.979166666666666,100.0,25.702083333333334,55.643750000000004,11,96,0.115
2026-03-28,Bedroom,Lights,0.0708,2.9479166666666665,39.0,25.702083333333334,55.643750000000004,3,96,0.031
2026-03-28,Kitchen,Heater,1.2052,50.21875,2225.0,25.702083333333334,55.643750000000004,2,96,0.021
2026-03-28,Kitchen,Lights,0.0898,3.7395833333333335,36.0,25.702083333333334,55.643750000000004,7,96,0.073
2026-03-28,Living Room,AC,4.9278,205.32291666666666,1731.0,25.702083333333334,55.643750000000004,11,96,0.115
2026-03-28,Living Room,Fan,0.27599999999999997,11.6875,97.0,25.702083333333334,55.643750000000004,9,96,0.094
2026-03-28,Living Room,Lights,0.1129,4.697916666666667,36.0,25.702083333333334,55.643750000000004,11,96,0.115
2026-03-28,Office,AC,4.158,173.25,1782.0,25.702083333333334,55.643750000000004,8,96,0.083
2026-03-28,Office,Fan,0.3412,14.385416666666666,98.0,25.702083333333334,55.643750000000004,12,96,0.125
2026-03-28,Office,Lights,0.0936,3.8958333333333335,39.0,25.702083333333334,55.643750000000004,7,96,0.073
2026-03-29,Bathroom,Heater,4.2851,178.54166666666666,2464.0,25.710416666666664,55.134375,7,96,0.073
2026-03-29,Bathroom,Lights,0.077,3.2083333333333335,36.0,25.710416666666664,55.134375,5,96,0.052
2026-03-29,Bedroom,AC,4.8329,201.36458333333334,1678.0,25.710416666666664,55.134375,11,96,0.115
2026-03-29,Bedroom,Fan,0.3586,15.114583333333334,99.0,25.710416666666664,55.134375,12,96,0.125
2026-03-29,Bedroom,Lights,0.1365,5.677083333333333,38.0,25.710416666666664,55.134375,16,96,0.167
2026-03-29,Kitchen,Heater,2.1683,90.34375,2362.0,25.710416666666664,55.134375,4,96,0.042
2026-03-29,Kitchen,Lights,0.0688,2.8645833333333335,34.0,25.710416666666664,55.134375,3,96,0.031
2026-03-29,Living Room,AC,5.2364,218.1875,1763.0,25.710416666666664,55.134375,12,96,0.125
2026-03-29,Living Room,Fan,0.3134,13.239583333333334,93.0,25.710416666666664,55.134375,10,96,0.104
2026-03-29,Living Room,Lights,0.0745,3.1041666666666665,40.0,25.710416666666664,55.134375,5,96,0.052
2026-03-29,Office,AC,3.7741000000000002,157.26041666666666,1788.0,25.710416666666664,55.134375,7,96,0.073
2026-03-29,Office,Fan,0.2367,10.052083333333334,89.0,25.710416666666664,55.134375,7,96,0.073
2026-03-29,Office,Lights,0.0919,3.8229166666666665,36.0,25.710416666666664,55.134375,8,96,0.083
2026-03-30,Bathroom,Heater,2.2445,93.52083333333333,2229.0,25.569791666666664,55.55833333333334,4,96,0.042
2026-03-30,Bathroom,Lights,0.07730000000000001,3.21875,33.0,25.569791666666664,55.55833333333334,6,96,0.062
2026-03-30,Bedroom,AC,3.1856,132.72916666666666,1703.0,25.569791666666664,55.55833333333334,6,96,0.062
2026-03-30,Bedroom,Fan,0.19669999999999999,8.385416666666666,78.0,25.569791666666664,55.55833333333334,5,96,0.052
2026-03-30,Bedroom,Lights,0.0727,3.03125,27.0,25.569791666666664,55.55833333333334,6,96,0.062
2026-03-30,Kitchen,Heater,2.681,111.70833333333333,2258.0,25.569791666666664,55.55833333333334,5,96,0.052
2026-03-30,Kitchen,Lights,0.0829,3.4583333333333335,33.0,25.569791666666664,55.55833333333334,7,96,0.073
2026-03-30,Living Room,AC,4.957,206.54166666666666,1772.0,25.569791666666664,55.55833333333334,11,96,0.115
2026-03-30,Living Room,Fan,0.3055,12.916666666666666,100.0,25.569791666666664,55.55833333333334,10,96,0.104
2026-03-30,Living Room,Lights,0.1055,4.395833333333333,35.0,25.569791666666664,55.55833333333334,10,96,0.104
2026-03-30,Office,AC,3.5388,147.44791666666666,1744.0,25.569791666666664,55.55833333333334,6,96,0.062
2026-03-30,Office,Fan,0.36669999999999997,15.447916666666666,97.0,25.569791666666664,55.55833333333334,14,96,0.146
2026-03-30,Office,Lights,0.1095,4.5625,40.0,25.569791666666664,55.55833333333334,9,96,0.094
2026-03-31,Bathroom,Heater,1.221,50.875,2103.0,25.769791666666666,55.96666666666667,2,96,0.021
2026-03-31,Bathroom,Lights,0.09380000000000001,3.90625,35.0,25.769791666666666,55.96666666666667,8,96,0.083
2026-03-31,Bedroom,AC,3.2575000000000003,135.72916666666666,1772.0,25.769791666666666,55.96666666666667,6,96,0.062
2026-03-31,Bedroom,Fan,0.2133,9.083333333333334,100.0,25.769791666666666,55.96666666666667,5,96,0.052
2026-03-31,Bedroom,Lights,0.095,3.9583333333333335,40.0,25.769791666666666,55.96666666666667,8,96,0.083
2026-03-31,Kitchen,Heater,2.5116,104.65625,2312.0,25.769791666666666,55.96666666666667,5,96,0.052
2026-03-31,Kitchen,Lights,0.1075,4.46875,32.0,25.769791666666666,55.96666666666667,11,96,0.115
2026-03-31,Living Room,AC,4.0985,170.77083333333334,1775.0,25.769791666666666,55.96666666666667,8,96,0.083
2026-03-31,Living Room,Fan,0.2756,11.666666666666666,89.0,25.769791666666666,55.96666666666667,9,96,0.094
2026-03-31,Living Room,Lights,0.0998,4.15625,39.0,25.769791666666666,55.96666666666667,8,96,0.083
2026-03-31,Office,AC,3.1915,132.97916666666666,1614.0,25.769791666666666,55.96666666666667,6,96,0.062
2026-03-31,Office,Fan,0.2764,11.697916666666666,93.0,25.769791666666666,55.96666666666667,9,96,0.094
2026-03-31,Office,Lights,0.103,4.291666666666667,38.0,25.769791666666666,55.96666666666667,8,96,0.083
2026-04-01,Bathroom,Heater,1.245,51.875,2354.0,30.385416666666668,55.800000000000004,2,96,0.021
2026-04-01,Bathroom,Lights,0.0789,3.2916666666666665,34.0,30.385416666666668,55.800000000000004,7,96,0.073
2026-04-01,Bedroom,AC,3.112,129.66666666666666,1613.0,30.385416666666668,55.800000000000004,6,96,0.062
2026-04-01,Bedroom,Fan,0.326,13.760416666666666,99.0,30.385416666666668,55.800000000000004,12,96,0.125
2026-04-01,Bedroom,Lights,0.0868,3.6145833333333335,35.0,30.385416666666668,55.800000000000004,7,96,0.073
2026-04-01,Kitchen,Heater,4.7204,196.67708333333334,2487.0,30.385416666666668,55.800000000000004,9,96,0.094
2026-04-01,Kitchen,Lights,0.069,2.875,28.0,30.385416666666668,55.800000000000004,4,96,0.042
2026-04-01,Living Room,AC,4.1234,171.80208333333334,1743.0,30.385416666666668,55.800000000000004,8,96,0.083
2026-04-01,Living Room,Fan,0.22139999999999999,9.416666666666666,97.0,30.385416666666668,55.800000000000004,6,96,0.062
2026-04-01,Living Room,Lights,0.0908,3.7916666666666665,38.0,30.385416666666668,55.800000000000004,9,96,0.094
2026-04-01,Office,AC,3.5424,147.60416666666666,1678.0,30.385416666666668,55.800000000000004,7,96,0.073
2026-04-01,Office,Fan,0.2802,11.854166666666666,95.0,30.385416666666668,55.800000000000004,9,96,0.094
2026-04-01,Office,Lights,0.1004,4.1875,34.0,30.385416666666668,55.800000000000004,11,96,0.115
2026-04-02,Bathroom,Heater,1.1845,49.354166666666664,2158.0,30.37291666666667,55.13958333333333,2,96,0.021
2026-04-02,Bathroom,Lights,0.072,3.0,32.0,30.37291666666667,55.13958333333333,4,96,0.042
2026-04-02,Bedroom,AC,5.0691,211.21875,1752.0,30.37291666666667,55.13958333333333,12,96,0.125
2026-04-02,Bedroom,Fan,0.4341,18.25,100.0,30.37291666666667,55.13958333333333,17,96,0.177
2026-04-02,Bedroom,Lights,0.0673,2.8020833333333335,40.0,30.37291666666667,55.13958333333333,3,96,0.031
2026-04-02,Kitchen,Heater,2.8364,118.1875,2397.0,30.37291666666667,55.13958333333333,5,96,0.052
2026-04-02,Kitchen,Lights,0.0617,2.5729166666666665,25.0,30.37291666666667,55.13958333333333,3,96,0.031
2026-04-02,Living Room,AC,4.8282,201.17708333333334,1766.0,30.37291666666667,55.13958333333333,10,96,0.104
2026-04-02,Living Room,Fan,0.3867,16.28125,99.0,30.37291666666667,55.13958333333333,13,96,0.135
2026-04-02,Living Room,Lights,0.1002,4.166666666666667,40.0,30.37291666666667,55.13958333333333,8,96,0.083
2026-04-02,Office,AC,6.3432,264.2916666666667,1723.0,30.37291666666667,55.13958333333333,16,96,0.167
2026-04-02,Office,Fan,0.37729999999999997,15.895833333333334,95.0,30.37291666666667,55.13958333333333,14,96,0.146
2026-04-02,Office,Lights,0.0725,3.0208333333333335,25.0,30.37291666666667,55.13958333333333,5,96,0.052
2026-04-03,Bathroom,Heater,0.7583000000000001,31.59375,2083.0,30.413541666666664,55.54583333333333,1,96,0.01
2026-04-03,Bathroom,Lights,0.0933,3.8958333333333335,40.0,30.413541666666664,55.54583333333333,7,96,0.073
2026-04-03,Bedroom,AC,5.4791,228.29166666666666,1656.0,30.413541666666664,55.54583333333333,13,96,0.135
2026-04-03,Bedroom,Fan,0.2678,11.34375,93.0,30.413541666666664,55.54583333333333,8,96,0.083
2026-04-03,Bedroom,Lights,0.1136,4.729166666666667,40.0,30.413541666666664,55.54583333333333,11,96,0.115
2026-04-03,Kitchen,Heater,1.2405,51.6875,2131.0,30.413541666666664,55.54583333333333,2,96,0.021
2026-04-03,Kitchen,Lights,0.0926,3.8541666666666665,38.0,30.413541666666664,55.54583333333333,7,96,0.073
2026-04-03,Living Room,AC,4.6669,194.45833333333334,1709.0,30.413541666666664,55.54583333333333,11,96,0.115
2026-04-03,Living Room,Fan,0.3232,13.645833333333334,100.0,30.413541666666664,55.54583333333333,11,96,0.115
2026-04-03,Living Room,Lights,0.085,3.5416666666666665,40.0,30.413541666666664,55.54583333333333,6,96,0.062
2026-04-03,Office,AC,5.1462,214.41666666666666,1740.0,30.413541666666664,55.54583333333333,12,96,0.125
2026-04-03,Office,Fan,0.3381,14.260416666666666,98.0,30.413541666666664,55.54583333333333,11,96,0.115
2026-04-03,Office,Lights,0.08,3.3333333333333335,37.0,30.413541666666664,55.54583333333333,5,96,0.052
2026-04-04,Bathroom,Heater,1.2866,53.604166666666664,2223.0,30.431250000000002,55.21979166666667,2,96,0.021
2026-04-04,Bathroom,Lights,0.1053,4.385416666666667,40.0,30.431250000000002,55.21979166666667,10,96,0.104
2026-04-04,Bedroom,AC,8.1863,341.09375,1765.0,30.431250000000002,55.21979166666667,21,96,0.219
2026-04-04,Bedroom,Fan,0.4411,18.53125,99.0,30.431250000000002,55.21979166666667,18,96,0.188
2026-04-04,Bedroom,Lights,0.1137,4.739583333333333,38.0,30.431250000000002,55.21979166666667,11,96,0.115
2026-04-04,Kitchen,Heater,2.6492,110.38541666666667,2144.0,30.431250000000002,55.21979166666667,5,96,0.052
2026-04-04,Kitchen,Lights,0.0938,3.9166666666666665,37.0,30.431250000000002,55.21979166666667,7,96,0.073
2026-04-04,Living Room,AC,5.0854,211.89583333333334,1786.0,30.431250000000002,55.21979166666667,12,96,0.125
2026-04-04,Living Room,Fan,0.4497,18.90625,100.0,30.431250000000002,55.21979166666667,18,96,0.188
2026-04-04,Living Room,Lights,0.09040000000000001,3.7604166666666665,36.0,30.431250000000002,55.21979166666667,6,96,0.062
2026-04-04,Office,AC,4.1144,171.4375,1783.0,30.431250000000002,55.21979166666667,8,96,0.083
2026-04-04,Office,Fan,0.3842,16.177083333333332,100.0,30.431250000000002,55.21979166666667,15,96,0.156
2026-04-04,Office,Lights,0.1226,5.104166666666667,37.0,30.431250000000002,55.21979166666667,13,96,0.135
2026-04-05,Bathroom,Heater,2.263,94.29166666666667,2270.0,30.3625,55.449999999999996,4,96,0.042
2026-04-05,Bathroom,Lights,0.0924,3.8541666666666665,40.0,30.3625,55.449999999999996,8,96,0.083
2026-04-05,Bedroom,AC,6.165,256.875,1778.0,30.3625,55.449999999999996,15,96,0.156
2026-04-05,Bedroom,Fan,0.3069,12.96875,100.0,30.3625,55.449999999999996,9,96,0.094
2026-04-05,Bedroom,Lights,0.0888,3.6979166666666665,37.0,30.3625,55.449999999999996,7,96,0.073
2026-04-05,Kitchen,Heater,0.8414999999999999,35.0625,2416.0,30.3625,55.449999999999996,1,96,0.01
2026-04-05,Kitchen,Lights,0.0934,3.8958333333333335,38.0,30.3625,55.449999999999996,7,96,0.073
2026-04-05,Living Room,AC,6.553,273.0416666666667,1787.0,30.3625,55.449999999999996,17,96,0.177
2026-04-05,Living Room,Fan,0.31779999999999997,13.416666666666666,98.0,30.3625,55.449999999999996,12,96,0.125
2026-04-05,Living Room,Lights,0.099,4.125,38.0,30.3625,55.449999999999996,7,96,0.073
2026-04-05,Office,AC,6.0288,251.19791666666666,1752.0,30.3625,55.449999999999996,14,96,0.146
2026-04-05,Office,Fan,0.3412,14.395833333333334,97.0,30.3625,55.449999999999996,12,96,0.125
2026-04-05,Office,Lights,0.1004,4.1875,38.0,30.3625,55.449999999999996,8,96,0.083
2026-04-06,Bathroom,Heater,1.1593,48.302083333333336,2075.0,30.528125,55.85520833333334,2,96,0.021
2026-04-06,Bathroom,Lights,0.0815,3.3958333333333335,40.0,30.528125,55.85520833333334,5,96,0.052
2026-04-06,Bedroom,AC,3.1779,132.41666666666666,1558.0,30.528125,55.85520833333334,6,96,0.062
2026-04-06,Bedroom,Fan,0.4349,18.291666666666668,97.0,30.528125,55.85520833333334,17,96,0.177
2026-04-06,Bedroom,Lights,0.0916,3.8229166666666665,37.0,30.528125,55.85520833333334,8,96,0.083
2026-04-06,Kitchen,Heater,2.5602,106.67708333333333,2127.0,30.528125,55.85520833333334,5,96,0.052
2026-04-06,Kitchen,Lights,0.0871,3.625,40.0,30.528125,55.85520833333334,8,96,0.083
2026-04-06,Living Room,AC,4.6052,191.88541666666666,1608.0,30.528125,55.85520833333334,10,96,0.104
2026-04-06,Living Room,Fan,0.25529999999999997,10.822916666666666,100.0,30.528125,55.85520833333334,8,96,0.083
2026-04-06,Living Room,Lights,0.08600000000000001,3.5833333333333335,37.0,30.528125,55.85520833333334,6,96,0.062
2026-04-06,Office,AC,5.3722,223.84375,1792.0,30.528125,55.85520833333334,12,96,0.125
2026-04-06,Office,Fan,0.3513,14.8125,100.0,30.528125,55.85520833333334,13,96,0.135
2026-04-06,Office,Lights,0.075,3.125,33.0,30.528125,55.85520833333334,5,96,0.052
2026-04-07,Bathroom,Heater,2.3103,96.26041666666667,2207.0,30.473958333333332,55.223958333333336,4,96,0.042
2026-04-07,Bathroom,Lights,0.059,2.4583333333333335,25.0,30.473958333333332,55.223958333333336,2,96,0.021
2026-04-07,Bedroom,AC,5.2792,219.96875,1637.0,30.473958333333332,55.223958333333336,13,96,0.135
2026-04-07,Bedroom,Fan,0.304,12.84375,98.0,30.473958333333332,55.223958333333336,10,96,0.104
2026-04-07,Bedroom,Lights,0.1028,4.28125,36.0,30.473958333333332,55.223958333333336,11,96,0.115
2026-04-07,Kitchen,Heater,2.2976,95.72916666666667,2277.0,30.473958333333332,55.223958333333336,4,96,0.042
2026-04-07,Kitchen,Lights,0.1013,4.21875,39.0,30.473958333333332,55.223958333333336,8,96,0.083
2026-04-07,Living Room,AC,3.7673,156.96875,1548.0,30.473958333333332,55.223958333333336,8,96,0.083
2026-04-07,Living Room,Fan,0.3236,13.65625,95.0,30.473958333333332,55.223958333333336,11,96,0.115
2026-04-07,Living Room,Lights,0.073,3.0416666666666665,37.0,30.473958333333332,55.223958333333336,4,96,0.042
2026-04-07,Office,AC,5.2229,217.625,1789.0,30.473958333333332,55.223958333333336,12,96,0.125
2026-04-07,Office,Fan,0.4386,18.4375,99.0,30.473958333333332,55.223958333333336,17,96,0.177
2026-04-07,Office,Lights,0.073,3.0416666666666665,33.0,30.473958333333332,55.223958333333336,5,96,0.052
2026-04-08,Bathroom,Heater,2.3304,97.10416666666667,2381.0,30.557291666666668,55.70208333333333,4,96,0.042
2026-04-08,Bathroom,Lights,0.0707,2.9479166666666665,33.0,30.557291666666668,55.70208333333333,5,96,0.052
2026-04-08,Bedroom,AC,6.4808,270.0416666666667,1749.0,30.557291666666668,55.70208333333333,17,96,0.177
2026-04-08,Bedroom,Fan,0.409,17.208333333333332,100.0,30.557291666666668,55.70208333333333,16,96,0.167
2026-04-08,Bedroom,Lights,0.11549999999999999,4.802083333333333,40.0,30.557291666666668,55.70208333333333,11,96,0.115
2026-04-08,Kitchen,Heater,3.3240000000000003,138.5,2204.0,30.557291666666668,55.70208333333333,6,96,0.062
2026-04-08,Kitchen,Lights,0.0994,4.135416666666667,38.0,30.557291666666668,55.70208333333333,9,96,0.094
2026-04-08,Living Room,AC,3.9069000000000003,162.79166666666666,1540.0,30.557291666666668,55.70208333333333,9,96,0.094
2026-04-08,Living Room,Fan,0.3102,13.104166666666666,99.0,30.557291666666668,55.70208333333333,10,96,0.104
2026-04-08,Living Room,Lights,0.0858,3.5729166666666665,36.0,30.557291666666668,55.70208333333333,8,96,0.083
2026-04-08,Office,AC,5.2049,216.86458333333334,1793.0,30.557291666666668,55.70208333333333,12,96,0.125
2026-04-08,Office,Fan,0.3735,15.739583333333334,100.0,30.557291666666668,55.70208333333333,13,96,0.135
2026-04-08,Office,Lights,0.1137,4.739583333333333,38.0,30.557291666666668,55.70208333333333,10,96,0.104
2026-04-09,Bathroom,Heater,1.733,72.20833333333333,2282.0,30.70625,55.62708333333333,3,96,0.031
2026-04-09,Bathroom,Lights,0.081,3.375,38.0,30.70625,55.62708333333333,5,96,0.052
2026-04-09,Bedroom,AC,6.6528,277.1979166666667,1779.0,30.70625,55.62708333333333,17,96,0.177
2026-04-09,Bedroom,Fan,0.34959999999999997,14.739583333333334,99.0,30.70625,55.62708333333333,13,96,0.135
2026-04-09,Bedroom,Lights,0.0871,3.625,37.0,30.70625,55.62708333333333,7,96,0.073
2026-04-09,Kitchen,Heater,1.4136,58.895833333333336,2361.0,30.70625,55.62708333333333,2,96,0.021
2026-04-09,Kitchen,Lights,0.1101,4.59375,40.0,30.70625,55.62708333333333,9,96,0.094
2026-04-09,Living Room,AC,5.4459,226.90625,1692.0,30.70625,55.62708333333333,14,96,0.146
2026-04-09,Living Room,Fan,0.2857,12.09375,97.0,30.70625,55.62708333333333,9,96,0.094
2026-04-09,Living Room,Lights,0.0771,3.2083333333333335,32.0,30.70625,55.62708333333333,5,96,0.052
2026-04-09,Office,AC,5.0479,210.33333333333334,1645.0,30.70625,55.62708333333333,12,96,0.125
2026-04-09,Office,Fan,0.3403,14.34375,98.0,30.70625,55.62708333333333,12,96,0.125
2026-04-09,Office,Lights,0.0886,3.6875,35.0,30.70625,55.62708333333333,7,96,0.073
2026-04-10,Bathroom,Heater,2.2342,93.09375,2214.0,30.365624999999998,55.518750000000004,4,96,0.042
2026-04-10,Bathroom,Lights,0.088,3.6666666666666665,40.0,30.365624999999998,55.518750000000004,6,96,0.062
2026-04-10,Bedroom,AC,3.5819,149.25,1727.0,30.365624999999998,55.518750000000004,7,96,0.073
2026-04-10,Bedroom,Fan,0.3219,13.583333333333334,98.0,30.365624999999998,55.518750000000004,11,96,0.115
2026-04-10,Bedroom,Lights,0.0662,2.7604166666666665,38.0,30.365624999999998,55.518750000000004,3,96,0.031
2026-04-10,Kitchen,Heater,1.1276,46.979166666666664,1919.0,30.365624999999998,55.518750000000004,2,96,0.021
2026-04-10,Kitchen,Lights,0.0913,3.8020833333333335,37.0,30.365624999999998,55.518750000000004,7,96,0.073
2026-04-10,Living Room,AC,5.0479,210.33333333333334,1737.0,30.365624999999998,55.518750000000004,11,96,0.115
2026-04-10,Living Room,Fan,0.36,15.177083333333334,99.0,30.365624999999998,55.518750000000004,13,96,0.135
2026-04-10,Living Room,Lights,0.1227,5.104166666666667,39.0,30.365624999999998,55.518750000000004,14,96,0.146
2026-04-10,Office,AC,5.0548,210.625,1796.0,30.365624999999998,55.518750000000004,11,96,0.115
2026-04-10,Office,Fan,0.3647,15.364583333333334,100.0,30.365624999999998,55.518750000000004,13,96,0.135
2026-04-10,Office,Lights,0.0907,3.78125,37.0,30.365624999999998,55.518750000000004,7,96,0.073
2026-04-11,Bathroom,Heater,1.256,52.333333333333336,2417.0,30.519791666666666,55.63333333333333,2,96,0.021
2026-04-11,Bathroom,Lights,0.1106,4.604166666666667,40.0,30.519791666666666,55.63333333333333,9,96,0.094
2026-04-11,Bedroom,AC,4.3887,182.86458333333334,1775.0,30.519791666666666,55.63333333333333,9,96,0.094
2026-04-11,Bedroom,Fan,0.37,15.59375,100.0,30.519791666666666,55.63333333333333,14,96,0.146
2026-04-11,Bedroom,Lights,0.0782,3.25,35.0,30.519791666666666,55.63333333333333,7,96,0.073
2026-04-11,Kitchen,Heater,0.8464999999999999,35.270833333333336,2436.0,30.519791666666666,55.63333333333333,1,96,0.01
2026-04-11,Kitchen,Lights,0.0959,4.0,34.0,30.519791666666666,55.63333333333333,9,96,0.094
2026-04-11,Living Room,AC,5.9046,246.02083333333334,1737.0,30.519791666666666,55.63333333333333,14,96,0.146
2026-04-11,Living Room,Fan,0.3533,14.895833333333334,98.0,30.519791666666666,55.63333333333333,13,96,0.135
2026-04-11,Living Room,Lights,0.0846,3.5208333333333335,39.0,30.519791666666666,55.63333333333333,7,96,0.073
2026-04-11,Office,AC,6.2753,261.4791666666667,1800.0,30.519791666666666,55.63333333333333,14,96,0.146
2026-04-11,Office,Fan,0.3106,13.114583333333334,99.0,30.519791666666666,55.63333333333333,10,96,0.104
2026-04-11,Office,Lights,0.0981,4.083333333333333,37.0,30.519791666666666,55.63333333333333,8,96,0.083
2026-04-12,Bathroom,Heater,1.2770000000000001,53.208333333333336,2325.0,30.43958333333333,55.984375,2,96,0.021
2026-04-12,Bathroom,Lights,0.1056,4.395833333333333,40.0,30.43958333333333,55.984375,10,96,0.104
2026-04-12,Bedroom,AC,7.0222999999999995,292.5833333333333,1745.0,30.43958333333333,55.984375,17,96,0.177
2026-04-12,Bedroom,Fan,0.3624,15.28125,97.0,30.43958333333333,55.984375,13,96,0.135
2026-04-12,Bedroom,Lights,0.0925,3.8541666666666665,32.0,30.43958333333333,55.984375,8,96,0.083
2026-04-12,Kitchen,Heater,1.2683,52.84375,2110.0,30.43958333333333,55.984375,2,96,0.021
2026-04-12,Kitchen,Lights,0.0756,3.1458333333333335,26.0,30.43958333333333,55.984375,7,96,0.073
2026-04-12,Living Room,AC,6.2771,261.5416666666667,1771.0,30.43958333333333,55.984375,14,96,0.146
2026-04-12,Living Room,Fan,0.3731,15.71875,100.0,30.43958333333333,55.984375,14,96,0.146
2026-04-12,Living Room,Lights,0.0879,3.6666666666666665,40.0,30.43958333333333,55.984375,7,96,0.073
2026-04-12,Office,AC,6.9253,288.5520833333333,1733.0,30.43958333333333,55.984375,18,96,0.188
2026-04-12,Office,Fan,0.2668,11.291666666666666,99.0,30.43958333333333,55.984375,8,96,0.083
2026-04-12,Office,Lights,0.1241,5.177083333333333,39.0,30.43958333333333,55.984375,11,96,0.115
2026-04-13,Bathroom,Heater,0.706,29.416666666666668,1874.0,30.45,55.786458333333336,1,96,0.01
2026-04-13,Bathroom,Lights,0.0842,3.5,40.0,30.45,55.786458333333336,8,96,0.083
2026-04-13,Bedroom,AC,6.2174000000000005,259.0625,1782.0,30.45,55.786458333333336,14,96,0.146
2026-04-13,Bedroom,Fan,0.24029999999999999,10.197916666666666,98.0,30.45,55.786458333333336,7,96,0.073
2026-04-13,Bedroom,Lights,0.1035,4.3125,39.0,30.45,55.786458333333336,9,96,0.094
2026-04-13,Kitchen,Heater,0.8506999999999999,35.447916666666664,2453.0,30.45,55.786458333333336,1,96,0.01
2026-04-13,Kitchen,Lights,0.0889,3.7083333333333335,40.0,30.45,55.786458333333336,7,96,0.073
2026-04-13,Living Room,AC,2.7559,114.82291666666667,1763.0,30.45,55.786458333333336,4,96,0.042
2026-04-13,Living Room,Fan,0.2747,11.625,82.0,30.45,55.786458333333336,9,96,0.094
2026-04-13,Living Room,Lights,0.0834,3.4791666666666665,40.0,30.45,55.786458333333336,5,96,0.052
2026-04-13,Office,AC,4.2018,175.07291666666666,1780.0,30.45,55.786458333333336,8,96,0.083
2026-04-13,Office,Fan,0.3592,15.135416666666666,97.0,30.45,55.786458333333336,12,96,0.125
2026-04-13,Office,Lights,0.0663,2.7604166666666665,39.0,30.45,55.786458333333336,3,96,0.031
2026-04-14,Bathroom,Heater,1.246,51.916666666666664,2078.0,30.496875,55.52395833333333,2,96,0.021
2026-04-14,Bathroom,Lights,0.0846,3.5208333333333335,39.0,30.496875,55.52395833333333,6,96,0.062
2026-04-14,Bedroom,AC,6.0949,253.95833333333334,1694.0,30.496875,55.52395833333333,15,96,0.156
2026-04-14,Bedroom,Fan,0.2715,11.489583333333334,98.0,30.496875,55.52395833333333,9,96,0.094
2026-04-14,Bedroom,Lights,0.0848,3.53125,37.0,30.496875,55.52395833333333,8,96,0.083
2026-04-14,Kitchen,Heater,2.149,89.54166666666667,2123.0,30.496875,55.52395833333333,4,96,0.042
2026-04-14,Kitchen,Lights,0.0988,4.114583333333333,32.0,30.496875,55.52395833333333,10,96,0.104
2026-04-14,Living Room,AC,5.3906,224.60416666666666,1714.0,30.496875,55.52395833333333,12,96,0.125
2026-04-14,Living Room,Fan,0.2862,12.104166666666666,96.0,30.496875,55.52395833333333,9,96,0.094
2026-04-14,Living Room,Lights,0.07100000000000001,2.9583333333333335,33.0,30.496875,55.52395833333333,5,96,0.052
2026-04-14,Office,AC,2.5402,105.84375,1727.0,30.496875,55.52395833333333,4,96,0.042
2026-04-14,Office,Fan,0.4281,18.0,100.0,30.496875,55.52395833333333,17,96,0.177
2026-04-14,Office,Lights,0.0728,3.03125,38.0,30.496875,55.52395833333333,4,96,0.042
2026-04-15,Bathroom,Heater,2.1607,90.03125,2190.0,30.400000000000002,55.26458333333333,4,96,0.042
2026-04-15,Bathroom,Lights,0.0745,3.1041666666666665,36.0,30.400000000000002,55.26458333333333,5,96,0.052
2026-04-15,Bedroom,AC,5.5188,229.94791666666666,1772.0,30.400000000000002,55.26458333333333,11,96,0.115
2026-04-15,Bedroom,Fan,0.3126,13.208333333333334,98.0,30.400000000000002,55.26458333333333,10,96,0.104
2026-04-15,Bedroom,Lights,0.1295,5.395833333333333,39.0,30.400000000000002,55.26458333333333,12,96,0.125
2026-04-15,Kitchen,Heater,1.6125,67.1875,2297.0,30.400000000000002,55.26458333333333,3,96,0.031
2026-04-15,Kitchen,Lights,0.08889999999999999,3.6979166666666665,36.0,30.400000000000002,55.26458333333333,8,96,0.083
2026-04-15,Living Room,AC,4.6544,193.9375,1718.0,30.400000000000002,55.26458333333333,10,96,0.104
2026-04-15,Living Room,Fan,0.37,15.583333333333334,99.0,30.400000000000002,55.26458333333333,14,96,0.146
2026-04-15,Living Room,Lights,0.0787,3.28125,36.0,30.400000000000002,55.26458333333333,5,96,0.052
2026-04-15,Office,AC,4.1473,172.80208333333334,1740.0,30.400000000000002,55.26458333333333,8,96,0.083
2026-04-15,Office,Fan,0.27349999999999997,11.572916666666666,93.0,30.400000000000002,55.26458333333333,9,96,0.094
2026-04-15,Office,Lights,0.0942,3.9166666666666665,38.0,30.400000000000002,55.26458333333333,8,96,0.083
2026-04-16,Bathroom,Heater,3.1988,133.29166666666666,2417.0,30.490624999999998,55.598958333333336,6,96,0.062
2026-04-16,Bathroom,Lights,0.1125,4.6875,38.0,30.490624999999998,55.598958333333336,12,96,0.125
2026-04-16,Bedroom,AC,4.756,198.16666666666666,1746.0,30.490624999999998,55.598958333333336,10,96,0.104
2026-04-16,Bedroom,Fan,0.3091,13.0625,100.0,30.490624999999998,55.598958333333336,10,96,0.104
2026-04-16,Bedroom,Lights,0.0885,3.6875,35.0,30.490624999999998,55.598958333333336,8,96,0.083
2026-04-16,Kitchen,Heater,1.1455,47.729166666666664,2104.0,30.490624999999998,55.598958333333336,2,96,0.021
2026-04-16,Kitchen,Lights,0.0714,2.96875,39.0,30.490624999999998,55.598958333333336,4,96,0.042
2026-04-16,Living Room,AC,4.4507,185.44791666666666,1728.0,30.490624999999998,55.598958333333336,10,96,0.104
2026-04-16,Living Room,Fan,0.2347,9.96875,98.0,30.490624999999998,55.598958333333336,6,96,0.062
2026-04-16,Living Room,Lights,0.0898,3.7395833333333335,40.0,30.490624999999998,55.598958333333336,6,96,0.062
2026-04-16,Office,AC,4.9465,206.10416666666666,1772.0,30.490624999999998,55.598958333333336,10,96,0.104
2026-04-16,Office,Fan,0.2713,11.489583333333334,100.0,30.490624999999998,55.598958333333336,8,96,0.083
2026-04-16,Office,Lights,0.0687,2.8645833333333335,24.0,30.490624999999998,55.598958333333336,5,96,0.052
2026-04-17,Bathroom,Heater,0.6955,28.979166666666668,1832.0,30.585416666666664,55.463541666666664,1,96,0.01
2026-04-17,Bathroom,Lights,0.07,2.9166666666666665,35.0,30.585416666666664,55.463541666666664,5,96,0.052
2026-04-17,Bedroom,AC,4.566,190.25,1574.0,30.585416666666664,55.463541666666664,10,96,0.104
2026-04-17,Bedroom,Fan,0.2838,12.0,91.0,30.585416666666664,55.463541666666664,9,96,0.094
2026-04-17,Bedroom,Lights,0.0905,3.7708333333333335,40.0,30.585416666666664,55.463541666666664,7,96,0.073
2026-04-17,Kitchen,Heater,2.7215,113.39583333333333,2172.0,30.585416666666664,55.463541666666664,5,96,0.052
2026-04-17,Kitchen,Lights,0.0906,3.7708333333333335,39.0,30.585416666666664,55.463541666666664,8,96,0.083
2026-04-17,Living Room,AC,6.3411,264.2083333333333,1789.0,30.585416666666664,55.463541666666664,14,96,0.146
2026-04-17,Living Room,Fan,0.2744,11.614583333333334,99.0,30.585416666666664,55.463541666666664,8,96,0.083
2026-04-17,Living Room,Lights,0.0975,4.0625,35.0,30.585416666666664,55.463541666666664,9,96,0.094
2026-04-17,Office,AC,4.3849,182.70833333333334,1776.0,30.585416666666664,55.463541666666664,9,96,0.094
2026-04-17,Office,Fan,0.3781,15.916666666666666,99.0,30.585416666666664,55.463541666666664,14,96,0.146
2026-04-17,Office,Lights,0.1036,4.3125,38.0,30.585416666666664,55.463541666666664,9,96,0.094
2026-04-18,Bathroom,Heater,3.0786,128.27083333333334,2427.0,30.34583333333333,55.29895833333333,6,96,0.062
2026-04-18,Bathroom,Lights,0.11069999999999999,4.604166666666667,40.0,30.34583333333333,55.29895833333333,8,96,0.083
2026-04-18,Bedroom,AC,5.5867,232.78125,1735.0,30.34583333333333,55.29895833333333,13,96,0.135
2026-04-18,Bedroom,Fan,0.2913,12.322916666666666,98.0,30.34583333333333,55.29895833333333,9,96,0.094
2026-04-18,Bedroom,Lights,0.1013,4.21875,38.0,30.34583333333333,55.29895833333333,10,96,0.104
2026-04-18,Kitchen,Heater,2.4118,100.48958333333333,2309.0,30.34583333333333,55.29895833333333,4,96,0.042
2026-04-18,Kitchen,Lights,0.118,4.927083333333333,40.0,30.34583333333333,55.29895833333333,11,96,0.115
2026-04-18,Living Room,AC,7.0747,294.7708333333333,1648.0,30.34583333333333,55.29895833333333,19,96,0.198
2026-04-18,Living Room,Fan,0.32989999999999997,13.916666666666666,100.0,30.34583333333333,55.29895833333333,11,96,0.115
2026-04-18,Living Room,Lights,0.0711,2.9583333333333335,35.0,30.34583333333333,55.29895833333333,5,96,0.052
2026-04-18,Office,AC,5.4361,226.5,1722.0,30.34583333333333,55.29895833333333,13,96,0.135
2026-04-18,Office,Fan,0.4004,16.854166666666668,100.0,30.34583333333333,55.29895833333333,15,96,0.156
2026-04-18,Office,Lights,0.1,4.166666666666667,34.0,30.34583333333333,55.29895833333333,11,96,0.115
2026-04-19,Bathroom,Heater,1.086,45.25,1841.0,30.53125,54.96770833333333,2,96,0.021
2026-04-19,Bathroom,Lights,0.1008,4.197916666666667,39.0,30.53125,54.96770833333333,8,96,0.083
2026-04-19,Bedroom,AC,6.4178,267.4166666666667,1788.0,30.53125,54.96770833333333,15,96,0.156
2026-04-19,Bedroom,Fan,0.2804,11.864583333333334,95.0,30.53125,54.96770833333333,9,96,0.094
2026-04-19,Bedroom,Lights,0.0805,3.3541666666666665,33.0,30.53125,54.96770833333333,5,96,0.052
2026-04-19,Kitchen,Heater,2.4759,103.15625,2467.0,30.53125,54.96770833333333,4,96,0.042
2026-04-19,Kitchen,Lights,0.0775,3.2291666666666665,39.0,30.53125,54.96770833333333,5,96,0.052
2026-04-19,Living Room,AC,6.0398000000000005,251.65625,1793.0,30.53125,54.96770833333333,13,96,0.135
2026-04-19,Living Room,Fan,0.3149,13.302083333333334,97.0,30.53125,54.96770833333333,11,96,0.115
2026-04-19,Living Room,Lights,0.0716,2.9791666666666665,38.0,30.53125,54.96770833333333,4,96,0.042
2026-04-19,Office,AC,4.4938,187.23958333333334,1699.0,30.53125,54.96770833333333,9,96,0.094
2026-04-19,Office,Fan,0.3202,13.520833333333334,94.0,30.53125,54.96770833333333,11,96,0.115
2026-04-19,Office,Lights,0.09670000000000001,4.020833333333333,39.0,30.53125,54.96770833333333,10,96,0.104
2026-04-20,Bathroom,Heater,1.8338,76.40625,2365.0,30.579166666666666,56.041666666666664,3,96,0.031
2026-04-20,Bathroom,Lights,0.0703,2.9270833333333335,38.0,30.579166666666666,56.041666666666664,4,96,0.042
2026-04-20,Bedroom,AC,3.5380000000000003,147.41666666666666,1726.0,30.579166666666666,56.041666666666664,7,96,0.073
2026-04-20,Bedroom,Fan,0.2608,11.052083333333334,95.0,30.579166666666666,56.041666666666664,8,96,0.083
2026-04-20,Bedroom,Lights,0.0687,2.8645833333333335,36.0,30.579166666666666,56.041666666666664,4,96,0.042
2026-04-20,Kitchen,Heater,2.4587,102.44791666666667,2130.0,30.579166666666666,56.041666666666664,5,96,0.052
2026-04-20,Kitchen,Lights,0.1063,4.427083333333333,40.0,30.579166666666666,56.041666666666664,9,96,0.094
2026-04-20,Living Room,AC,6.5645,273.5208333333333,1795.0,30.579166666666666,56.041666666666664,15,96,0.156
2026-04-20,Living Room,Fan,0.21439999999999998,9.125,92.0,30.579166666666666,56.041666666666664,5,96,0.052
2026-04-20,Living Room,Lights,0.1029,4.291666666666667,40.0,30.579166666666666,56.041666666666664,8,96,0.083
2026-04-20,Office,AC,4.3548,181.44791666666666,1780.0,30.579166666666666,56.041666666666664,9,96,0.094
2026-04-20,Office,Fan,0.369,15.552083333333334,99.0,30.579166666666666,56.041666666666664,13,96,0.135
2026-04-20,Office,Lights,0.1079,4.5,34.0,30.579166666666666,56.041666666666664,11,96,0.115
2026-04-21,Bathroom,Heater,3.5265,146.9375,2145.0,30.381249999999998,55.34479166666667,7,96,0.073
2026-04-21,Bathroom,Lights,0.0857,3.5729166666666665,39.0,30.381249999999998,55.34479166666667,8,96,0.083
2026-04-21,Bedroom,AC,3.7398000000000002,155.82291666666666,1789.0,30.381249999999998,55.34479166666667,8,96,0.083
2026-04-21,Bedroom,Fan,0.4202,17.6875,95.0,30.381249999999998,55.34479166666667,16,96,0.167
2026-04-21,Bedroom,Lights,0.1173,4.885416666666667,40.0,30.381249999999998,55.34479166666667,10,96,0.104
2026-04-21,Kitchen,Heater,1.5585,64.9375,1965.0,30.381249999999998,55.34479166666667,3,96,0.031
2026-04-21,Kitchen,Lights,0.09709999999999999,4.041666666666667,35.0,30.381249999999998,55.34479166666667,11,96,0.115
2026-04-21,Living Room,AC,4.0214,167.5625,1764.0,30.381249999999998,55.34479166666667,8,96,0.083
2026-04-21,Living Room,Fan,0.3932,16.5625,98.0,30.381249999999998,55.34479166666667,14,96,0.146
2026-04-21,Living Room,Lights,0.0648,2.6979166666666665,25.0,30.381249999999998,55.34479166666667,5,96,0.052
2026-04-21,Office,AC,4.9238,205.15625,1743.0,30.381249999999998,55.34479166666667,11,96,0.115
2026-04-21,Office,Fan,0.2467,10.458333333333334,99.0,30.381249999999998,55.34479166666667,7,96,0.073
2026-04-21,Office,Lights,0.075,3.125,30.0,30.381249999999998,55.34479166666667,5,96,0.052
2026-04-22,Bathroom,Heater,2.2822,95.09375,2101.0,30.633333333333336,55.171875,4,96,0.042
2026-04-22,Bathroom,Lights,0.106,4.416666666666667,39.0,30.633333333333336,55.171875,9,96,0.094
2026-04-22,Bedroom,AC,5.0409,210.04166666666666,1770.0,30.633333333333336,55.171875,11,96,0.115
2026-04-22,Bedroom,Fan,0.3503,14.770833333333334,96.0,30.633333333333336,55.171875,12,96,0.125
2026-04-22,Bedroom,Lights,0.0874,3.6458333333333335,38.0,30.633333333333336,55.171875,7,96,0.073
2026-04-22,Kitchen,Heater,1.264,52.666666666666664,2243.0,30.633333333333336,55.171875,2,96,0.021
2026-04-22,Kitchen,Lights,0.0859,3.5729166666666665,38.0,30.633333333333336,55.171875,6,96,0.062
2026-04-22,Living Room,AC,4.7044,196.02083333333334,1785.0,30.633333333333336,55.171875,10,96,0.104
2026-04-22,Living Room,Fan,0.294,12.427083333333334,88.0,30.633333333333336,55.171875,10,96,0.104
2026-04-22,Living Room,Lights,0.1067,4.447916666666667,40.0,30.633333333333336,55.171875,8,96,0.083
2026-04-22,Office,AC,4.546,189.41666666666666,1773.0,30.633333333333336,55.171875,10,96,0.104
2026-04-22,Office,Fan,0.3532,14.885416666666666,100.0,30.633333333333336,55.171875,13,96,0.135
2026-04-22,Office,Lights,0.0723,3.0104166666666665,28.0,30.633333333333336,55.171875,5,96,0.052
2026-04-23,Bathroom,Heater,1.7185,71.60416666666667,2429.0,30.745833333333334,55.309374999999996,3,96,0.031
2026-04-23,Bathroom,Lights,0.079,3.2916666666666665,38.0,30.745833333333334,55.309374999999996,5,96,0.052
2026-04-23,Bedroom,AC,5.4613000000000005,227.55208333333334,1772.0,30.745833333333334,55.309374999999996,12,96,0.125
2026-04-23,Bedroom,Fan,0.3312,13.979166666666666,100.0,30.745833333333334,55.309374999999996,11,96,0.115
2026-04-23,Bedroom,Lights,0.1106,4.604166666666667,37.0,30.745833333333334,55.309374999999996,12,96,0.125
2026-04-23,Kitchen,Heater,0.6463,26.927083333333332,1635.0,30.745833333333334,55.309374999999996,1,96,0.01
2026-04-23,Kitchen,Lights,0.0795,3.3125,32.0,30.745833333333334,55.309374999999996,5,96,0.052
2026-04-23,Living Room,AC,3.5525,148.02083333333334,1770.0,30.745833333333334,55.309374999999996,7,96,0.073
2026-04-23,Living Room,Fan,0.34309999999999996,14.46875,99.0,30.745833333333334,55.309374999999996,12,96,0.125
2026-04-23,Living Room,Lights,0.0729,3.0416666666666665,37.0,30.745833333333334,55.309374999999996,4,96,0.042
2026-04-23,Office,AC,5.6809,236.69791666666666,1693.0,30.745833333333334,55.309374999999996,13,96,0.135
2026-04-23,Office,Fan,0.3458,14.583333333333334,99.0,30.745833333333334,55.309374999999996,12,96,0.125
2026-04-23,Office,Lights,0.1031,4.302083333333333,37.0,30.745833333333334,55.309374999999996,10,96,0.104
2026-04-24,Bathroom,Heater,1.2355,51.479166666666664,2354.0,30.54479166666667,55.49166666666667,2,96,0.021
2026-04-24,Bathroom,Lights,0.086,3.5833333333333335,37.0,30.54479166666667,55.49166666666667,6,96,0.062
2026-04-24,Bedroom,AC,5.0659,211.08333333333334,1685.0,30.54479166666667,55.49166666666667,12,96,0.125
2026-04-24,Bedroom,Fan,0.395,16.625,98.0,30.54479166666667,55.49166666666667,15,96,0.156
2026-04-24,Bedroom,Lights,0.06570000000000001,2.7395833333333335,35.0,30.54479166666667,55.49166666666667,3,96,0.031
2026-04-24,Kitchen,Heater,1.579,65.79166666666667,2193.0,30.54479166666667,55.49166666666667,3,96,0.031
2026-04-24,Kitchen,Lights,0.054400000000000004,2.2708333333333335,17.0,30.54479166666667,55.49166666666667,2,96,0.021
2026-04-24,Living Room,AC,4.8649,202.70833333333334,1766.0,30.54479166666667,55.49166666666667,11,96,0.115
2026-04-24,Living Room,Fan,0.3097,13.083333333333334,98.0,30.54479166666667,55.49166666666667,10,96,0.104
2026-04-24,Living Room,Lights,0.0862,3.59375,40.0,30.54479166666667,55.49166666666667,6,96,0.062
2026-04-24,Office,AC,4.5635,190.14583333333334,1672.0,30.54479166666667,55.49166666666667,10,96,0.104
2026-04-24,Office,Fan,0.421,17.697916666666668,98.0,30.54479166666667,55.49166666666667,16,96,0.167
2026-04-24,Office,Lights,0.0791,3.3020833333333335,33.0,30.54479166666667,55.49166666666667,6,96,0.062
2026-04-25,Bathroom,Heater,2.6653000000000002,148.06944444444446,2462.0,31.720833333333335,53.51111111111111,5,72,0.069
2026-04-25,Bathroom,Lights,0.0443,2.4583333333333335,35.0,31.720833333333335,53.51111111111111,1,72,0.014
2026-04-25,Bedroom,AC,5.0562000000000005,280.90277777777777,1778.0,31.720833333333335,53.51111111111111,12,72,0.167
2026-04-25,Bedroom,Fan,0.22879999999999998,12.88888888888889,100.0,31.720833333333335,53.51111111111111,8,72,0.111
2026-04-25,Bedroom,Lights,0.0819,4.555555555555555,38.0,31.720833333333335,53.51111111111111,6,72,0.083
2026-04-25,Kitchen,Heater,1.477,82.05555555555556,2047.0,31.720833333333335,53.51111111111111,3,72,0.042
2026-04-25,Kitchen,Lights,0.0405,2.25,20.0,31.720833333333335,53.51111111111111,1,72,0.014
2026-04-25,Living Room,AC,3.8855,215.86111111111111,1739.0,31.720833333333335,53.51111111111111,9,72,0.125
2026-04-25,Living Room,Fan,0.26949999999999996,15.152777777777779,98.0,31.720833333333335,53.51111111111111,9,72,0.125
2026-04-25,Living Room,Lights,0.0505,2.8055555555555554,34.0,31.720833333333335,53.51111111111111,2,72,0.028
2026-04-25,Office,AC,3.4628,192.38888888888889,1561.0,31.720833333333335,53.51111111111111,8,72,0.111
2026-04-25,Office,Fan,0.2767,15.555555555555555,98.0,31.720833333333335,53.51111111111111,10,72,0.139
2026-04-25,Office,Lights,0.0468,2.5972222222222223,31.0,31.720833333333335,53.51111111111111,2,72,0.028
